[2026-09-30T03:06:17.940+0000] {processor.py:161} INFO - Started process (PID=174) to work on /opt/airflow/dags/dag_market_eod.py
[2026-09-30T03:06:17.941+0000] {processor.py:830} INFO - Processing file /opt/airflow/dags/dag_market_eod.py for tasks to queue
[2026-09-30T03:06:17.942+0000] {logging_mixin.py:188} INFO - [2026-09-30T03:06:17.942+0000] {dagbag.py:545} INFO - Filling up the DagBag from /opt/airflow/dags/dag_market_eod.py
[2026-09-30T03:06:17.946+0000] {logging_mixin.py:188} INFO - [2026-09-30T03:06:17.945+0000] {dagbag.py:355} ERROR - Failed to import: /opt/airflow/dags/dag_market_eod.py
Traceback (most recent call last):
  File "/home/airflow/.local/lib/python3.11/site-packages/airflow/models/dagbag.py", line 351, in parse
    loader.exec_module(new_module)
  File "<frozen importlib._bootstrap_external>", line 940, in exec_module
  File "<frozen importlib._bootstrap>", line 241, in _call_with_frames_removed
  File "/opt/airflow/dags/dag_market_eod.py", line 9, in <module>
    from src.extractors.market_data import fetch_and_store_market_data
  File "/opt/airflow/src/extractors/market_data.py", line 7, in <module>
    import yfinance as yf
ModuleNotFoundError: No module named 'yfinance'
[2026-09-30T03:06:17.947+0000] {processor.py:842} WARNING - No viable dags retrieved from /opt/airflow/dags/dag_market_eod.py
[2026-09-30T03:06:17.960+0000] {processor.py:183} INFO - Processing /opt/airflow/dags/dag_market_eod.py took 0.024 seconds
[2026-09-30T03:06:48.043+0000] {processor.py:161} INFO - Started process (PID=179) to work on /opt/airflow/dags/dag_market_eod.py
[2026-09-30T03:06:48.043+0000] {processor.py:830} INFO - Processing file /opt/airflow/dags/dag_market_eod.py for tasks to queue
[2026-09-30T03:06:48.044+0000] {logging_mixin.py:188} INFO - [2026-09-30T03:06:48.044+0000] {dagbag.py:545} INFO - Filling up the DagBag from /opt/airflow/dags/dag_market_eod.py
[2026-09-30T03:06:48.050+0000] {logging_mixin.py:188} INFO - [2026-09-30T03:06:48.048+0000] {dagbag.py:355} ERROR - Failed to import: /opt/airflow/dags/dag_market_eod.py
Traceback (most recent call last):
  File "/home/airflow/.local/lib/python3.11/site-packages/airflow/models/dagbag.py", line 351, in parse
    loader.exec_module(new_module)
  File "<frozen importlib._bootstrap_external>", line 940, in exec_module
  File "<frozen importlib._bootstrap>", line 241, in _call_with_frames_removed
  File "/opt/airflow/dags/dag_market_eod.py", line 9, in <module>
    from src.extractors.market_data import fetch_and_store_market_data
  File "/opt/airflow/src/extractors/market_data.py", line 7, in <module>
    import yfinance as yf
ModuleNotFoundError: No module named 'yfinance'
[2026-09-30T03:06:48.050+0000] {processor.py:842} WARNING - No viable dags retrieved from /opt/airflow/dags/dag_market_eod.py
[2026-09-30T03:06:48.069+0000] {processor.py:183} INFO - Processing /opt/airflow/dags/dag_market_eod.py took 0.031 seconds
[2026-09-30T03:07:18.131+0000] {processor.py:161} INFO - Started process (PID=184) to work on /opt/airflow/dags/dag_market_eod.py
[2026-09-30T03:07:18.131+0000] {processor.py:830} INFO - Processing file /opt/airflow/dags/dag_market_eod.py for tasks to queue
[2026-09-30T03:07:18.132+0000] {logging_mixin.py:188} INFO - [2026-09-30T03:07:18.132+0000] {dagbag.py:545} INFO - Filling up the DagBag from /opt/airflow/dags/dag_market_eod.py
[2026-09-30T03:07:18.134+0000] {logging_mixin.py:188} INFO - [2026-09-30T03:07:18.134+0000] {dagbag.py:355} ERROR - Failed to import: /opt/airflow/dags/dag_market_eod.py
Traceback (most recent call last):
  File "/home/airflow/.local/lib/python3.11/site-packages/airflow/models/dagbag.py", line 351, in parse
    loader.exec_module(new_module)
  File "<frozen importlib._bootstrap_external>", line 940, in exec_module
  File "<frozen importlib._bootstrap>", line 241, in _call_with_frames_removed
  File "/opt/airflow/dags/dag_market_eod.py", line 9, in <module>
    from src.extractors.market_data import fetch_and_store_market_data
  File "/opt/airflow/src/extractors/market_data.py", line 7, in <module>
    import yfinance as yf
ModuleNotFoundError: No module named 'yfinance'
[2026-09-30T03:07:18.135+0000] {processor.py:842} WARNING - No viable dags retrieved from /opt/airflow/dags/dag_market_eod.py
[2026-09-30T03:07:18.151+0000] {processor.py:183} INFO - Processing /opt/airflow/dags/dag_market_eod.py took 0.024 seconds
[2026-09-30T03:07:48.219+0000] {processor.py:161} INFO - Started process (PID=189) to work on /opt/airflow/dags/dag_market_eod.py
[2026-09-30T03:07:48.221+0000] {processor.py:830} INFO - Processing file /opt/airflow/dags/dag_market_eod.py for tasks to queue
[2026-09-30T03:07:48.222+0000] {logging_mixin.py:188} INFO - [2026-09-30T03:07:48.222+0000] {dagbag.py:545} INFO - Filling up the DagBag from /opt/airflow/dags/dag_market_eod.py
[2026-09-30T03:07:48.224+0000] {logging_mixin.py:188} INFO - [2026-09-30T03:07:48.224+0000] {dagbag.py:355} ERROR - Failed to import: /opt/airflow/dags/dag_market_eod.py
Traceback (most recent call last):
  File "/home/airflow/.local/lib/python3.11/site-packages/airflow/models/dagbag.py", line 351, in parse
    loader.exec_module(new_module)
  File "<frozen importlib._bootstrap_external>", line 940, in exec_module
  File "<frozen importlib._bootstrap>", line 241, in _call_with_frames_removed
  File "/opt/airflow/dags/dag_market_eod.py", line 9, in <module>
    from src.extractors.market_data import fetch_and_store_market_data
  File "/opt/airflow/src/extractors/market_data.py", line 7, in <module>
    import yfinance as yf
ModuleNotFoundError: No module named 'yfinance'
[2026-09-30T03:07:48.225+0000] {processor.py:842} WARNING - No viable dags retrieved from /opt/airflow/dags/dag_market_eod.py
[2026-09-30T03:07:48.240+0000] {processor.py:183} INFO - Processing /opt/airflow/dags/dag_market_eod.py took 0.024 seconds
[2026-09-30T03:08:18.305+0000] {processor.py:161} INFO - Started process (PID=194) to work on /opt/airflow/dags/dag_market_eod.py
[2026-09-30T03:08:18.306+0000] {processor.py:830} INFO - Processing file /opt/airflow/dags/dag_market_eod.py for tasks to queue
[2026-09-30T03:08:18.307+0000] {logging_mixin.py:188} INFO - [2026-09-30T03:08:18.307+0000] {dagbag.py:545} INFO - Filling up the DagBag from /opt/airflow/dags/dag_market_eod.py
[2026-09-30T03:08:18.310+0000] {logging_mixin.py:188} INFO - [2026-09-30T03:08:18.310+0000] {dagbag.py:355} ERROR - Failed to import: /opt/airflow/dags/dag_market_eod.py
Traceback (most recent call last):
  File "/home/airflow/.local/lib/python3.11/site-packages/airflow/models/dagbag.py", line 351, in parse
    loader.exec_module(new_module)
  File "<frozen importlib._bootstrap_external>", line 940, in exec_module
  File "<frozen importlib._bootstrap>", line 241, in _call_with_frames_removed
  File "/opt/airflow/dags/dag_market_eod.py", line 9, in <module>
    from src.extractors.market_data import fetch_and_store_market_data
  File "/opt/airflow/src/extractors/market_data.py", line 7, in <module>
    import yfinance as yf
ModuleNotFoundError: No module named 'yfinance'
[2026-09-30T03:08:18.310+0000] {processor.py:842} WARNING - No viable dags retrieved from /opt/airflow/dags/dag_market_eod.py
[2026-09-30T03:08:18.323+0000] {processor.py:183} INFO - Processing /opt/airflow/dags/dag_market_eod.py took 0.022 seconds
[2026-09-30T03:08:48.387+0000] {processor.py:161} INFO - Started process (PID=199) to work on /opt/airflow/dags/dag_market_eod.py
[2026-09-30T03:08:48.388+0000] {processor.py:830} INFO - Processing file /opt/airflow/dags/dag_market_eod.py for tasks to queue
[2026-09-30T03:08:48.388+0000] {logging_mixin.py:188} INFO - [2026-09-30T03:08:48.388+0000] {dagbag.py:545} INFO - Filling up the DagBag from /opt/airflow/dags/dag_market_eod.py
[2026-09-30T03:08:48.391+0000] {logging_mixin.py:188} INFO - [2026-09-30T03:08:48.391+0000] {dagbag.py:355} ERROR - Failed to import: /opt/airflow/dags/dag_market_eod.py
Traceback (most recent call last):
  File "/home/airflow/.local/lib/python3.11/site-packages/airflow/models/dagbag.py", line 351, in parse
    loader.exec_module(new_module)
  File "<frozen importlib._bootstrap_external>", line 940, in exec_module
  File "<frozen importlib._bootstrap>", line 241, in _call_with_frames_removed
  File "/opt/airflow/dags/dag_market_eod.py", line 9, in <module>
    from src.extractors.market_data import fetch_and_store_market_data
  File "/opt/airflow/src/extractors/market_data.py", line 7, in <module>
    import yfinance as yf
ModuleNotFoundError: No module named 'yfinance'
[2026-09-30T03:08:48.391+0000] {processor.py:842} WARNING - No viable dags retrieved from /opt/airflow/dags/dag_market_eod.py
[2026-09-30T03:08:48.405+0000] {processor.py:183} INFO - Processing /opt/airflow/dags/dag_market_eod.py took 0.020 seconds
[2026-09-30T03:09:18.480+0000] {processor.py:161} INFO - Started process (PID=204) to work on /opt/airflow/dags/dag_market_eod.py
[2026-09-30T03:09:18.480+0000] {processor.py:830} INFO - Processing file /opt/airflow/dags/dag_market_eod.py for tasks to queue
[2026-09-30T03:09:18.481+0000] {logging_mixin.py:188} INFO - [2026-09-30T03:09:18.480+0000] {dagbag.py:545} INFO - Filling up the DagBag from /opt/airflow/dags/dag_market_eod.py
[2026-09-30T03:09:18.483+0000] {logging_mixin.py:188} INFO - [2026-09-30T03:09:18.483+0000] {dagbag.py:355} ERROR - Failed to import: /opt/airflow/dags/dag_market_eod.py
Traceback (most recent call last):
  File "/home/airflow/.local/lib/python3.11/site-packages/airflow/models/dagbag.py", line 351, in parse
    loader.exec_module(new_module)
  File "<frozen importlib._bootstrap_external>", line 940, in exec_module
  File "<frozen importlib._bootstrap>", line 241, in _call_with_frames_removed
  File "/opt/airflow/dags/dag_market_eod.py", line 9, in <module>
    from src.extractors.market_data import fetch_and_store_market_data
  File "/opt/airflow/src/extractors/market_data.py", line 7, in <module>
    import yfinance as yf
ModuleNotFoundError: No module named 'yfinance'
[2026-09-30T03:09:18.484+0000] {processor.py:842} WARNING - No viable dags retrieved from /opt/airflow/dags/dag_market_eod.py
[2026-09-30T03:09:18.497+0000] {processor.py:183} INFO - Processing /opt/airflow/dags/dag_market_eod.py took 0.021 seconds
[2026-09-30T03:09:48.565+0000] {processor.py:161} INFO - Started process (PID=209) to work on /opt/airflow/dags/dag_market_eod.py
[2026-09-30T03:09:48.566+0000] {processor.py:830} INFO - Processing file /opt/airflow/dags/dag_market_eod.py for tasks to queue
[2026-09-30T03:09:48.567+0000] {logging_mixin.py:188} INFO - [2026-09-30T03:09:48.567+0000] {dagbag.py:545} INFO - Filling up the DagBag from /opt/airflow/dags/dag_market_eod.py
[2026-09-30T03:09:48.570+0000] {logging_mixin.py:188} INFO - [2026-09-30T03:09:48.569+0000] {dagbag.py:355} ERROR - Failed to import: /opt/airflow/dags/dag_market_eod.py
Traceback (most recent call last):
  File "/home/airflow/.local/lib/python3.11/site-packages/airflow/models/dagbag.py", line 351, in parse
    loader.exec_module(new_module)
  File "<frozen importlib._bootstrap_external>", line 940, in exec_module
  File "<frozen importlib._bootstrap>", line 241, in _call_with_frames_removed
  File "/opt/airflow/dags/dag_market_eod.py", line 9, in <module>
    from src.extractors.market_data import fetch_and_store_market_data
  File "/opt/airflow/src/extractors/market_data.py", line 7, in <module>
    import yfinance as yf
ModuleNotFoundError: No module named 'yfinance'
[2026-09-30T03:09:48.570+0000] {processor.py:842} WARNING - No viable dags retrieved from /opt/airflow/dags/dag_market_eod.py
[2026-09-30T03:09:48.586+0000] {processor.py:183} INFO - Processing /opt/airflow/dags/dag_market_eod.py took 0.024 seconds
[2026-09-30T03:10:18.650+0000] {processor.py:161} INFO - Started process (PID=214) to work on /opt/airflow/dags/dag_market_eod.py
[2026-09-30T03:10:18.651+0000] {processor.py:830} INFO - Processing file /opt/airflow/dags/dag_market_eod.py for tasks to queue
[2026-09-30T03:10:18.651+0000] {logging_mixin.py:188} INFO - [2026-09-30T03:10:18.651+0000] {dagbag.py:545} INFO - Filling up the DagBag from /opt/airflow/dags/dag_market_eod.py
[2026-09-30T03:10:18.654+0000] {logging_mixin.py:188} INFO - [2026-09-30T03:10:18.653+0000] {dagbag.py:355} ERROR - Failed to import: /opt/airflow/dags/dag_market_eod.py
Traceback (most recent call last):
  File "/home/airflow/.local/lib/python3.11/site-packages/airflow/models/dagbag.py", line 351, in parse
    loader.exec_module(new_module)
  File "<frozen importlib._bootstrap_external>", line 940, in exec_module
  File "<frozen importlib._bootstrap>", line 241, in _call_with_frames_removed
  File "/opt/airflow/dags/dag_market_eod.py", line 9, in <module>
    from src.extractors.market_data import fetch_and_store_market_data
  File "/opt/airflow/src/extractors/market_data.py", line 7, in <module>
    import yfinance as yf
ModuleNotFoundError: No module named 'yfinance'
[2026-09-30T03:10:18.654+0000] {processor.py:842} WARNING - No viable dags retrieved from /opt/airflow/dags/dag_market_eod.py
[2026-09-30T03:10:18.668+0000] {processor.py:183} INFO - Processing /opt/airflow/dags/dag_market_eod.py took 0.020 seconds
[2026-09-30T03:10:48.740+0000] {processor.py:161} INFO - Started process (PID=219) to work on /opt/airflow/dags/dag_market_eod.py
[2026-09-30T03:10:48.742+0000] {processor.py:830} INFO - Processing file /opt/airflow/dags/dag_market_eod.py for tasks to queue
[2026-09-30T03:10:48.743+0000] {logging_mixin.py:188} INFO - [2026-09-30T03:10:48.743+0000] {dagbag.py:545} INFO - Filling up the DagBag from /opt/airflow/dags/dag_market_eod.py
[2026-09-30T03:10:48.745+0000] {logging_mixin.py:188} INFO - [2026-09-30T03:10:48.745+0000] {dagbag.py:355} ERROR - Failed to import: /opt/airflow/dags/dag_market_eod.py
Traceback (most recent call last):
  File "/home/airflow/.local/lib/python3.11/site-packages/airflow/models/dagbag.py", line 351, in parse
    loader.exec_module(new_module)
  File "<frozen importlib._bootstrap_external>", line 940, in exec_module
  File "<frozen importlib._bootstrap>", line 241, in _call_with_frames_removed
  File "/opt/airflow/dags/dag_market_eod.py", line 9, in <module>
    from src.extractors.market_data import fetch_and_store_market_data
  File "/opt/airflow/src/extractors/market_data.py", line 7, in <module>
    import yfinance as yf
ModuleNotFoundError: No module named 'yfinance'
[2026-09-30T03:10:48.746+0000] {processor.py:842} WARNING - No viable dags retrieved from /opt/airflow/dags/dag_market_eod.py
[2026-09-30T03:10:48.759+0000] {processor.py:183} INFO - Processing /opt/airflow/dags/dag_market_eod.py took 0.023 seconds
[2026-09-30T03:11:18.835+0000] {processor.py:161} INFO - Started process (PID=224) to work on /opt/airflow/dags/dag_market_eod.py
[2026-09-30T03:11:18.836+0000] {processor.py:830} INFO - Processing file /opt/airflow/dags/dag_market_eod.py for tasks to queue
[2026-09-30T03:11:18.837+0000] {logging_mixin.py:188} INFO - [2026-09-30T03:11:18.837+0000] {dagbag.py:545} INFO - Filling up the DagBag from /opt/airflow/dags/dag_market_eod.py
[2026-09-30T03:11:18.841+0000] {logging_mixin.py:188} INFO - [2026-09-30T03:11:18.840+0000] {dagbag.py:355} ERROR - Failed to import: /opt/airflow/dags/dag_market_eod.py
Traceback (most recent call last):
  File "/home/airflow/.local/lib/python3.11/site-packages/airflow/models/dagbag.py", line 351, in parse
    loader.exec_module(new_module)
  File "<frozen importlib._bootstrap_external>", line 940, in exec_module
  File "<frozen importlib._bootstrap>", line 241, in _call_with_frames_removed
  File "/opt/airflow/dags/dag_market_eod.py", line 9, in <module>
    from src.extractors.market_data import fetch_and_store_market_data
  File "/opt/airflow/src/extractors/market_data.py", line 7, in <module>
    import yfinance as yf
ModuleNotFoundError: No module named 'yfinance'
[2026-09-30T03:11:18.841+0000] {processor.py:842} WARNING - No viable dags retrieved from /opt/airflow/dags/dag_market_eod.py
[2026-09-30T03:11:18.855+0000] {processor.py:183} INFO - Processing /opt/airflow/dags/dag_market_eod.py took 0.024 seconds
[2026-09-30T03:11:48.928+0000] {processor.py:161} INFO - Started process (PID=229) to work on /opt/airflow/dags/dag_market_eod.py
[2026-09-30T03:11:48.930+0000] {processor.py:830} INFO - Processing file /opt/airflow/dags/dag_market_eod.py for tasks to queue
[2026-09-30T03:11:48.931+0000] {logging_mixin.py:188} INFO - [2026-09-30T03:11:48.931+0000] {dagbag.py:545} INFO - Filling up the DagBag from /opt/airflow/dags/dag_market_eod.py
[2026-09-30T03:11:48.935+0000] {logging_mixin.py:188} INFO - [2026-09-30T03:11:48.934+0000] {dagbag.py:355} ERROR - Failed to import: /opt/airflow/dags/dag_market_eod.py
Traceback (most recent call last):
  File "/home/airflow/.local/lib/python3.11/site-packages/airflow/models/dagbag.py", line 351, in parse
    loader.exec_module(new_module)
  File "<frozen importlib._bootstrap_external>", line 940, in exec_module
  File "<frozen importlib._bootstrap>", line 241, in _call_with_frames_removed
  File "/opt/airflow/dags/dag_market_eod.py", line 9, in <module>
    from src.extractors.market_data import fetch_and_store_market_data
  File "/opt/airflow/src/extractors/market_data.py", line 7, in <module>
    import yfinance as yf
ModuleNotFoundError: No module named 'yfinance'
[2026-09-30T03:11:48.935+0000] {processor.py:842} WARNING - No viable dags retrieved from /opt/airflow/dags/dag_market_eod.py
[2026-09-30T03:11:49.047+0000] {processor.py:183} INFO - Processing /opt/airflow/dags/dag_market_eod.py took 0.123 seconds
[2026-09-30T03:12:19.098+0000] {processor.py:161} INFO - Started process (PID=234) to work on /opt/airflow/dags/dag_market_eod.py
[2026-09-30T03:12:19.099+0000] {processor.py:830} INFO - Processing file /opt/airflow/dags/dag_market_eod.py for tasks to queue
[2026-09-30T03:12:19.099+0000] {logging_mixin.py:188} INFO - [2026-09-30T03:12:19.099+0000] {dagbag.py:545} INFO - Filling up the DagBag from /opt/airflow/dags/dag_market_eod.py
[2026-09-30T03:12:19.102+0000] {logging_mixin.py:188} INFO - [2026-09-30T03:12:19.102+0000] {dagbag.py:355} ERROR - Failed to import: /opt/airflow/dags/dag_market_eod.py
Traceback (most recent call last):
  File "/home/airflow/.local/lib/python3.11/site-packages/airflow/models/dagbag.py", line 351, in parse
    loader.exec_module(new_module)
  File "<frozen importlib._bootstrap_external>", line 940, in exec_module
  File "<frozen importlib._bootstrap>", line 241, in _call_with_frames_removed
  File "/opt/airflow/dags/dag_market_eod.py", line 9, in <module>
    from src.extractors.market_data import fetch_and_store_market_data
  File "/opt/airflow/src/extractors/market_data.py", line 7, in <module>
    import yfinance as yf
ModuleNotFoundError: No module named 'yfinance'
[2026-09-30T03:12:19.103+0000] {processor.py:842} WARNING - No viable dags retrieved from /opt/airflow/dags/dag_market_eod.py
[2026-09-30T03:12:19.115+0000] {processor.py:183} INFO - Processing /opt/airflow/dags/dag_market_eod.py took 0.020 seconds
[2026-09-30T03:12:49.210+0000] {processor.py:161} INFO - Started process (PID=239) to work on /opt/airflow/dags/dag_market_eod.py
[2026-09-30T03:12:49.212+0000] {processor.py:830} INFO - Processing file /opt/airflow/dags/dag_market_eod.py for tasks to queue
[2026-09-30T03:12:49.213+0000] {logging_mixin.py:188} INFO - [2026-09-30T03:12:49.212+0000] {dagbag.py:545} INFO - Filling up the DagBag from /opt/airflow/dags/dag_market_eod.py
[2026-09-30T03:12:49.216+0000] {logging_mixin.py:188} INFO - [2026-09-30T03:12:49.215+0000] {dagbag.py:355} ERROR - Failed to import: /opt/airflow/dags/dag_market_eod.py
Traceback (most recent call last):
  File "/home/airflow/.local/lib/python3.11/site-packages/airflow/models/dagbag.py", line 351, in parse
    loader.exec_module(new_module)
  File "<frozen importlib._bootstrap_external>", line 940, in exec_module
  File "<frozen importlib._bootstrap>", line 241, in _call_with_frames_removed
  File "/opt/airflow/dags/dag_market_eod.py", line 9, in <module>
    from src.extractors.market_data import fetch_and_store_market_data
  File "/opt/airflow/src/extractors/market_data.py", line 7, in <module>
    import yfinance as yf
ModuleNotFoundError: No module named 'yfinance'
[2026-09-30T03:12:49.216+0000] {processor.py:842} WARNING - No viable dags retrieved from /opt/airflow/dags/dag_market_eod.py
[2026-09-30T03:12:49.233+0000] {processor.py:183} INFO - Processing /opt/airflow/dags/dag_market_eod.py took 0.026 seconds
[2026-09-30T03:13:19.303+0000] {processor.py:161} INFO - Started process (PID=244) to work on /opt/airflow/dags/dag_market_eod.py
[2026-09-30T03:13:19.303+0000] {processor.py:830} INFO - Processing file /opt/airflow/dags/dag_market_eod.py for tasks to queue
[2026-09-30T03:13:19.304+0000] {logging_mixin.py:188} INFO - [2026-09-30T03:13:19.304+0000] {dagbag.py:545} INFO - Filling up the DagBag from /opt/airflow/dags/dag_market_eod.py
[2026-09-30T03:13:19.307+0000] {logging_mixin.py:188} INFO - [2026-09-30T03:13:19.307+0000] {dagbag.py:355} ERROR - Failed to import: /opt/airflow/dags/dag_market_eod.py
Traceback (most recent call last):
  File "/home/airflow/.local/lib/python3.11/site-packages/airflow/models/dagbag.py", line 351, in parse
    loader.exec_module(new_module)
  File "<frozen importlib._bootstrap_external>", line 940, in exec_module
  File "<frozen importlib._bootstrap>", line 241, in _call_with_frames_removed
  File "/opt/airflow/dags/dag_market_eod.py", line 9, in <module>
    from src.extractors.market_data import fetch_and_store_market_data
  File "/opt/airflow/src/extractors/market_data.py", line 7, in <module>
    import yfinance as yf
ModuleNotFoundError: No module named 'yfinance'
[2026-09-30T03:13:19.308+0000] {processor.py:842} WARNING - No viable dags retrieved from /opt/airflow/dags/dag_market_eod.py
[2026-09-30T03:13:19.327+0000] {processor.py:183} INFO - Processing /opt/airflow/dags/dag_market_eod.py took 0.029 seconds
[2026-09-30T03:13:49.392+0000] {processor.py:161} INFO - Started process (PID=249) to work on /opt/airflow/dags/dag_market_eod.py
[2026-09-30T03:13:49.394+0000] {processor.py:830} INFO - Processing file /opt/airflow/dags/dag_market_eod.py for tasks to queue
[2026-09-30T03:13:49.395+0000] {logging_mixin.py:188} INFO - [2026-09-30T03:13:49.395+0000] {dagbag.py:545} INFO - Filling up the DagBag from /opt/airflow/dags/dag_market_eod.py
[2026-09-30T03:13:49.398+0000] {logging_mixin.py:188} INFO - [2026-09-30T03:13:49.398+0000] {dagbag.py:355} ERROR - Failed to import: /opt/airflow/dags/dag_market_eod.py
Traceback (most recent call last):
  File "/home/airflow/.local/lib/python3.11/site-packages/airflow/models/dagbag.py", line 351, in parse
    loader.exec_module(new_module)
  File "<frozen importlib._bootstrap_external>", line 940, in exec_module
  File "<frozen importlib._bootstrap>", line 241, in _call_with_frames_removed
  File "/opt/airflow/dags/dag_market_eod.py", line 9, in <module>
    from src.extractors.market_data import fetch_and_store_market_data
  File "/opt/airflow/src/extractors/market_data.py", line 7, in <module>
    import yfinance as yf
ModuleNotFoundError: No module named 'yfinance'
[2026-09-30T03:13:49.398+0000] {processor.py:842} WARNING - No viable dags retrieved from /opt/airflow/dags/dag_market_eod.py
[2026-09-30T03:13:49.412+0000] {processor.py:183} INFO - Processing /opt/airflow/dags/dag_market_eod.py took 0.024 seconds
[2026-09-30T03:14:07.537+0000] {processor.py:161} INFO - Started process (PID=173) to work on /opt/airflow/dags/dag_market_eod.py
[2026-09-30T03:14:07.537+0000] {processor.py:830} INFO - Processing file /opt/airflow/dags/dag_market_eod.py for tasks to queue
[2026-09-30T03:14:07.538+0000] {logging_mixin.py:188} INFO - [2026-09-30T03:14:07.538+0000] {dagbag.py:545} INFO - Filling up the DagBag from /opt/airflow/dags/dag_market_eod.py
[2026-09-30T03:14:07.543+0000] {logging_mixin.py:188} INFO - [2026-09-30T03:14:07.542+0000] {dagbag.py:355} ERROR - Failed to import: /opt/airflow/dags/dag_market_eod.py
Traceback (most recent call last):
  File "/home/airflow/.local/lib/python3.11/site-packages/airflow/models/dagbag.py", line 351, in parse
    loader.exec_module(new_module)
  File "<frozen importlib._bootstrap_external>", line 940, in exec_module
  File "<frozen importlib._bootstrap>", line 241, in _call_with_frames_removed
  File "/opt/airflow/dags/dag_market_eod.py", line 9, in <module>
    from src.extractors.market_data import fetch_and_store_market_data
  File "/opt/airflow/src/extractors/market_data.py", line 7, in <module>
    import yfinance as yf
ModuleNotFoundError: No module named 'yfinance'
[2026-09-30T03:14:07.543+0000] {processor.py:842} WARNING - No viable dags retrieved from /opt/airflow/dags/dag_market_eod.py
[2026-09-30T03:14:07.562+0000] {processor.py:183} INFO - Processing /opt/airflow/dags/dag_market_eod.py took 0.030 seconds
[2026-09-30T03:14:58.265+0000] {processor.py:161} INFO - Started process (PID=174) to work on /opt/airflow/dags/dag_market_eod.py
[2026-09-30T03:14:58.266+0000] {processor.py:830} INFO - Processing file /opt/airflow/dags/dag_market_eod.py for tasks to queue
[2026-09-30T03:14:58.267+0000] {logging_mixin.py:188} INFO - [2026-09-30T03:14:58.267+0000] {dagbag.py:545} INFO - Filling up the DagBag from /opt/airflow/dags/dag_market_eod.py
[2026-09-30T03:14:58.269+0000] {logging_mixin.py:188} INFO - [2026-09-30T03:14:58.269+0000] {dagbag.py:355} ERROR - Failed to import: /opt/airflow/dags/dag_market_eod.py
Traceback (most recent call last):
  File "/home/airflow/.local/lib/python3.11/site-packages/airflow/models/dagbag.py", line 351, in parse
    loader.exec_module(new_module)
  File "<frozen importlib._bootstrap_external>", line 940, in exec_module
  File "<frozen importlib._bootstrap>", line 241, in _call_with_frames_removed
  File "/opt/airflow/dags/dag_market_eod.py", line 9, in <module>
    from src.extractors.market_data import fetch_and_store_market_data
  File "/opt/airflow/src/extractors/market_data.py", line 7, in <module>
    import yfinance as yf
ModuleNotFoundError: No module named 'yfinance'
[2026-09-30T03:14:58.270+0000] {processor.py:842} WARNING - No viable dags retrieved from /opt/airflow/dags/dag_market_eod.py
[2026-09-30T03:14:58.284+0000] {processor.py:183} INFO - Processing /opt/airflow/dags/dag_market_eod.py took 0.022 seconds
[2026-09-30T03:15:28.372+0000] {processor.py:161} INFO - Started process (PID=179) to work on /opt/airflow/dags/dag_market_eod.py
[2026-09-30T03:15:28.372+0000] {processor.py:830} INFO - Processing file /opt/airflow/dags/dag_market_eod.py for tasks to queue
[2026-09-30T03:15:28.373+0000] {logging_mixin.py:188} INFO - [2026-09-30T03:15:28.373+0000] {dagbag.py:545} INFO - Filling up the DagBag from /opt/airflow/dags/dag_market_eod.py
[2026-09-30T03:15:28.376+0000] {logging_mixin.py:188} INFO - [2026-09-30T03:15:28.375+0000] {dagbag.py:355} ERROR - Failed to import: /opt/airflow/dags/dag_market_eod.py
Traceback (most recent call last):
  File "/home/airflow/.local/lib/python3.11/site-packages/airflow/models/dagbag.py", line 351, in parse
    loader.exec_module(new_module)
  File "<frozen importlib._bootstrap_external>", line 940, in exec_module
  File "<frozen importlib._bootstrap>", line 241, in _call_with_frames_removed
  File "/opt/airflow/dags/dag_market_eod.py", line 9, in <module>
    from src.extractors.market_data import fetch_and_store_market_data
  File "/opt/airflow/src/extractors/market_data.py", line 7, in <module>
    import yfinance as yf
ModuleNotFoundError: No module named 'yfinance'
[2026-09-30T03:15:28.376+0000] {processor.py:842} WARNING - No viable dags retrieved from /opt/airflow/dags/dag_market_eod.py
[2026-09-30T03:15:28.389+0000] {processor.py:183} INFO - Processing /opt/airflow/dags/dag_market_eod.py took 0.020 seconds
[2026-09-30T03:15:58.463+0000] {processor.py:161} INFO - Started process (PID=184) to work on /opt/airflow/dags/dag_market_eod.py
[2026-09-30T03:15:58.465+0000] {processor.py:830} INFO - Processing file /opt/airflow/dags/dag_market_eod.py for tasks to queue
[2026-09-30T03:15:58.465+0000] {logging_mixin.py:188} INFO - [2026-09-30T03:15:58.465+0000] {dagbag.py:545} INFO - Filling up the DagBag from /opt/airflow/dags/dag_market_eod.py
[2026-09-30T03:15:58.468+0000] {logging_mixin.py:188} INFO - [2026-09-30T03:15:58.467+0000] {dagbag.py:355} ERROR - Failed to import: /opt/airflow/dags/dag_market_eod.py
Traceback (most recent call last):
  File "/home/airflow/.local/lib/python3.11/site-packages/airflow/models/dagbag.py", line 351, in parse
    loader.exec_module(new_module)
  File "<frozen importlib._bootstrap_external>", line 940, in exec_module
  File "<frozen importlib._bootstrap>", line 241, in _call_with_frames_removed
  File "/opt/airflow/dags/dag_market_eod.py", line 9, in <module>
    from src.extractors.market_data import fetch_and_store_market_data
  File "/opt/airflow/src/extractors/market_data.py", line 7, in <module>
    import yfinance as yf
ModuleNotFoundError: No module named 'yfinance'
[2026-09-30T03:15:58.468+0000] {processor.py:842} WARNING - No viable dags retrieved from /opt/airflow/dags/dag_market_eod.py
[2026-09-30T03:15:58.484+0000] {processor.py:183} INFO - Processing /opt/airflow/dags/dag_market_eod.py took 0.024 seconds
[2026-09-30T03:16:28.550+0000] {processor.py:161} INFO - Started process (PID=195) to work on /opt/airflow/dags/dag_market_eod.py
[2026-09-30T03:16:28.550+0000] {processor.py:830} INFO - Processing file /opt/airflow/dags/dag_market_eod.py for tasks to queue
[2026-09-30T03:16:28.551+0000] {logging_mixin.py:188} INFO - [2026-09-30T03:16:28.551+0000] {dagbag.py:545} INFO - Filling up the DagBag from /opt/airflow/dags/dag_market_eod.py
[2026-09-30T03:16:28.554+0000] {logging_mixin.py:188} INFO - [2026-09-30T03:16:28.553+0000] {dagbag.py:355} ERROR - Failed to import: /opt/airflow/dags/dag_market_eod.py
Traceback (most recent call last):
  File "/home/airflow/.local/lib/python3.11/site-packages/airflow/models/dagbag.py", line 351, in parse
    loader.exec_module(new_module)
  File "<frozen importlib._bootstrap_external>", line 940, in exec_module
  File "<frozen importlib._bootstrap>", line 241, in _call_with_frames_removed
  File "/opt/airflow/dags/dag_market_eod.py", line 9, in <module>
    from src.extractors.market_data import fetch_and_store_market_data
  File "/opt/airflow/src/extractors/market_data.py", line 7, in <module>
    import yfinance as yf
ModuleNotFoundError: No module named 'yfinance'
[2026-09-30T03:16:28.554+0000] {processor.py:842} WARNING - No viable dags retrieved from /opt/airflow/dags/dag_market_eod.py
[2026-09-30T03:16:28.569+0000] {processor.py:183} INFO - Processing /opt/airflow/dags/dag_market_eod.py took 0.022 seconds
[2026-09-30T03:16:58.645+0000] {processor.py:161} INFO - Started process (PID=200) to work on /opt/airflow/dags/dag_market_eod.py
[2026-09-30T03:16:58.647+0000] {processor.py:830} INFO - Processing file /opt/airflow/dags/dag_market_eod.py for tasks to queue
[2026-09-30T03:16:58.647+0000] {logging_mixin.py:188} INFO - [2026-09-30T03:16:58.647+0000] {dagbag.py:545} INFO - Filling up the DagBag from /opt/airflow/dags/dag_market_eod.py
[2026-09-30T03:16:58.650+0000] {logging_mixin.py:188} INFO - [2026-09-30T03:16:58.649+0000] {dagbag.py:355} ERROR - Failed to import: /opt/airflow/dags/dag_market_eod.py
Traceback (most recent call last):
  File "/home/airflow/.local/lib/python3.11/site-packages/airflow/models/dagbag.py", line 351, in parse
    loader.exec_module(new_module)
  File "<frozen importlib._bootstrap_external>", line 940, in exec_module
  File "<frozen importlib._bootstrap>", line 241, in _call_with_frames_removed
  File "/opt/airflow/dags/dag_market_eod.py", line 9, in <module>
    from src.extractors.market_data import fetch_and_store_market_data
  File "/opt/airflow/src/extractors/market_data.py", line 7, in <module>
    import yfinance as yf
ModuleNotFoundError: No module named 'yfinance'
[2026-09-30T03:16:58.650+0000] {processor.py:842} WARNING - No viable dags retrieved from /opt/airflow/dags/dag_market_eod.py
[2026-09-30T03:16:58.664+0000] {processor.py:183} INFO - Processing /opt/airflow/dags/dag_market_eod.py took 0.022 seconds
[2026-09-30T03:17:28.740+0000] {processor.py:161} INFO - Started process (PID=205) to work on /opt/airflow/dags/dag_market_eod.py
[2026-09-30T03:17:28.740+0000] {processor.py:830} INFO - Processing file /opt/airflow/dags/dag_market_eod.py for tasks to queue
[2026-09-30T03:17:28.741+0000] {logging_mixin.py:188} INFO - [2026-09-30T03:17:28.741+0000] {dagbag.py:545} INFO - Filling up the DagBag from /opt/airflow/dags/dag_market_eod.py
[2026-09-30T03:17:28.745+0000] {logging_mixin.py:188} INFO - [2026-09-30T03:17:28.744+0000] {dagbag.py:355} ERROR - Failed to import: /opt/airflow/dags/dag_market_eod.py
Traceback (most recent call last):
  File "/home/airflow/.local/lib/python3.11/site-packages/airflow/models/dagbag.py", line 351, in parse
    loader.exec_module(new_module)
  File "<frozen importlib._bootstrap_external>", line 940, in exec_module
  File "<frozen importlib._bootstrap>", line 241, in _call_with_frames_removed
  File "/opt/airflow/dags/dag_market_eod.py", line 9, in <module>
    from src.extractors.market_data import fetch_and_store_market_data
  File "/opt/airflow/src/extractors/market_data.py", line 7, in <module>
    import yfinance as yf
ModuleNotFoundError: No module named 'yfinance'
[2026-09-30T03:17:28.745+0000] {processor.py:842} WARNING - No viable dags retrieved from /opt/airflow/dags/dag_market_eod.py
[2026-09-30T03:17:28.761+0000] {processor.py:183} INFO - Processing /opt/airflow/dags/dag_market_eod.py took 0.026 seconds
[2026-09-30T03:17:58.836+0000] {processor.py:161} INFO - Started process (PID=210) to work on /opt/airflow/dags/dag_market_eod.py
[2026-09-30T03:17:58.836+0000] {processor.py:830} INFO - Processing file /opt/airflow/dags/dag_market_eod.py for tasks to queue
[2026-09-30T03:17:58.837+0000] {logging_mixin.py:188} INFO - [2026-09-30T03:17:58.837+0000] {dagbag.py:545} INFO - Filling up the DagBag from /opt/airflow/dags/dag_market_eod.py
[2026-09-30T03:17:58.842+0000] {logging_mixin.py:188} INFO - [2026-09-30T03:17:58.841+0000] {dagbag.py:355} ERROR - Failed to import: /opt/airflow/dags/dag_market_eod.py
Traceback (most recent call last):
  File "/home/airflow/.local/lib/python3.11/site-packages/airflow/models/dagbag.py", line 351, in parse
    loader.exec_module(new_module)
  File "<frozen importlib._bootstrap_external>", line 940, in exec_module
  File "<frozen importlib._bootstrap>", line 241, in _call_with_frames_removed
  File "/opt/airflow/dags/dag_market_eod.py", line 9, in <module>
    from src.extractors.market_data import fetch_and_store_market_data
  File "/opt/airflow/src/extractors/market_data.py", line 7, in <module>
    import yfinance as yf
ModuleNotFoundError: No module named 'yfinance'
[2026-09-30T03:17:58.842+0000] {processor.py:842} WARNING - No viable dags retrieved from /opt/airflow/dags/dag_market_eod.py
[2026-09-30T03:17:58.855+0000] {processor.py:183} INFO - Processing /opt/airflow/dags/dag_market_eod.py took 0.024 seconds
[2026-09-30T03:18:27.812+0000] {processor.py:161} INFO - Started process (PID=172) to work on /opt/airflow/dags/dag_market_eod.py
[2026-09-30T03:18:27.812+0000] {processor.py:830} INFO - Processing file /opt/airflow/dags/dag_market_eod.py for tasks to queue
[2026-09-30T03:18:27.814+0000] {logging_mixin.py:188} INFO - [2026-09-30T03:18:27.814+0000] {dagbag.py:545} INFO - Filling up the DagBag from /opt/airflow/dags/dag_market_eod.py
[2026-09-30T03:18:27.818+0000] {logging_mixin.py:188} INFO - [2026-09-30T03:18:27.817+0000] {dagbag.py:355} ERROR - Failed to import: /opt/airflow/dags/dag_market_eod.py
Traceback (most recent call last):
  File "/home/airflow/.local/lib/python3.11/site-packages/airflow/models/dagbag.py", line 351, in parse
    loader.exec_module(new_module)
  File "<frozen importlib._bootstrap_external>", line 940, in exec_module
  File "<frozen importlib._bootstrap>", line 241, in _call_with_frames_removed
  File "/opt/airflow/dags/dag_market_eod.py", line 9, in <module>
    from src.extractors.market_data import fetch_and_store_market_data
  File "/opt/airflow/src/extractors/market_data.py", line 7, in <module>
    import yfinance as yf
ModuleNotFoundError: No module named 'yfinance'
[2026-09-30T03:18:27.818+0000] {processor.py:842} WARNING - No viable dags retrieved from /opt/airflow/dags/dag_market_eod.py
[2026-09-30T03:18:27.836+0000] {processor.py:183} INFO - Processing /opt/airflow/dags/dag_market_eod.py took 0.029 seconds
[2026-09-30T03:18:57.919+0000] {processor.py:161} INFO - Started process (PID=178) to work on /opt/airflow/dags/dag_market_eod.py
[2026-09-30T03:18:57.920+0000] {processor.py:830} INFO - Processing file /opt/airflow/dags/dag_market_eod.py for tasks to queue
[2026-09-30T03:18:57.922+0000] {logging_mixin.py:188} INFO - [2026-09-30T03:18:57.922+0000] {dagbag.py:545} INFO - Filling up the DagBag from /opt/airflow/dags/dag_market_eod.py
[2026-09-30T03:18:57.926+0000] {logging_mixin.py:188} INFO - [2026-09-30T03:18:57.925+0000] {dagbag.py:355} ERROR - Failed to import: /opt/airflow/dags/dag_market_eod.py
Traceback (most recent call last):
  File "/home/airflow/.local/lib/python3.11/site-packages/airflow/models/dagbag.py", line 351, in parse
    loader.exec_module(new_module)
  File "<frozen importlib._bootstrap_external>", line 940, in exec_module
  File "<frozen importlib._bootstrap>", line 241, in _call_with_frames_removed
  File "/opt/airflow/dags/dag_market_eod.py", line 9, in <module>
    from src.extractors.market_data import fetch_and_store_market_data
  File "/opt/airflow/src/extractors/market_data.py", line 7, in <module>
    import yfinance as yf
ModuleNotFoundError: No module named 'yfinance'
[2026-09-30T03:18:57.927+0000] {processor.py:842} WARNING - No viable dags retrieved from /opt/airflow/dags/dag_market_eod.py
[2026-09-30T03:18:57.945+0000] {processor.py:183} INFO - Processing /opt/airflow/dags/dag_market_eod.py took 0.029 seconds
[2026-09-30T03:19:28.000+0000] {processor.py:161} INFO - Started process (PID=183) to work on /opt/airflow/dags/dag_market_eod.py
[2026-09-30T03:19:28.001+0000] {processor.py:830} INFO - Processing file /opt/airflow/dags/dag_market_eod.py for tasks to queue
[2026-09-30T03:19:28.002+0000] {logging_mixin.py:188} INFO - [2026-09-30T03:19:28.002+0000] {dagbag.py:545} INFO - Filling up the DagBag from /opt/airflow/dags/dag_market_eod.py
[2026-09-30T03:19:28.004+0000] {logging_mixin.py:188} INFO - [2026-09-30T03:19:28.004+0000] {dagbag.py:355} ERROR - Failed to import: /opt/airflow/dags/dag_market_eod.py
Traceback (most recent call last):
  File "/home/airflow/.local/lib/python3.11/site-packages/airflow/models/dagbag.py", line 351, in parse
    loader.exec_module(new_module)
  File "<frozen importlib._bootstrap_external>", line 940, in exec_module
  File "<frozen importlib._bootstrap>", line 241, in _call_with_frames_removed
  File "/opt/airflow/dags/dag_market_eod.py", line 9, in <module>
    from src.extractors.market_data import fetch_and_store_market_data
  File "/opt/airflow/src/extractors/market_data.py", line 7, in <module>
    import yfinance as yf
ModuleNotFoundError: No module named 'yfinance'
[2026-09-30T03:19:28.005+0000] {processor.py:842} WARNING - No viable dags retrieved from /opt/airflow/dags/dag_market_eod.py
[2026-09-30T03:19:28.022+0000] {processor.py:183} INFO - Processing /opt/airflow/dags/dag_market_eod.py took 0.026 seconds
[2026-09-30T03:19:58.090+0000] {processor.py:161} INFO - Started process (PID=194) to work on /opt/airflow/dags/dag_market_eod.py
[2026-09-30T03:19:58.090+0000] {processor.py:830} INFO - Processing file /opt/airflow/dags/dag_market_eod.py for tasks to queue
[2026-09-30T03:19:58.092+0000] {logging_mixin.py:188} INFO - [2026-09-30T03:19:58.091+0000] {dagbag.py:545} INFO - Filling up the DagBag from /opt/airflow/dags/dag_market_eod.py
[2026-09-30T03:19:58.095+0000] {logging_mixin.py:188} INFO - [2026-09-30T03:19:58.094+0000] {dagbag.py:355} ERROR - Failed to import: /opt/airflow/dags/dag_market_eod.py
Traceback (most recent call last):
  File "/home/airflow/.local/lib/python3.11/site-packages/airflow/models/dagbag.py", line 351, in parse
    loader.exec_module(new_module)
  File "<frozen importlib._bootstrap_external>", line 940, in exec_module
  File "<frozen importlib._bootstrap>", line 241, in _call_with_frames_removed
  File "/opt/airflow/dags/dag_market_eod.py", line 9, in <module>
    from src.extractors.market_data import fetch_and_store_market_data
  File "/opt/airflow/src/extractors/market_data.py", line 7, in <module>
    import yfinance as yf
ModuleNotFoundError: No module named 'yfinance'
[2026-09-30T03:19:58.095+0000] {processor.py:842} WARNING - No viable dags retrieved from /opt/airflow/dags/dag_market_eod.py
[2026-09-30T03:19:58.112+0000] {processor.py:183} INFO - Processing /opt/airflow/dags/dag_market_eod.py took 0.026 seconds
[2026-09-30T03:20:28.175+0000] {processor.py:161} INFO - Started process (PID=199) to work on /opt/airflow/dags/dag_market_eod.py
[2026-09-30T03:20:28.177+0000] {processor.py:830} INFO - Processing file /opt/airflow/dags/dag_market_eod.py for tasks to queue
[2026-09-30T03:20:28.178+0000] {logging_mixin.py:188} INFO - [2026-09-30T03:20:28.178+0000] {dagbag.py:545} INFO - Filling up the DagBag from /opt/airflow/dags/dag_market_eod.py
[2026-09-30T03:20:28.182+0000] {logging_mixin.py:188} INFO - [2026-09-30T03:20:28.181+0000] {dagbag.py:355} ERROR - Failed to import: /opt/airflow/dags/dag_market_eod.py
Traceback (most recent call last):
  File "/home/airflow/.local/lib/python3.11/site-packages/airflow/models/dagbag.py", line 351, in parse
    loader.exec_module(new_module)
  File "<frozen importlib._bootstrap_external>", line 940, in exec_module
  File "<frozen importlib._bootstrap>", line 241, in _call_with_frames_removed
  File "/opt/airflow/dags/dag_market_eod.py", line 9, in <module>
    from src.extractors.market_data import fetch_and_store_market_data
  File "/opt/airflow/src/extractors/market_data.py", line 7, in <module>
    import yfinance as yf
ModuleNotFoundError: No module named 'yfinance'
[2026-09-30T03:20:28.182+0000] {processor.py:842} WARNING - No viable dags retrieved from /opt/airflow/dags/dag_market_eod.py
[2026-09-30T03:20:28.199+0000] {processor.py:183} INFO - Processing /opt/airflow/dags/dag_market_eod.py took 0.028 seconds
[2026-09-30T03:20:58.277+0000] {processor.py:161} INFO - Started process (PID=204) to work on /opt/airflow/dags/dag_market_eod.py
[2026-09-30T03:20:58.278+0000] {processor.py:830} INFO - Processing file /opt/airflow/dags/dag_market_eod.py for tasks to queue
[2026-09-30T03:20:58.279+0000] {logging_mixin.py:188} INFO - [2026-09-30T03:20:58.279+0000] {dagbag.py:545} INFO - Filling up the DagBag from /opt/airflow/dags/dag_market_eod.py
[2026-09-30T03:20:58.281+0000] {logging_mixin.py:188} INFO - [2026-09-30T03:20:58.281+0000] {dagbag.py:355} ERROR - Failed to import: /opt/airflow/dags/dag_market_eod.py
Traceback (most recent call last):
  File "/home/airflow/.local/lib/python3.11/site-packages/airflow/models/dagbag.py", line 351, in parse
    loader.exec_module(new_module)
  File "<frozen importlib._bootstrap_external>", line 940, in exec_module
  File "<frozen importlib._bootstrap>", line 241, in _call_with_frames_removed
  File "/opt/airflow/dags/dag_market_eod.py", line 9, in <module>
    from src.extractors.market_data import fetch_and_store_market_data
  File "/opt/airflow/src/extractors/market_data.py", line 7, in <module>
    import yfinance as yf
ModuleNotFoundError: No module named 'yfinance'
[2026-09-30T03:20:58.282+0000] {processor.py:842} WARNING - No viable dags retrieved from /opt/airflow/dags/dag_market_eod.py
[2026-09-30T03:20:58.299+0000] {processor.py:183} INFO - Processing /opt/airflow/dags/dag_market_eod.py took 0.025 seconds
[2026-09-30T03:21:17.742+0000] {processor.py:161} INFO - Started process (PID=173) to work on /opt/airflow/dags/dag_market_eod.py
[2026-09-30T03:21:17.745+0000] {processor.py:830} INFO - Processing file /opt/airflow/dags/dag_market_eod.py for tasks to queue
[2026-09-30T03:21:17.749+0000] {logging_mixin.py:188} INFO - [2026-09-30T03:21:17.749+0000] {dagbag.py:545} INFO - Filling up the DagBag from /opt/airflow/dags/dag_market_eod.py
[2026-09-30T03:21:17.761+0000] {logging_mixin.py:188} INFO - [2026-09-30T03:21:17.760+0000] {dagbag.py:355} ERROR - Failed to import: /opt/airflow/dags/dag_market_eod.py
Traceback (most recent call last):
  File "/home/airflow/.local/lib/python3.11/site-packages/airflow/models/dagbag.py", line 351, in parse
    loader.exec_module(new_module)
  File "<frozen importlib._bootstrap_external>", line 940, in exec_module
  File "<frozen importlib._bootstrap>", line 241, in _call_with_frames_removed
  File "/opt/airflow/dags/dag_market_eod.py", line 9, in <module>
    from src.extractors.market_data import fetch_and_store_market_data
  File "/opt/airflow/src/extractors/market_data.py", line 7, in <module>
    import yfinance as yf
ModuleNotFoundError: No module named 'yfinance'
[2026-09-30T03:21:17.762+0000] {processor.py:842} WARNING - No viable dags retrieved from /opt/airflow/dags/dag_market_eod.py
[2026-09-30T03:21:17.775+0000] {processor.py:183} INFO - Processing /opt/airflow/dags/dag_market_eod.py took 0.047 seconds
[2026-09-30T03:21:47.842+0000] {processor.py:161} INFO - Started process (PID=185) to work on /opt/airflow/dags/dag_market_eod.py
[2026-09-30T03:21:47.843+0000] {processor.py:830} INFO - Processing file /opt/airflow/dags/dag_market_eod.py for tasks to queue
[2026-09-30T03:21:47.844+0000] {logging_mixin.py:188} INFO - [2026-09-30T03:21:47.844+0000] {dagbag.py:545} INFO - Filling up the DagBag from /opt/airflow/dags/dag_market_eod.py
[2026-09-30T03:21:47.847+0000] {logging_mixin.py:188} INFO - [2026-09-30T03:21:47.846+0000] {dagbag.py:355} ERROR - Failed to import: /opt/airflow/dags/dag_market_eod.py
Traceback (most recent call last):
  File "/home/airflow/.local/lib/python3.11/site-packages/airflow/models/dagbag.py", line 351, in parse
    loader.exec_module(new_module)
  File "<frozen importlib._bootstrap_external>", line 940, in exec_module
  File "<frozen importlib._bootstrap>", line 241, in _call_with_frames_removed
  File "/opt/airflow/dags/dag_market_eod.py", line 9, in <module>
    from src.extractors.market_data import fetch_and_store_market_data
  File "/opt/airflow/src/extractors/market_data.py", line 7, in <module>
    import yfinance as yf
ModuleNotFoundError: No module named 'yfinance'
[2026-09-30T03:21:47.847+0000] {processor.py:842} WARNING - No viable dags retrieved from /opt/airflow/dags/dag_market_eod.py
[2026-09-30T03:21:47.864+0000] {processor.py:183} INFO - Processing /opt/airflow/dags/dag_market_eod.py took 0.026 seconds
[2026-09-30T03:22:17.930+0000] {processor.py:161} INFO - Started process (PID=202) to work on /opt/airflow/dags/dag_market_eod.py
[2026-09-30T03:22:17.932+0000] {processor.py:830} INFO - Processing file /opt/airflow/dags/dag_market_eod.py for tasks to queue
[2026-09-30T03:22:17.933+0000] {logging_mixin.py:188} INFO - [2026-09-30T03:22:17.932+0000] {dagbag.py:545} INFO - Filling up the DagBag from /opt/airflow/dags/dag_market_eod.py
[2026-09-30T03:22:17.935+0000] {logging_mixin.py:188} INFO - [2026-09-30T03:22:17.935+0000] {dagbag.py:355} ERROR - Failed to import: /opt/airflow/dags/dag_market_eod.py
Traceback (most recent call last):
  File "/home/airflow/.local/lib/python3.11/site-packages/airflow/models/dagbag.py", line 351, in parse
    loader.exec_module(new_module)
  File "<frozen importlib._bootstrap_external>", line 940, in exec_module
  File "<frozen importlib._bootstrap>", line 241, in _call_with_frames_removed
  File "/opt/airflow/dags/dag_market_eod.py", line 9, in <module>
    from src.extractors.market_data import fetch_and_store_market_data
  File "/opt/airflow/src/extractors/market_data.py", line 7, in <module>
    import yfinance as yf
ModuleNotFoundError: No module named 'yfinance'
[2026-09-30T03:22:17.935+0000] {processor.py:842} WARNING - No viable dags retrieved from /opt/airflow/dags/dag_market_eod.py
[2026-09-30T03:22:17.951+0000] {processor.py:183} INFO - Processing /opt/airflow/dags/dag_market_eod.py took 0.024 seconds
[2026-09-30T03:22:48.026+0000] {processor.py:161} INFO - Started process (PID=207) to work on /opt/airflow/dags/dag_market_eod.py
[2026-09-30T03:22:48.027+0000] {processor.py:830} INFO - Processing file /opt/airflow/dags/dag_market_eod.py for tasks to queue
[2026-09-30T03:22:48.028+0000] {logging_mixin.py:188} INFO - [2026-09-30T03:22:48.027+0000] {dagbag.py:545} INFO - Filling up the DagBag from /opt/airflow/dags/dag_market_eod.py
[2026-09-30T03:22:48.030+0000] {logging_mixin.py:188} INFO - [2026-09-30T03:22:48.030+0000] {dagbag.py:355} ERROR - Failed to import: /opt/airflow/dags/dag_market_eod.py
Traceback (most recent call last):
  File "/home/airflow/.local/lib/python3.11/site-packages/airflow/models/dagbag.py", line 351, in parse
    loader.exec_module(new_module)
  File "<frozen importlib._bootstrap_external>", line 940, in exec_module
  File "<frozen importlib._bootstrap>", line 241, in _call_with_frames_removed
  File "/opt/airflow/dags/dag_market_eod.py", line 9, in <module>
    from src.extractors.market_data import fetch_and_store_market_data
  File "/opt/airflow/src/extractors/market_data.py", line 7, in <module>
    import yfinance as yf
ModuleNotFoundError: No module named 'yfinance'
[2026-09-30T03:22:48.030+0000] {processor.py:842} WARNING - No viable dags retrieved from /opt/airflow/dags/dag_market_eod.py
[2026-09-30T03:22:48.046+0000] {processor.py:183} INFO - Processing /opt/airflow/dags/dag_market_eod.py took 0.023 seconds
[2026-09-30T03:23:18.114+0000] {processor.py:161} INFO - Started process (PID=212) to work on /opt/airflow/dags/dag_market_eod.py
[2026-09-30T03:23:18.116+0000] {processor.py:830} INFO - Processing file /opt/airflow/dags/dag_market_eod.py for tasks to queue
[2026-09-30T03:23:18.117+0000] {logging_mixin.py:188} INFO - [2026-09-30T03:23:18.117+0000] {dagbag.py:545} INFO - Filling up the DagBag from /opt/airflow/dags/dag_market_eod.py
[2026-09-30T03:23:18.121+0000] {logging_mixin.py:188} INFO - [2026-09-30T03:23:18.120+0000] {dagbag.py:355} ERROR - Failed to import: /opt/airflow/dags/dag_market_eod.py
Traceback (most recent call last):
  File "/home/airflow/.local/lib/python3.11/site-packages/airflow/models/dagbag.py", line 351, in parse
    loader.exec_module(new_module)
  File "<frozen importlib._bootstrap_external>", line 940, in exec_module
  File "<frozen importlib._bootstrap>", line 241, in _call_with_frames_removed
  File "/opt/airflow/dags/dag_market_eod.py", line 9, in <module>
    from src.extractors.market_data import fetch_and_store_market_data
  File "/opt/airflow/src/extractors/market_data.py", line 7, in <module>
    import yfinance as yf
ModuleNotFoundError: No module named 'yfinance'
[2026-09-30T03:23:18.122+0000] {processor.py:842} WARNING - No viable dags retrieved from /opt/airflow/dags/dag_market_eod.py
[2026-09-30T03:23:18.135+0000] {processor.py:183} INFO - Processing /opt/airflow/dags/dag_market_eod.py took 0.025 seconds
[2026-09-30T03:23:48.198+0000] {processor.py:161} INFO - Started process (PID=217) to work on /opt/airflow/dags/dag_market_eod.py
[2026-09-30T03:23:48.198+0000] {processor.py:830} INFO - Processing file /opt/airflow/dags/dag_market_eod.py for tasks to queue
[2026-09-30T03:23:48.199+0000] {logging_mixin.py:188} INFO - [2026-09-30T03:23:48.199+0000] {dagbag.py:545} INFO - Filling up the DagBag from /opt/airflow/dags/dag_market_eod.py
[2026-09-30T03:23:48.202+0000] {logging_mixin.py:188} INFO - [2026-09-30T03:23:48.201+0000] {dagbag.py:355} ERROR - Failed to import: /opt/airflow/dags/dag_market_eod.py
Traceback (most recent call last):
  File "/home/airflow/.local/lib/python3.11/site-packages/airflow/models/dagbag.py", line 351, in parse
    loader.exec_module(new_module)
  File "<frozen importlib._bootstrap_external>", line 940, in exec_module
  File "<frozen importlib._bootstrap>", line 241, in _call_with_frames_removed
  File "/opt/airflow/dags/dag_market_eod.py", line 9, in <module>
    from src.extractors.market_data import fetch_and_store_market_data
  File "/opt/airflow/src/extractors/market_data.py", line 7, in <module>
    import yfinance as yf
ModuleNotFoundError: No module named 'yfinance'
[2026-09-30T03:23:48.202+0000] {processor.py:842} WARNING - No viable dags retrieved from /opt/airflow/dags/dag_market_eod.py
[2026-09-30T03:23:48.214+0000] {processor.py:183} INFO - Processing /opt/airflow/dags/dag_market_eod.py took 0.019 seconds
[2026-09-30T03:24:33.084+0000] {processor.py:161} INFO - Started process (PID=179) to work on /opt/airflow/dags/dag_market_eod.py
[2026-09-30T03:24:33.085+0000] {processor.py:830} INFO - Processing file /opt/airflow/dags/dag_market_eod.py for tasks to queue
[2026-09-30T03:24:33.086+0000] {logging_mixin.py:188} INFO - [2026-09-30T03:24:33.085+0000] {dagbag.py:545} INFO - Filling up the DagBag from /opt/airflow/dags/dag_market_eod.py
[2026-09-30T03:24:33.088+0000] {logging_mixin.py:188} INFO - [2026-09-30T03:24:33.088+0000] {dagbag.py:355} ERROR - Failed to import: /opt/airflow/dags/dag_market_eod.py
Traceback (most recent call last):
  File "/home/airflow/.local/lib/python3.11/site-packages/airflow/models/dagbag.py", line 351, in parse
    loader.exec_module(new_module)
  File "<frozen importlib._bootstrap_external>", line 940, in exec_module
  File "<frozen importlib._bootstrap>", line 241, in _call_with_frames_removed
  File "/opt/airflow/dags/dag_market_eod.py", line 9, in <module>
    from src.extractors.market_data import fetch_and_store_market_data
  File "/opt/airflow/src/extractors/market_data.py", line 7, in <module>
    import yfinance as yf
ModuleNotFoundError: No module named 'yfinance'
[2026-09-30T03:24:33.088+0000] {processor.py:842} WARNING - No viable dags retrieved from /opt/airflow/dags/dag_market_eod.py
[2026-09-30T03:24:33.101+0000] {processor.py:183} INFO - Processing /opt/airflow/dags/dag_market_eod.py took 0.020 seconds
[2026-09-30T03:25:03.194+0000] {processor.py:161} INFO - Started process (PID=185) to work on /opt/airflow/dags/dag_market_eod.py
[2026-09-30T03:25:03.195+0000] {processor.py:830} INFO - Processing file /opt/airflow/dags/dag_market_eod.py for tasks to queue
[2026-09-30T03:25:03.196+0000] {logging_mixin.py:188} INFO - [2026-09-30T03:25:03.196+0000] {dagbag.py:545} INFO - Filling up the DagBag from /opt/airflow/dags/dag_market_eod.py
[2026-09-30T03:25:03.199+0000] {logging_mixin.py:188} INFO - [2026-09-30T03:25:03.198+0000] {dagbag.py:355} ERROR - Failed to import: /opt/airflow/dags/dag_market_eod.py
Traceback (most recent call last):
  File "/home/airflow/.local/lib/python3.11/site-packages/airflow/models/dagbag.py", line 351, in parse
    loader.exec_module(new_module)
  File "<frozen importlib._bootstrap_external>", line 940, in exec_module
  File "<frozen importlib._bootstrap>", line 241, in _call_with_frames_removed
  File "/opt/airflow/dags/dag_market_eod.py", line 9, in <module>
    from src.extractors.market_data import fetch_and_store_market_data
  File "/opt/airflow/src/extractors/market_data.py", line 7, in <module>
    import yfinance as yf
ModuleNotFoundError: No module named 'yfinance'
[2026-09-30T03:25:03.199+0000] {processor.py:842} WARNING - No viable dags retrieved from /opt/airflow/dags/dag_market_eod.py
[2026-09-30T03:25:03.212+0000] {processor.py:183} INFO - Processing /opt/airflow/dags/dag_market_eod.py took 0.022 seconds
[2026-09-30T03:25:39.862+0000] {processor.py:161} INFO - Started process (PID=179) to work on /opt/airflow/dags/dag_market_eod.py
[2026-09-30T03:25:39.863+0000] {processor.py:830} INFO - Processing file /opt/airflow/dags/dag_market_eod.py for tasks to queue
[2026-09-30T03:25:39.864+0000] {logging_mixin.py:188} INFO - [2026-09-30T03:25:39.863+0000] {dagbag.py:545} INFO - Filling up the DagBag from /opt/airflow/dags/dag_market_eod.py
[2026-09-30T03:25:39.868+0000] {logging_mixin.py:188} INFO - [2026-09-30T03:25:39.867+0000] {dagbag.py:355} ERROR - Failed to import: /opt/airflow/dags/dag_market_eod.py
Traceback (most recent call last):
  File "/home/airflow/.local/lib/python3.11/site-packages/airflow/models/dagbag.py", line 351, in parse
    loader.exec_module(new_module)
  File "<frozen importlib._bootstrap_external>", line 940, in exec_module
  File "<frozen importlib._bootstrap>", line 241, in _call_with_frames_removed
  File "/opt/airflow/dags/dag_market_eod.py", line 9, in <module>
    from src.extractors.market_data import fetch_and_store_market_data
  File "/opt/airflow/src/extractors/market_data.py", line 7, in <module>
    import yfinance as yf
ModuleNotFoundError: No module named 'yfinance'
[2026-09-30T03:25:39.869+0000] {processor.py:842} WARNING - No viable dags retrieved from /opt/airflow/dags/dag_market_eod.py
[2026-09-30T03:25:39.885+0000] {processor.py:183} INFO - Processing /opt/airflow/dags/dag_market_eod.py took 0.028 seconds
[2026-09-30T03:26:09.980+0000] {processor.py:161} INFO - Started process (PID=185) to work on /opt/airflow/dags/dag_market_eod.py
[2026-09-30T03:26:09.980+0000] {processor.py:830} INFO - Processing file /opt/airflow/dags/dag_market_eod.py for tasks to queue
[2026-09-30T03:26:09.981+0000] {logging_mixin.py:188} INFO - [2026-09-30T03:26:09.981+0000] {dagbag.py:545} INFO - Filling up the DagBag from /opt/airflow/dags/dag_market_eod.py
[2026-09-30T03:26:09.984+0000] {logging_mixin.py:188} INFO - [2026-09-30T03:26:09.984+0000] {dagbag.py:355} ERROR - Failed to import: /opt/airflow/dags/dag_market_eod.py
Traceback (most recent call last):
  File "/home/airflow/.local/lib/python3.11/site-packages/airflow/models/dagbag.py", line 351, in parse
    loader.exec_module(new_module)
  File "<frozen importlib._bootstrap_external>", line 940, in exec_module
  File "<frozen importlib._bootstrap>", line 241, in _call_with_frames_removed
  File "/opt/airflow/dags/dag_market_eod.py", line 9, in <module>
    from src.extractors.market_data import fetch_and_store_market_data
  File "/opt/airflow/src/extractors/market_data.py", line 7, in <module>
    import yfinance as yf
ModuleNotFoundError: No module named 'yfinance'
[2026-09-30T03:26:09.984+0000] {processor.py:842} WARNING - No viable dags retrieved from /opt/airflow/dags/dag_market_eod.py
[2026-09-30T03:26:10.001+0000] {processor.py:183} INFO - Processing /opt/airflow/dags/dag_market_eod.py took 0.024 seconds
[2026-09-30T03:26:40.070+0000] {processor.py:161} INFO - Started process (PID=190) to work on /opt/airflow/dags/dag_market_eod.py
[2026-09-30T03:26:40.070+0000] {processor.py:830} INFO - Processing file /opt/airflow/dags/dag_market_eod.py for tasks to queue
[2026-09-30T03:26:40.072+0000] {logging_mixin.py:188} INFO - [2026-09-30T03:26:40.071+0000] {dagbag.py:545} INFO - Filling up the DagBag from /opt/airflow/dags/dag_market_eod.py
[2026-09-30T03:26:40.076+0000] {logging_mixin.py:188} INFO - [2026-09-30T03:26:40.075+0000] {dagbag.py:355} ERROR - Failed to import: /opt/airflow/dags/dag_market_eod.py
Traceback (most recent call last):
  File "/home/airflow/.local/lib/python3.11/site-packages/airflow/models/dagbag.py", line 351, in parse
    loader.exec_module(new_module)
  File "<frozen importlib._bootstrap_external>", line 940, in exec_module
  File "<frozen importlib._bootstrap>", line 241, in _call_with_frames_removed
  File "/opt/airflow/dags/dag_market_eod.py", line 9, in <module>
    from src.extractors.market_data import fetch_and_store_market_data
  File "/opt/airflow/src/extractors/market_data.py", line 7, in <module>
    import yfinance as yf
ModuleNotFoundError: No module named 'yfinance'
[2026-09-30T03:26:40.077+0000] {processor.py:842} WARNING - No viable dags retrieved from /opt/airflow/dags/dag_market_eod.py
[2026-09-30T03:26:40.091+0000] {processor.py:183} INFO - Processing /opt/airflow/dags/dag_market_eod.py took 0.026 seconds
[2026-09-30T03:27:10.158+0000] {processor.py:161} INFO - Started process (PID=195) to work on /opt/airflow/dags/dag_market_eod.py
[2026-09-30T03:27:10.159+0000] {processor.py:830} INFO - Processing file /opt/airflow/dags/dag_market_eod.py for tasks to queue
[2026-09-30T03:27:10.160+0000] {logging_mixin.py:188} INFO - [2026-09-30T03:27:10.160+0000] {dagbag.py:545} INFO - Filling up the DagBag from /opt/airflow/dags/dag_market_eod.py
[2026-09-30T03:27:10.163+0000] {logging_mixin.py:188} INFO - [2026-09-30T03:27:10.162+0000] {dagbag.py:355} ERROR - Failed to import: /opt/airflow/dags/dag_market_eod.py
Traceback (most recent call last):
  File "/home/airflow/.local/lib/python3.11/site-packages/airflow/models/dagbag.py", line 351, in parse
    loader.exec_module(new_module)
  File "<frozen importlib._bootstrap_external>", line 940, in exec_module
  File "<frozen importlib._bootstrap>", line 241, in _call_with_frames_removed
  File "/opt/airflow/dags/dag_market_eod.py", line 9, in <module>
    from src.extractors.market_data import fetch_and_store_market_data
  File "/opt/airflow/src/extractors/market_data.py", line 7, in <module>
    import yfinance as yf
ModuleNotFoundError: No module named 'yfinance'
[2026-09-30T03:27:10.163+0000] {processor.py:842} WARNING - No viable dags retrieved from /opt/airflow/dags/dag_market_eod.py
[2026-09-30T03:27:10.181+0000] {processor.py:183} INFO - Processing /opt/airflow/dags/dag_market_eod.py took 0.027 seconds
[2026-09-30T03:28:15.810+0000] {processor.py:161} INFO - Started process (PID=173) to work on /opt/airflow/dags/dag_market_eod.py
[2026-09-30T03:28:15.811+0000] {processor.py:830} INFO - Processing file /opt/airflow/dags/dag_market_eod.py for tasks to queue
[2026-09-30T03:28:15.812+0000] {logging_mixin.py:188} INFO - [2026-09-30T03:28:15.812+0000] {dagbag.py:545} INFO - Filling up the DagBag from /opt/airflow/dags/dag_market_eod.py
[2026-09-30T03:28:15.816+0000] {logging_mixin.py:188} INFO - [2026-09-30T03:28:15.816+0000] {dagbag.py:355} ERROR - Failed to import: /opt/airflow/dags/dag_market_eod.py
Traceback (most recent call last):
  File "/home/airflow/.local/lib/python3.11/site-packages/airflow/models/dagbag.py", line 351, in parse
    loader.exec_module(new_module)
  File "<frozen importlib._bootstrap_external>", line 940, in exec_module
  File "<frozen importlib._bootstrap>", line 241, in _call_with_frames_removed
  File "/opt/airflow/dags/dag_market_eod.py", line 9, in <module>
    from src.extractors.market_data import fetch_and_store_market_data
  File "/opt/airflow/src/extractors/market_data.py", line 7, in <module>
    import yfinance as yf
ModuleNotFoundError: No module named 'yfinance'
[2026-09-30T03:28:15.817+0000] {processor.py:842} WARNING - No viable dags retrieved from /opt/airflow/dags/dag_market_eod.py
[2026-09-30T03:28:15.832+0000] {processor.py:183} INFO - Processing /opt/airflow/dags/dag_market_eod.py took 0.026 seconds
[2026-09-30T03:28:45.915+0000] {processor.py:161} INFO - Started process (PID=185) to work on /opt/airflow/dags/dag_market_eod.py
[2026-09-30T03:28:45.916+0000] {processor.py:830} INFO - Processing file /opt/airflow/dags/dag_market_eod.py for tasks to queue
[2026-09-30T03:28:45.917+0000] {logging_mixin.py:188} INFO - [2026-09-30T03:28:45.917+0000] {dagbag.py:545} INFO - Filling up the DagBag from /opt/airflow/dags/dag_market_eod.py
[2026-09-30T03:28:45.921+0000] {logging_mixin.py:188} INFO - [2026-09-30T03:28:45.920+0000] {dagbag.py:355} ERROR - Failed to import: /opt/airflow/dags/dag_market_eod.py
Traceback (most recent call last):
  File "/home/airflow/.local/lib/python3.11/site-packages/airflow/models/dagbag.py", line 351, in parse
    loader.exec_module(new_module)
  File "<frozen importlib._bootstrap_external>", line 940, in exec_module
  File "<frozen importlib._bootstrap>", line 241, in _call_with_frames_removed
  File "/opt/airflow/dags/dag_market_eod.py", line 9, in <module>
    from src.extractors.market_data import fetch_and_store_market_data
  File "/opt/airflow/src/extractors/market_data.py", line 7, in <module>
    import yfinance as yf
ModuleNotFoundError: No module named 'yfinance'
[2026-09-30T03:28:45.921+0000] {processor.py:842} WARNING - No viable dags retrieved from /opt/airflow/dags/dag_market_eod.py
[2026-09-30T03:28:45.934+0000] {processor.py:183} INFO - Processing /opt/airflow/dags/dag_market_eod.py took 0.023 seconds
[2026-09-30T03:29:16.010+0000] {processor.py:161} INFO - Started process (PID=190) to work on /opt/airflow/dags/dag_market_eod.py
[2026-09-30T03:29:16.012+0000] {processor.py:830} INFO - Processing file /opt/airflow/dags/dag_market_eod.py for tasks to queue
[2026-09-30T03:29:16.013+0000] {logging_mixin.py:188} INFO - [2026-09-30T03:29:16.013+0000] {dagbag.py:545} INFO - Filling up the DagBag from /opt/airflow/dags/dag_market_eod.py
[2026-09-30T03:29:16.016+0000] {logging_mixin.py:188} INFO - [2026-09-30T03:29:16.015+0000] {dagbag.py:355} ERROR - Failed to import: /opt/airflow/dags/dag_market_eod.py
Traceback (most recent call last):
  File "/home/airflow/.local/lib/python3.11/site-packages/airflow/models/dagbag.py", line 351, in parse
    loader.exec_module(new_module)
  File "<frozen importlib._bootstrap_external>", line 940, in exec_module
  File "<frozen importlib._bootstrap>", line 241, in _call_with_frames_removed
  File "/opt/airflow/dags/dag_market_eod.py", line 9, in <module>
    from src.extractors.market_data import fetch_and_store_market_data
  File "/opt/airflow/src/extractors/market_data.py", line 7, in <module>
    import yfinance as yf
ModuleNotFoundError: No module named 'yfinance'
[2026-09-30T03:29:16.016+0000] {processor.py:842} WARNING - No viable dags retrieved from /opt/airflow/dags/dag_market_eod.py
[2026-09-30T03:29:16.030+0000] {processor.py:183} INFO - Processing /opt/airflow/dags/dag_market_eod.py took 0.022 seconds
[2026-09-30T03:29:46.103+0000] {processor.py:161} INFO - Started process (PID=195) to work on /opt/airflow/dags/dag_market_eod.py
[2026-09-30T03:29:46.123+0000] {processor.py:830} INFO - Processing file /opt/airflow/dags/dag_market_eod.py for tasks to queue
[2026-09-30T03:29:46.125+0000] {logging_mixin.py:188} INFO - [2026-09-30T03:29:46.124+0000] {dagbag.py:545} INFO - Filling up the DagBag from /opt/airflow/dags/dag_market_eod.py
[2026-09-30T03:29:46.128+0000] {logging_mixin.py:188} INFO - [2026-09-30T03:29:46.127+0000] {dagbag.py:355} ERROR - Failed to import: /opt/airflow/dags/dag_market_eod.py
Traceback (most recent call last):
  File "/home/airflow/.local/lib/python3.11/site-packages/airflow/models/dagbag.py", line 351, in parse
    loader.exec_module(new_module)
  File "<frozen importlib._bootstrap_external>", line 940, in exec_module
  File "<frozen importlib._bootstrap>", line 241, in _call_with_frames_removed
  File "/opt/airflow/dags/dag_market_eod.py", line 9, in <module>
    from src.extractors.market_data import fetch_and_store_market_data
  File "/opt/airflow/src/extractors/market_data.py", line 7, in <module>
    import yfinance as yf
ModuleNotFoundError: No module named 'yfinance'
[2026-09-30T03:29:46.128+0000] {processor.py:842} WARNING - No viable dags retrieved from /opt/airflow/dags/dag_market_eod.py
[2026-09-30T03:29:46.144+0000] {processor.py:183} INFO - Processing /opt/airflow/dags/dag_market_eod.py took 0.045 seconds
[2026-09-30T03:30:16.201+0000] {processor.py:161} INFO - Started process (PID=200) to work on /opt/airflow/dags/dag_market_eod.py
[2026-09-30T03:30:16.201+0000] {processor.py:830} INFO - Processing file /opt/airflow/dags/dag_market_eod.py for tasks to queue
[2026-09-30T03:30:16.202+0000] {logging_mixin.py:188} INFO - [2026-09-30T03:30:16.202+0000] {dagbag.py:545} INFO - Filling up the DagBag from /opt/airflow/dags/dag_market_eod.py
[2026-09-30T03:30:16.205+0000] {logging_mixin.py:188} INFO - [2026-09-30T03:30:16.205+0000] {dagbag.py:355} ERROR - Failed to import: /opt/airflow/dags/dag_market_eod.py
Traceback (most recent call last):
  File "/home/airflow/.local/lib/python3.11/site-packages/airflow/models/dagbag.py", line 351, in parse
    loader.exec_module(new_module)
  File "<frozen importlib._bootstrap_external>", line 940, in exec_module
  File "<frozen importlib._bootstrap>", line 241, in _call_with_frames_removed
  File "/opt/airflow/dags/dag_market_eod.py", line 9, in <module>
    from src.extractors.market_data import fetch_and_store_market_data
  File "/opt/airflow/src/extractors/market_data.py", line 7, in <module>
    import yfinance as yf
ModuleNotFoundError: No module named 'yfinance'
[2026-09-30T03:30:16.205+0000] {processor.py:842} WARNING - No viable dags retrieved from /opt/airflow/dags/dag_market_eod.py
[2026-09-30T03:30:16.218+0000] {processor.py:183} INFO - Processing /opt/airflow/dags/dag_market_eod.py took 0.021 seconds
[2026-09-30T03:30:46.305+0000] {processor.py:161} INFO - Started process (PID=205) to work on /opt/airflow/dags/dag_market_eod.py
[2026-09-30T03:30:46.307+0000] {processor.py:830} INFO - Processing file /opt/airflow/dags/dag_market_eod.py for tasks to queue
[2026-09-30T03:30:46.308+0000] {logging_mixin.py:188} INFO - [2026-09-30T03:30:46.308+0000] {dagbag.py:545} INFO - Filling up the DagBag from /opt/airflow/dags/dag_market_eod.py
[2026-09-30T03:30:46.311+0000] {logging_mixin.py:188} INFO - [2026-09-30T03:30:46.310+0000] {dagbag.py:355} ERROR - Failed to import: /opt/airflow/dags/dag_market_eod.py
Traceback (most recent call last):
  File "/home/airflow/.local/lib/python3.11/site-packages/airflow/models/dagbag.py", line 351, in parse
    loader.exec_module(new_module)
  File "<frozen importlib._bootstrap_external>", line 940, in exec_module
  File "<frozen importlib._bootstrap>", line 241, in _call_with_frames_removed
  File "/opt/airflow/dags/dag_market_eod.py", line 9, in <module>
    from src.extractors.market_data import fetch_and_store_market_data
  File "/opt/airflow/src/extractors/market_data.py", line 7, in <module>
    import yfinance as yf
ModuleNotFoundError: No module named 'yfinance'
[2026-09-30T03:30:46.311+0000] {processor.py:842} WARNING - No viable dags retrieved from /opt/airflow/dags/dag_market_eod.py
[2026-09-30T03:30:46.325+0000] {processor.py:183} INFO - Processing /opt/airflow/dags/dag_market_eod.py took 0.023 seconds
[2026-09-30T03:31:16.397+0000] {processor.py:161} INFO - Started process (PID=210) to work on /opt/airflow/dags/dag_market_eod.py
[2026-09-30T03:31:16.399+0000] {processor.py:830} INFO - Processing file /opt/airflow/dags/dag_market_eod.py for tasks to queue
[2026-09-30T03:31:16.400+0000] {logging_mixin.py:188} INFO - [2026-09-30T03:31:16.400+0000] {dagbag.py:545} INFO - Filling up the DagBag from /opt/airflow/dags/dag_market_eod.py
[2026-09-30T03:31:16.403+0000] {logging_mixin.py:188} INFO - [2026-09-30T03:31:16.402+0000] {dagbag.py:355} ERROR - Failed to import: /opt/airflow/dags/dag_market_eod.py
Traceback (most recent call last):
  File "/home/airflow/.local/lib/python3.11/site-packages/airflow/models/dagbag.py", line 351, in parse
    loader.exec_module(new_module)
  File "<frozen importlib._bootstrap_external>", line 940, in exec_module
  File "<frozen importlib._bootstrap>", line 241, in _call_with_frames_removed
  File "/opt/airflow/dags/dag_market_eod.py", line 9, in <module>
    from src.extractors.market_data import fetch_and_store_market_data
  File "/opt/airflow/src/extractors/market_data.py", line 7, in <module>
    import yfinance as yf
ModuleNotFoundError: No module named 'yfinance'
[2026-09-30T03:31:16.403+0000] {processor.py:842} WARNING - No viable dags retrieved from /opt/airflow/dags/dag_market_eod.py
[2026-09-30T03:31:16.416+0000] {processor.py:183} INFO - Processing /opt/airflow/dags/dag_market_eod.py took 0.023 seconds
[2026-09-30T03:31:46.496+0000] {processor.py:161} INFO - Started process (PID=215) to work on /opt/airflow/dags/dag_market_eod.py
[2026-09-30T03:31:46.496+0000] {processor.py:830} INFO - Processing file /opt/airflow/dags/dag_market_eod.py for tasks to queue
[2026-09-30T03:31:46.497+0000] {logging_mixin.py:188} INFO - [2026-09-30T03:31:46.497+0000] {dagbag.py:545} INFO - Filling up the DagBag from /opt/airflow/dags/dag_market_eod.py
[2026-09-30T03:31:46.500+0000] {logging_mixin.py:188} INFO - [2026-09-30T03:31:46.500+0000] {dagbag.py:355} ERROR - Failed to import: /opt/airflow/dags/dag_market_eod.py
Traceback (most recent call last):
  File "/home/airflow/.local/lib/python3.11/site-packages/airflow/models/dagbag.py", line 351, in parse
    loader.exec_module(new_module)
  File "<frozen importlib._bootstrap_external>", line 940, in exec_module
  File "<frozen importlib._bootstrap>", line 241, in _call_with_frames_removed
  File "/opt/airflow/dags/dag_market_eod.py", line 9, in <module>
    from src.extractors.market_data import fetch_and_store_market_data
  File "/opt/airflow/src/extractors/market_data.py", line 7, in <module>
    import yfinance as yf
ModuleNotFoundError: No module named 'yfinance'
[2026-09-30T03:31:46.500+0000] {processor.py:842} WARNING - No viable dags retrieved from /opt/airflow/dags/dag_market_eod.py
[2026-09-30T03:31:46.516+0000] {processor.py:183} INFO - Processing /opt/airflow/dags/dag_market_eod.py took 0.023 seconds
[2026-09-30T03:32:16.587+0000] {processor.py:161} INFO - Started process (PID=220) to work on /opt/airflow/dags/dag_market_eod.py
[2026-09-30T03:32:16.590+0000] {processor.py:830} INFO - Processing file /opt/airflow/dags/dag_market_eod.py for tasks to queue
[2026-09-30T03:32:16.591+0000] {logging_mixin.py:188} INFO - [2026-09-30T03:32:16.590+0000] {dagbag.py:545} INFO - Filling up the DagBag from /opt/airflow/dags/dag_market_eod.py
[2026-09-30T03:32:16.594+0000] {logging_mixin.py:188} INFO - [2026-09-30T03:32:16.593+0000] {dagbag.py:355} ERROR - Failed to import: /opt/airflow/dags/dag_market_eod.py
Traceback (most recent call last):
  File "/home/airflow/.local/lib/python3.11/site-packages/airflow/models/dagbag.py", line 351, in parse
    loader.exec_module(new_module)
  File "<frozen importlib._bootstrap_external>", line 940, in exec_module
  File "<frozen importlib._bootstrap>", line 241, in _call_with_frames_removed
  File "/opt/airflow/dags/dag_market_eod.py", line 9, in <module>
    from src.extractors.market_data import fetch_and_store_market_data
  File "/opt/airflow/src/extractors/market_data.py", line 7, in <module>
    import yfinance as yf
ModuleNotFoundError: No module named 'yfinance'
[2026-09-30T03:32:16.595+0000] {processor.py:842} WARNING - No viable dags retrieved from /opt/airflow/dags/dag_market_eod.py
[2026-09-30T03:32:16.611+0000] {processor.py:183} INFO - Processing /opt/airflow/dags/dag_market_eod.py took 0.027 seconds
[2026-09-30T03:32:46.672+0000] {processor.py:161} INFO - Started process (PID=225) to work on /opt/airflow/dags/dag_market_eod.py
[2026-09-30T03:32:46.674+0000] {processor.py:830} INFO - Processing file /opt/airflow/dags/dag_market_eod.py for tasks to queue
[2026-09-30T03:32:46.675+0000] {logging_mixin.py:188} INFO - [2026-09-30T03:32:46.675+0000] {dagbag.py:545} INFO - Filling up the DagBag from /opt/airflow/dags/dag_market_eod.py
[2026-09-30T03:32:46.678+0000] {logging_mixin.py:188} INFO - [2026-09-30T03:32:46.678+0000] {dagbag.py:355} ERROR - Failed to import: /opt/airflow/dags/dag_market_eod.py
Traceback (most recent call last):
  File "/home/airflow/.local/lib/python3.11/site-packages/airflow/models/dagbag.py", line 351, in parse
    loader.exec_module(new_module)
  File "<frozen importlib._bootstrap_external>", line 940, in exec_module
  File "<frozen importlib._bootstrap>", line 241, in _call_with_frames_removed
  File "/opt/airflow/dags/dag_market_eod.py", line 9, in <module>
    from src.extractors.market_data import fetch_and_store_market_data
  File "/opt/airflow/src/extractors/market_data.py", line 7, in <module>
    import yfinance as yf
ModuleNotFoundError: No module named 'yfinance'
[2026-09-30T03:32:46.679+0000] {processor.py:842} WARNING - No viable dags retrieved from /opt/airflow/dags/dag_market_eod.py
[2026-09-30T03:32:46.694+0000] {processor.py:183} INFO - Processing /opt/airflow/dags/dag_market_eod.py took 0.026 seconds
[2026-09-30T03:33:16.853+0000] {processor.py:161} INFO - Started process (PID=230) to work on /opt/airflow/dags/dag_market_eod.py
[2026-09-30T03:33:16.854+0000] {processor.py:830} INFO - Processing file /opt/airflow/dags/dag_market_eod.py for tasks to queue
[2026-09-30T03:33:16.855+0000] {logging_mixin.py:188} INFO - [2026-09-30T03:33:16.855+0000] {dagbag.py:545} INFO - Filling up the DagBag from /opt/airflow/dags/dag_market_eod.py
[2026-09-30T03:33:16.859+0000] {logging_mixin.py:188} INFO - [2026-09-30T03:33:16.858+0000] {dagbag.py:355} ERROR - Failed to import: /opt/airflow/dags/dag_market_eod.py
Traceback (most recent call last):
  File "/home/airflow/.local/lib/python3.11/site-packages/airflow/models/dagbag.py", line 351, in parse
    loader.exec_module(new_module)
  File "<frozen importlib._bootstrap_external>", line 940, in exec_module
  File "<frozen importlib._bootstrap>", line 241, in _call_with_frames_removed
  File "/opt/airflow/dags/dag_market_eod.py", line 9, in <module>
    from src.extractors.market_data import fetch_and_store_market_data
  File "/opt/airflow/src/extractors/market_data.py", line 7, in <module>
    import yfinance as yf
ModuleNotFoundError: No module named 'yfinance'
[2026-09-30T03:33:16.859+0000] {processor.py:842} WARNING - No viable dags retrieved from /opt/airflow/dags/dag_market_eod.py
[2026-09-30T03:33:16.872+0000] {processor.py:183} INFO - Processing /opt/airflow/dags/dag_market_eod.py took 0.023 seconds
[2026-09-30T03:33:46.944+0000] {processor.py:161} INFO - Started process (PID=235) to work on /opt/airflow/dags/dag_market_eod.py
[2026-09-30T03:33:46.946+0000] {processor.py:830} INFO - Processing file /opt/airflow/dags/dag_market_eod.py for tasks to queue
[2026-09-30T03:33:46.947+0000] {logging_mixin.py:188} INFO - [2026-09-30T03:33:46.946+0000] {dagbag.py:545} INFO - Filling up the DagBag from /opt/airflow/dags/dag_market_eod.py
[2026-09-30T03:33:46.950+0000] {logging_mixin.py:188} INFO - [2026-09-30T03:33:46.949+0000] {dagbag.py:355} ERROR - Failed to import: /opt/airflow/dags/dag_market_eod.py
Traceback (most recent call last):
  File "/home/airflow/.local/lib/python3.11/site-packages/airflow/models/dagbag.py", line 351, in parse
    loader.exec_module(new_module)
  File "<frozen importlib._bootstrap_external>", line 940, in exec_module
  File "<frozen importlib._bootstrap>", line 241, in _call_with_frames_removed
  File "/opt/airflow/dags/dag_market_eod.py", line 9, in <module>
    from src.extractors.market_data import fetch_and_store_market_data
  File "/opt/airflow/src/extractors/market_data.py", line 7, in <module>
    import yfinance as yf
ModuleNotFoundError: No module named 'yfinance'
[2026-09-30T03:33:46.950+0000] {processor.py:842} WARNING - No viable dags retrieved from /opt/airflow/dags/dag_market_eod.py
[2026-09-30T03:33:46.969+0000] {processor.py:183} INFO - Processing /opt/airflow/dags/dag_market_eod.py took 0.029 seconds
[2026-09-30T03:34:17.032+0000] {processor.py:161} INFO - Started process (PID=240) to work on /opt/airflow/dags/dag_market_eod.py
[2026-09-30T03:34:17.033+0000] {processor.py:830} INFO - Processing file /opt/airflow/dags/dag_market_eod.py for tasks to queue
[2026-09-30T03:34:17.034+0000] {logging_mixin.py:188} INFO - [2026-09-30T03:34:17.034+0000] {dagbag.py:545} INFO - Filling up the DagBag from /opt/airflow/dags/dag_market_eod.py
[2026-09-30T03:34:17.037+0000] {logging_mixin.py:188} INFO - [2026-09-30T03:34:17.037+0000] {dagbag.py:355} ERROR - Failed to import: /opt/airflow/dags/dag_market_eod.py
Traceback (most recent call last):
  File "/home/airflow/.local/lib/python3.11/site-packages/airflow/models/dagbag.py", line 351, in parse
    loader.exec_module(new_module)
  File "<frozen importlib._bootstrap_external>", line 940, in exec_module
  File "<frozen importlib._bootstrap>", line 241, in _call_with_frames_removed
  File "/opt/airflow/dags/dag_market_eod.py", line 9, in <module>
    from src.extractors.market_data import fetch_and_store_market_data
  File "/opt/airflow/src/extractors/market_data.py", line 7, in <module>
    import yfinance as yf
ModuleNotFoundError: No module named 'yfinance'
[2026-09-30T03:34:17.038+0000] {processor.py:842} WARNING - No viable dags retrieved from /opt/airflow/dags/dag_market_eod.py
[2026-09-30T03:34:17.053+0000] {processor.py:183} INFO - Processing /opt/airflow/dags/dag_market_eod.py took 0.025 seconds
[2026-09-30T03:34:47.127+0000] {processor.py:161} INFO - Started process (PID=245) to work on /opt/airflow/dags/dag_market_eod.py
[2026-09-30T03:34:47.129+0000] {processor.py:830} INFO - Processing file /opt/airflow/dags/dag_market_eod.py for tasks to queue
[2026-09-30T03:34:47.130+0000] {logging_mixin.py:188} INFO - [2026-09-30T03:34:47.130+0000] {dagbag.py:545} INFO - Filling up the DagBag from /opt/airflow/dags/dag_market_eod.py
[2026-09-30T03:34:47.133+0000] {logging_mixin.py:188} INFO - [2026-09-30T03:34:47.132+0000] {dagbag.py:355} ERROR - Failed to import: /opt/airflow/dags/dag_market_eod.py
Traceback (most recent call last):
  File "/home/airflow/.local/lib/python3.11/site-packages/airflow/models/dagbag.py", line 351, in parse
    loader.exec_module(new_module)
  File "<frozen importlib._bootstrap_external>", line 940, in exec_module
  File "<frozen importlib._bootstrap>", line 241, in _call_with_frames_removed
  File "/opt/airflow/dags/dag_market_eod.py", line 9, in <module>
    from src.extractors.market_data import fetch_and_store_market_data
  File "/opt/airflow/src/extractors/market_data.py", line 7, in <module>
    import yfinance as yf
ModuleNotFoundError: No module named 'yfinance'
[2026-09-30T03:34:47.133+0000] {processor.py:842} WARNING - No viable dags retrieved from /opt/airflow/dags/dag_market_eod.py
[2026-09-30T03:34:47.147+0000] {processor.py:183} INFO - Processing /opt/airflow/dags/dag_market_eod.py took 0.023 seconds
[2026-09-30T03:35:17.224+0000] {processor.py:161} INFO - Started process (PID=250) to work on /opt/airflow/dags/dag_market_eod.py
[2026-09-30T03:35:17.225+0000] {processor.py:830} INFO - Processing file /opt/airflow/dags/dag_market_eod.py for tasks to queue
[2026-09-30T03:35:17.226+0000] {logging_mixin.py:188} INFO - [2026-09-30T03:35:17.226+0000] {dagbag.py:545} INFO - Filling up the DagBag from /opt/airflow/dags/dag_market_eod.py
[2026-09-30T03:35:17.229+0000] {logging_mixin.py:188} INFO - [2026-09-30T03:35:17.228+0000] {dagbag.py:355} ERROR - Failed to import: /opt/airflow/dags/dag_market_eod.py
Traceback (most recent call last):
  File "/home/airflow/.local/lib/python3.11/site-packages/airflow/models/dagbag.py", line 351, in parse
    loader.exec_module(new_module)
  File "<frozen importlib._bootstrap_external>", line 940, in exec_module
  File "<frozen importlib._bootstrap>", line 241, in _call_with_frames_removed
  File "/opt/airflow/dags/dag_market_eod.py", line 9, in <module>
    from src.extractors.market_data import fetch_and_store_market_data
  File "/opt/airflow/src/extractors/market_data.py", line 7, in <module>
    import yfinance as yf
ModuleNotFoundError: No module named 'yfinance'
[2026-09-30T03:35:17.229+0000] {processor.py:842} WARNING - No viable dags retrieved from /opt/airflow/dags/dag_market_eod.py
[2026-09-30T03:35:17.242+0000] {processor.py:183} INFO - Processing /opt/airflow/dags/dag_market_eod.py took 0.022 seconds
[2026-09-30T03:35:47.304+0000] {processor.py:161} INFO - Started process (PID=255) to work on /opt/airflow/dags/dag_market_eod.py
[2026-09-30T03:35:47.306+0000] {processor.py:830} INFO - Processing file /opt/airflow/dags/dag_market_eod.py for tasks to queue
[2026-09-30T03:35:47.307+0000] {logging_mixin.py:188} INFO - [2026-09-30T03:35:47.307+0000] {dagbag.py:545} INFO - Filling up the DagBag from /opt/airflow/dags/dag_market_eod.py
[2026-09-30T03:35:47.310+0000] {logging_mixin.py:188} INFO - [2026-09-30T03:35:47.310+0000] {dagbag.py:355} ERROR - Failed to import: /opt/airflow/dags/dag_market_eod.py
Traceback (most recent call last):
  File "/home/airflow/.local/lib/python3.11/site-packages/airflow/models/dagbag.py", line 351, in parse
    loader.exec_module(new_module)
  File "<frozen importlib._bootstrap_external>", line 940, in exec_module
  File "<frozen importlib._bootstrap>", line 241, in _call_with_frames_removed
  File "/opt/airflow/dags/dag_market_eod.py", line 9, in <module>
    from src.extractors.market_data import fetch_and_store_market_data
  File "/opt/airflow/src/extractors/market_data.py", line 7, in <module>
    import yfinance as yf
ModuleNotFoundError: No module named 'yfinance'
[2026-09-30T03:35:47.311+0000] {processor.py:842} WARNING - No viable dags retrieved from /opt/airflow/dags/dag_market_eod.py
[2026-09-30T03:35:47.324+0000] {processor.py:183} INFO - Processing /opt/airflow/dags/dag_market_eod.py took 0.023 seconds
[2026-09-30T03:36:17.404+0000] {processor.py:161} INFO - Started process (PID=260) to work on /opt/airflow/dags/dag_market_eod.py
[2026-09-30T03:36:17.405+0000] {processor.py:830} INFO - Processing file /opt/airflow/dags/dag_market_eod.py for tasks to queue
[2026-09-30T03:36:17.406+0000] {logging_mixin.py:188} INFO - [2026-09-30T03:36:17.405+0000] {dagbag.py:545} INFO - Filling up the DagBag from /opt/airflow/dags/dag_market_eod.py
[2026-09-30T03:36:17.409+0000] {logging_mixin.py:188} INFO - [2026-09-30T03:36:17.408+0000] {dagbag.py:355} ERROR - Failed to import: /opt/airflow/dags/dag_market_eod.py
Traceback (most recent call last):
  File "/home/airflow/.local/lib/python3.11/site-packages/airflow/models/dagbag.py", line 351, in parse
    loader.exec_module(new_module)
  File "<frozen importlib._bootstrap_external>", line 940, in exec_module
  File "<frozen importlib._bootstrap>", line 241, in _call_with_frames_removed
  File "/opt/airflow/dags/dag_market_eod.py", line 9, in <module>
    from src.extractors.market_data import fetch_and_store_market_data
  File "/opt/airflow/src/extractors/market_data.py", line 7, in <module>
    import yfinance as yf
ModuleNotFoundError: No module named 'yfinance'
[2026-09-30T03:36:17.409+0000] {processor.py:842} WARNING - No viable dags retrieved from /opt/airflow/dags/dag_market_eod.py
[2026-09-30T03:36:17.424+0000] {processor.py:183} INFO - Processing /opt/airflow/dags/dag_market_eod.py took 0.023 seconds
[2026-09-30T03:36:47.491+0000] {processor.py:161} INFO - Started process (PID=265) to work on /opt/airflow/dags/dag_market_eod.py
[2026-09-30T03:36:47.584+0000] {processor.py:830} INFO - Processing file /opt/airflow/dags/dag_market_eod.py for tasks to queue
[2026-09-30T03:36:47.586+0000] {logging_mixin.py:188} INFO - [2026-09-30T03:36:47.586+0000] {dagbag.py:545} INFO - Filling up the DagBag from /opt/airflow/dags/dag_market_eod.py
[2026-09-30T03:36:47.589+0000] {logging_mixin.py:188} INFO - [2026-09-30T03:36:47.588+0000] {dagbag.py:355} ERROR - Failed to import: /opt/airflow/dags/dag_market_eod.py
Traceback (most recent call last):
  File "/home/airflow/.local/lib/python3.11/site-packages/airflow/models/dagbag.py", line 351, in parse
    loader.exec_module(new_module)
  File "<frozen importlib._bootstrap_external>", line 940, in exec_module
  File "<frozen importlib._bootstrap>", line 241, in _call_with_frames_removed
  File "/opt/airflow/dags/dag_market_eod.py", line 9, in <module>
    from src.extractors.market_data import fetch_and_store_market_data
  File "/opt/airflow/src/extractors/market_data.py", line 7, in <module>
    import yfinance as yf
ModuleNotFoundError: No module named 'yfinance'
[2026-09-30T03:36:47.589+0000] {processor.py:842} WARNING - No viable dags retrieved from /opt/airflow/dags/dag_market_eod.py
[2026-09-30T03:36:47.602+0000] {processor.py:183} INFO - Processing /opt/airflow/dags/dag_market_eod.py took 0.115 seconds
[2026-09-30T03:37:28.856+0000] {processor.py:161} INFO - Started process (PID=173) to work on /opt/airflow/dags/dag_market_eod.py
[2026-09-30T03:37:28.857+0000] {processor.py:830} INFO - Processing file /opt/airflow/dags/dag_market_eod.py for tasks to queue
[2026-09-30T03:37:28.859+0000] {logging_mixin.py:188} INFO - [2026-09-30T03:37:28.858+0000] {dagbag.py:545} INFO - Filling up the DagBag from /opt/airflow/dags/dag_market_eod.py
[2026-09-30T03:37:29.316+0000] {processor.py:840} INFO - DAG(s) 'dag_market_eod' retrieved from /opt/airflow/dags/dag_market_eod.py
[2026-09-30T03:37:29.324+0000] {logging_mixin.py:188} INFO - [2026-09-30T03:37:29.324+0000] {dag.py:3089} INFO - Sync 1 DAGs
[2026-09-30T03:37:29.335+0000] {logging_mixin.py:188} INFO - [2026-09-30T03:37:29.335+0000] {dag.py:3947} INFO - Setting next_dagrun for dag_market_eod to 2026-09-28 22:00:00+00:00, run_after=2026-09-29 22:00:00+00:00
[2026-09-30T03:37:29.345+0000] {processor.py:183} INFO - Processing /opt/airflow/dags/dag_market_eod.py took 0.493 seconds
[2026-09-30T03:37:59.447+0000] {processor.py:161} INFO - Started process (PID=180) to work on /opt/airflow/dags/dag_market_eod.py
[2026-09-30T03:37:59.449+0000] {processor.py:830} INFO - Processing file /opt/airflow/dags/dag_market_eod.py for tasks to queue
[2026-09-30T03:37:59.451+0000] {logging_mixin.py:188} INFO - [2026-09-30T03:37:59.450+0000] {dagbag.py:545} INFO - Filling up the DagBag from /opt/airflow/dags/dag_market_eod.py
[2026-09-30T03:37:59.780+0000] {processor.py:840} INFO - DAG(s) 'dag_market_eod' retrieved from /opt/airflow/dags/dag_market_eod.py
[2026-09-30T03:37:59.887+0000] {logging_mixin.py:188} INFO - [2026-09-30T03:37:59.887+0000] {dag.py:3089} INFO - Sync 1 DAGs
[2026-09-30T03:37:59.897+0000] {logging_mixin.py:188} INFO - [2026-09-30T03:37:59.897+0000] {dag.py:3947} INFO - Setting next_dagrun for dag_market_eod to 2026-09-28 22:00:00+00:00, run_after=2026-09-29 22:00:00+00:00
[2026-09-30T03:37:59.909+0000] {processor.py:183} INFO - Processing /opt/airflow/dags/dag_market_eod.py took 0.466 seconds
[2026-09-30T03:38:30.017+0000] {processor.py:161} INFO - Started process (PID=210) to work on /opt/airflow/dags/dag_market_eod.py
[2026-09-30T03:38:30.019+0000] {processor.py:830} INFO - Processing file /opt/airflow/dags/dag_market_eod.py for tasks to queue
[2026-09-30T03:38:30.020+0000] {logging_mixin.py:188} INFO - [2026-09-30T03:38:30.019+0000] {dagbag.py:545} INFO - Filling up the DagBag from /opt/airflow/dags/dag_market_eod.py
[2026-09-30T03:38:30.348+0000] {processor.py:840} INFO - DAG(s) 'dag_market_eod' retrieved from /opt/airflow/dags/dag_market_eod.py
[2026-09-30T03:38:30.363+0000] {logging_mixin.py:188} INFO - [2026-09-30T03:38:30.362+0000] {dag.py:3089} INFO - Sync 1 DAGs
[2026-09-30T03:38:30.375+0000] {logging_mixin.py:188} INFO - [2026-09-30T03:38:30.375+0000] {dag.py:3947} INFO - Setting next_dagrun for dag_market_eod to 2026-09-28 22:00:00+00:00, run_after=2026-09-29 22:00:00+00:00
[2026-09-30T03:38:30.385+0000] {processor.py:183} INFO - Processing /opt/airflow/dags/dag_market_eod.py took 0.371 seconds
[2026-09-30T03:39:00.483+0000] {processor.py:161} INFO - Started process (PID=216) to work on /opt/airflow/dags/dag_market_eod.py
[2026-09-30T03:39:00.484+0000] {processor.py:830} INFO - Processing file /opt/airflow/dags/dag_market_eod.py for tasks to queue
[2026-09-30T03:39:00.485+0000] {logging_mixin.py:188} INFO - [2026-09-30T03:39:00.484+0000] {dagbag.py:545} INFO - Filling up the DagBag from /opt/airflow/dags/dag_market_eod.py
[2026-09-30T03:39:00.811+0000] {processor.py:840} INFO - DAG(s) 'dag_market_eod' retrieved from /opt/airflow/dags/dag_market_eod.py
[2026-09-30T03:39:00.825+0000] {logging_mixin.py:188} INFO - [2026-09-30T03:39:00.825+0000] {dag.py:3089} INFO - Sync 1 DAGs
[2026-09-30T03:39:00.836+0000] {logging_mixin.py:188} INFO - [2026-09-30T03:39:00.836+0000] {dag.py:3947} INFO - Setting next_dagrun for dag_market_eod to 2026-09-28 22:00:00+00:00, run_after=2026-09-29 22:00:00+00:00
[2026-09-30T03:39:00.847+0000] {processor.py:183} INFO - Processing /opt/airflow/dags/dag_market_eod.py took 0.366 seconds
[2026-09-30T03:39:30.946+0000] {processor.py:161} INFO - Started process (PID=222) to work on /opt/airflow/dags/dag_market_eod.py
[2026-09-30T03:39:30.948+0000] {processor.py:830} INFO - Processing file /opt/airflow/dags/dag_market_eod.py for tasks to queue
[2026-09-30T03:39:30.949+0000] {logging_mixin.py:188} INFO - [2026-09-30T03:39:30.948+0000] {dagbag.py:545} INFO - Filling up the DagBag from /opt/airflow/dags/dag_market_eod.py
[2026-09-30T03:39:31.278+0000] {processor.py:840} INFO - DAG(s) 'dag_market_eod' retrieved from /opt/airflow/dags/dag_market_eod.py
[2026-09-30T03:39:31.294+0000] {logging_mixin.py:188} INFO - [2026-09-30T03:39:31.294+0000] {dag.py:3089} INFO - Sync 1 DAGs
[2026-09-30T03:39:31.305+0000] {logging_mixin.py:188} INFO - [2026-09-30T03:39:31.305+0000] {dag.py:3947} INFO - Setting next_dagrun for dag_market_eod to 2026-09-28 22:00:00+00:00, run_after=2026-09-29 22:00:00+00:00
[2026-09-30T03:39:31.314+0000] {processor.py:183} INFO - Processing /opt/airflow/dags/dag_market_eod.py took 0.372 seconds
[2026-09-30T03:40:01.418+0000] {processor.py:161} INFO - Started process (PID=228) to work on /opt/airflow/dags/dag_market_eod.py
[2026-09-30T03:40:01.419+0000] {processor.py:830} INFO - Processing file /opt/airflow/dags/dag_market_eod.py for tasks to queue
[2026-09-30T03:40:01.419+0000] {logging_mixin.py:188} INFO - [2026-09-30T03:40:01.419+0000] {dagbag.py:545} INFO - Filling up the DagBag from /opt/airflow/dags/dag_market_eod.py
[2026-09-30T03:40:01.751+0000] {processor.py:840} INFO - DAG(s) 'dag_market_eod' retrieved from /opt/airflow/dags/dag_market_eod.py
[2026-09-30T03:40:01.768+0000] {logging_mixin.py:188} INFO - [2026-09-30T03:40:01.768+0000] {dag.py:3089} INFO - Sync 1 DAGs
[2026-09-30T03:40:01.779+0000] {logging_mixin.py:188} INFO - [2026-09-30T03:40:01.779+0000] {dag.py:3947} INFO - Setting next_dagrun for dag_market_eod to 2026-09-28 22:00:00+00:00, run_after=2026-09-29 22:00:00+00:00
[2026-09-30T03:40:01.788+0000] {processor.py:183} INFO - Processing /opt/airflow/dags/dag_market_eod.py took 0.375 seconds
[2026-09-30T03:40:31.889+0000] {processor.py:161} INFO - Started process (PID=294) to work on /opt/airflow/dags/dag_market_eod.py
[2026-09-30T03:40:31.891+0000] {processor.py:830} INFO - Processing file /opt/airflow/dags/dag_market_eod.py for tasks to queue
[2026-09-30T03:40:31.892+0000] {logging_mixin.py:188} INFO - [2026-09-30T03:40:31.892+0000] {dagbag.py:545} INFO - Filling up the DagBag from /opt/airflow/dags/dag_market_eod.py
[2026-09-30T03:40:32.215+0000] {processor.py:840} INFO - DAG(s) 'dag_market_eod' retrieved from /opt/airflow/dags/dag_market_eod.py
[2026-09-30T03:40:32.232+0000] {logging_mixin.py:188} INFO - [2026-09-30T03:40:32.232+0000] {dag.py:3089} INFO - Sync 1 DAGs
[2026-09-30T03:40:32.243+0000] {logging_mixin.py:188} INFO - [2026-09-30T03:40:32.243+0000] {dag.py:3947} INFO - Setting next_dagrun for dag_market_eod to 2026-09-29 22:00:00+00:00, run_after=2026-09-30 22:00:00+00:00
[2026-09-30T03:40:32.253+0000] {processor.py:183} INFO - Processing /opt/airflow/dags/dag_market_eod.py took 0.369 seconds
[2026-09-30T03:41:02.352+0000] {processor.py:161} INFO - Started process (PID=300) to work on /opt/airflow/dags/dag_market_eod.py
[2026-09-30T03:41:02.352+0000] {processor.py:830} INFO - Processing file /opt/airflow/dags/dag_market_eod.py for tasks to queue
[2026-09-30T03:41:02.353+0000] {logging_mixin.py:188} INFO - [2026-09-30T03:41:02.353+0000] {dagbag.py:545} INFO - Filling up the DagBag from /opt/airflow/dags/dag_market_eod.py
[2026-09-30T03:41:02.681+0000] {processor.py:840} INFO - DAG(s) 'dag_market_eod' retrieved from /opt/airflow/dags/dag_market_eod.py
[2026-09-30T03:41:02.699+0000] {logging_mixin.py:188} INFO - [2026-09-30T03:41:02.699+0000] {dag.py:3089} INFO - Sync 1 DAGs
[2026-09-30T03:41:02.710+0000] {logging_mixin.py:188} INFO - [2026-09-30T03:41:02.710+0000] {dag.py:3947} INFO - Setting next_dagrun for dag_market_eod to 2026-09-29 22:00:00+00:00, run_after=2026-09-30 22:00:00+00:00
[2026-09-30T03:41:02.721+0000] {processor.py:183} INFO - Processing /opt/airflow/dags/dag_market_eod.py took 0.374 seconds
[2026-09-30T03:41:32.819+0000] {processor.py:161} INFO - Started process (PID=306) to work on /opt/airflow/dags/dag_market_eod.py
[2026-09-30T03:41:32.820+0000] {processor.py:830} INFO - Processing file /opt/airflow/dags/dag_market_eod.py for tasks to queue
[2026-09-30T03:41:32.821+0000] {logging_mixin.py:188} INFO - [2026-09-30T03:41:32.821+0000] {dagbag.py:545} INFO - Filling up the DagBag from /opt/airflow/dags/dag_market_eod.py
[2026-09-30T03:41:33.177+0000] {processor.py:840} INFO - DAG(s) 'dag_market_eod' retrieved from /opt/airflow/dags/dag_market_eod.py
[2026-09-30T03:41:33.192+0000] {logging_mixin.py:188} INFO - [2026-09-30T03:41:33.191+0000] {dag.py:3089} INFO - Sync 1 DAGs
[2026-09-30T03:41:33.204+0000] {logging_mixin.py:188} INFO - [2026-09-30T03:41:33.203+0000] {dag.py:3947} INFO - Setting next_dagrun for dag_market_eod to 2026-09-29 22:00:00+00:00, run_after=2026-09-30 22:00:00+00:00
[2026-09-30T03:41:33.312+0000] {processor.py:183} INFO - Processing /opt/airflow/dags/dag_market_eod.py took 0.496 seconds
[2026-09-30T03:42:03.522+0000] {processor.py:161} INFO - Started process (PID=312) to work on /opt/airflow/dags/dag_market_eod.py
[2026-09-30T03:42:03.522+0000] {processor.py:830} INFO - Processing file /opt/airflow/dags/dag_market_eod.py for tasks to queue
[2026-09-30T03:42:03.523+0000] {logging_mixin.py:188} INFO - [2026-09-30T03:42:03.523+0000] {dagbag.py:545} INFO - Filling up the DagBag from /opt/airflow/dags/dag_market_eod.py
[2026-09-30T03:42:03.755+0000] {processor.py:840} INFO - DAG(s) 'dag_market_eod' retrieved from /opt/airflow/dags/dag_market_eod.py
[2026-09-30T03:42:03.770+0000] {logging_mixin.py:188} INFO - [2026-09-30T03:42:03.770+0000] {dag.py:3089} INFO - Sync 1 DAGs
[2026-09-30T03:42:03.783+0000] {logging_mixin.py:188} INFO - [2026-09-30T03:42:03.783+0000] {dag.py:3947} INFO - Setting next_dagrun for dag_market_eod to 2026-09-29 22:00:00+00:00, run_after=2026-09-30 22:00:00+00:00
[2026-09-30T03:42:03.794+0000] {processor.py:183} INFO - Processing /opt/airflow/dags/dag_market_eod.py took 0.277 seconds
[2026-09-30T03:42:33.898+0000] {processor.py:161} INFO - Started process (PID=318) to work on /opt/airflow/dags/dag_market_eod.py
[2026-09-30T03:42:33.899+0000] {processor.py:830} INFO - Processing file /opt/airflow/dags/dag_market_eod.py for tasks to queue
[2026-09-30T03:42:33.900+0000] {logging_mixin.py:188} INFO - [2026-09-30T03:42:33.900+0000] {dagbag.py:545} INFO - Filling up the DagBag from /opt/airflow/dags/dag_market_eod.py
[2026-09-30T03:42:34.142+0000] {processor.py:840} INFO - DAG(s) 'dag_market_eod' retrieved from /opt/airflow/dags/dag_market_eod.py
[2026-09-30T03:42:34.166+0000] {logging_mixin.py:188} INFO - [2026-09-30T03:42:34.166+0000] {dag.py:3089} INFO - Sync 1 DAGs
[2026-09-30T03:42:34.179+0000] {logging_mixin.py:188} INFO - [2026-09-30T03:42:34.179+0000] {dag.py:3947} INFO - Setting next_dagrun for dag_market_eod to 2026-09-29 22:00:00+00:00, run_after=2026-09-30 22:00:00+00:00
[2026-09-30T03:42:34.190+0000] {processor.py:183} INFO - Processing /opt/airflow/dags/dag_market_eod.py took 0.297 seconds
[2026-09-30T03:43:04.287+0000] {processor.py:161} INFO - Started process (PID=324) to work on /opt/airflow/dags/dag_market_eod.py
[2026-09-30T03:43:04.289+0000] {processor.py:830} INFO - Processing file /opt/airflow/dags/dag_market_eod.py for tasks to queue
[2026-09-30T03:43:04.290+0000] {logging_mixin.py:188} INFO - [2026-09-30T03:43:04.290+0000] {dagbag.py:545} INFO - Filling up the DagBag from /opt/airflow/dags/dag_market_eod.py
[2026-09-30T03:43:04.521+0000] {processor.py:840} INFO - DAG(s) 'dag_market_eod' retrieved from /opt/airflow/dags/dag_market_eod.py
[2026-09-30T03:43:04.536+0000] {logging_mixin.py:188} INFO - [2026-09-30T03:43:04.536+0000] {dag.py:3089} INFO - Sync 1 DAGs
[2026-09-30T03:43:04.548+0000] {logging_mixin.py:188} INFO - [2026-09-30T03:43:04.548+0000] {dag.py:3947} INFO - Setting next_dagrun for dag_market_eod to 2026-09-29 22:00:00+00:00, run_after=2026-09-30 22:00:00+00:00
[2026-09-30T03:43:04.558+0000] {processor.py:183} INFO - Processing /opt/airflow/dags/dag_market_eod.py took 0.274 seconds
[2026-09-30T03:43:34.663+0000] {processor.py:161} INFO - Started process (PID=330) to work on /opt/airflow/dags/dag_market_eod.py
[2026-09-30T03:43:34.663+0000] {processor.py:830} INFO - Processing file /opt/airflow/dags/dag_market_eod.py for tasks to queue
[2026-09-30T03:43:34.664+0000] {logging_mixin.py:188} INFO - [2026-09-30T03:43:34.664+0000] {dagbag.py:545} INFO - Filling up the DagBag from /opt/airflow/dags/dag_market_eod.py
[2026-09-30T03:43:34.902+0000] {processor.py:840} INFO - DAG(s) 'dag_market_eod' retrieved from /opt/airflow/dags/dag_market_eod.py
[2026-09-30T03:43:34.918+0000] {logging_mixin.py:188} INFO - [2026-09-30T03:43:34.918+0000] {dag.py:3089} INFO - Sync 1 DAGs
[2026-09-30T03:43:34.930+0000] {logging_mixin.py:188} INFO - [2026-09-30T03:43:34.930+0000] {dag.py:3947} INFO - Setting next_dagrun for dag_market_eod to 2026-09-29 22:00:00+00:00, run_after=2026-09-30 22:00:00+00:00
[2026-09-30T03:43:34.941+0000] {processor.py:183} INFO - Processing /opt/airflow/dags/dag_market_eod.py took 0.283 seconds
[2026-09-30T03:44:05.034+0000] {processor.py:161} INFO - Started process (PID=336) to work on /opt/airflow/dags/dag_market_eod.py
[2026-09-30T03:44:05.034+0000] {processor.py:830} INFO - Processing file /opt/airflow/dags/dag_market_eod.py for tasks to queue
[2026-09-30T03:44:05.036+0000] {logging_mixin.py:188} INFO - [2026-09-30T03:44:05.036+0000] {dagbag.py:545} INFO - Filling up the DagBag from /opt/airflow/dags/dag_market_eod.py
[2026-09-30T03:44:05.278+0000] {processor.py:840} INFO - DAG(s) 'dag_market_eod' retrieved from /opt/airflow/dags/dag_market_eod.py
[2026-09-30T03:44:05.300+0000] {logging_mixin.py:188} INFO - [2026-09-30T03:44:05.300+0000] {dag.py:3089} INFO - Sync 1 DAGs
[2026-09-30T03:44:05.312+0000] {logging_mixin.py:188} INFO - [2026-09-30T03:44:05.312+0000] {dag.py:3947} INFO - Setting next_dagrun for dag_market_eod to 2026-09-29 22:00:00+00:00, run_after=2026-09-30 22:00:00+00:00
[2026-09-30T03:44:05.426+0000] {processor.py:183} INFO - Processing /opt/airflow/dags/dag_market_eod.py took 0.396 seconds
[2026-09-30T03:44:35.527+0000] {processor.py:161} INFO - Started process (PID=342) to work on /opt/airflow/dags/dag_market_eod.py
[2026-09-30T03:44:35.529+0000] {processor.py:830} INFO - Processing file /opt/airflow/dags/dag_market_eod.py for tasks to queue
[2026-09-30T03:44:35.530+0000] {logging_mixin.py:188} INFO - [2026-09-30T03:44:35.530+0000] {dagbag.py:545} INFO - Filling up the DagBag from /opt/airflow/dags/dag_market_eod.py
[2026-09-30T03:44:35.761+0000] {processor.py:840} INFO - DAG(s) 'dag_market_eod' retrieved from /opt/airflow/dags/dag_market_eod.py
[2026-09-30T03:44:35.783+0000] {logging_mixin.py:188} INFO - [2026-09-30T03:44:35.782+0000] {dag.py:3089} INFO - Sync 1 DAGs
[2026-09-30T03:44:35.896+0000] {logging_mixin.py:188} INFO - [2026-09-30T03:44:35.896+0000] {dag.py:3947} INFO - Setting next_dagrun for dag_market_eod to 2026-09-29 22:00:00+00:00, run_after=2026-09-30 22:00:00+00:00
[2026-09-30T03:44:35.907+0000] {processor.py:183} INFO - Processing /opt/airflow/dags/dag_market_eod.py took 0.385 seconds
[2026-09-30T03:45:06.009+0000] {processor.py:161} INFO - Started process (PID=348) to work on /opt/airflow/dags/dag_market_eod.py
[2026-09-30T03:45:06.010+0000] {processor.py:830} INFO - Processing file /opt/airflow/dags/dag_market_eod.py for tasks to queue
[2026-09-30T03:45:06.011+0000] {logging_mixin.py:188} INFO - [2026-09-30T03:45:06.011+0000] {dagbag.py:545} INFO - Filling up the DagBag from /opt/airflow/dags/dag_market_eod.py
[2026-09-30T03:45:06.243+0000] {processor.py:840} INFO - DAG(s) 'dag_market_eod' retrieved from /opt/airflow/dags/dag_market_eod.py
[2026-09-30T03:45:06.266+0000] {logging_mixin.py:188} INFO - [2026-09-30T03:45:06.266+0000] {dag.py:3089} INFO - Sync 1 DAGs
[2026-09-30T03:45:06.279+0000] {logging_mixin.py:188} INFO - [2026-09-30T03:45:06.278+0000] {dag.py:3947} INFO - Setting next_dagrun for dag_market_eod to 2026-09-29 22:00:00+00:00, run_after=2026-09-30 22:00:00+00:00
[2026-09-30T03:45:06.289+0000] {processor.py:183} INFO - Processing /opt/airflow/dags/dag_market_eod.py took 0.284 seconds
[2026-09-30T03:45:36.389+0000] {processor.py:161} INFO - Started process (PID=354) to work on /opt/airflow/dags/dag_market_eod.py
[2026-09-30T03:45:36.392+0000] {processor.py:830} INFO - Processing file /opt/airflow/dags/dag_market_eod.py for tasks to queue
[2026-09-30T03:45:36.393+0000] {logging_mixin.py:188} INFO - [2026-09-30T03:45:36.392+0000] {dagbag.py:545} INFO - Filling up the DagBag from /opt/airflow/dags/dag_market_eod.py
[2026-09-30T03:45:36.625+0000] {processor.py:840} INFO - DAG(s) 'dag_market_eod' retrieved from /opt/airflow/dags/dag_market_eod.py
[2026-09-30T03:45:36.649+0000] {logging_mixin.py:188} INFO - [2026-09-30T03:45:36.649+0000] {dag.py:3089} INFO - Sync 1 DAGs
[2026-09-30T03:45:36.663+0000] {logging_mixin.py:188} INFO - [2026-09-30T03:45:36.663+0000] {dag.py:3947} INFO - Setting next_dagrun for dag_market_eod to 2026-09-29 22:00:00+00:00, run_after=2026-09-30 22:00:00+00:00
[2026-09-30T03:45:36.675+0000] {processor.py:183} INFO - Processing /opt/airflow/dags/dag_market_eod.py took 0.289 seconds
[2026-09-30T03:46:06.773+0000] {processor.py:161} INFO - Started process (PID=360) to work on /opt/airflow/dags/dag_market_eod.py
[2026-09-30T03:46:06.774+0000] {processor.py:830} INFO - Processing file /opt/airflow/dags/dag_market_eod.py for tasks to queue
[2026-09-30T03:46:06.776+0000] {logging_mixin.py:188} INFO - [2026-09-30T03:46:06.775+0000] {dagbag.py:545} INFO - Filling up the DagBag from /opt/airflow/dags/dag_market_eod.py
[2026-09-30T03:46:07.004+0000] {processor.py:840} INFO - DAG(s) 'dag_market_eod' retrieved from /opt/airflow/dags/dag_market_eod.py
[2026-09-30T03:46:07.021+0000] {logging_mixin.py:188} INFO - [2026-09-30T03:46:07.020+0000] {dag.py:3089} INFO - Sync 1 DAGs
[2026-09-30T03:46:07.033+0000] {logging_mixin.py:188} INFO - [2026-09-30T03:46:07.032+0000] {dag.py:3947} INFO - Setting next_dagrun for dag_market_eod to 2026-09-29 22:00:00+00:00, run_after=2026-09-30 22:00:00+00:00
[2026-09-30T03:46:07.043+0000] {processor.py:183} INFO - Processing /opt/airflow/dags/dag_market_eod.py took 0.274 seconds
[2026-09-30T03:46:37.128+0000] {processor.py:161} INFO - Started process (PID=366) to work on /opt/airflow/dags/dag_market_eod.py
[2026-09-30T03:46:37.131+0000] {processor.py:830} INFO - Processing file /opt/airflow/dags/dag_market_eod.py for tasks to queue
[2026-09-30T03:46:37.132+0000] {logging_mixin.py:188} INFO - [2026-09-30T03:46:37.132+0000] {dagbag.py:545} INFO - Filling up the DagBag from /opt/airflow/dags/dag_market_eod.py
[2026-09-30T03:46:37.369+0000] {processor.py:840} INFO - DAG(s) 'dag_market_eod' retrieved from /opt/airflow/dags/dag_market_eod.py
[2026-09-30T03:46:37.391+0000] {logging_mixin.py:188} INFO - [2026-09-30T03:46:37.390+0000] {dag.py:3089} INFO - Sync 1 DAGs
[2026-09-30T03:46:37.403+0000] {logging_mixin.py:188} INFO - [2026-09-30T03:46:37.403+0000] {dag.py:3947} INFO - Setting next_dagrun for dag_market_eod to 2026-09-29 22:00:00+00:00, run_after=2026-09-30 22:00:00+00:00
[2026-09-30T03:46:37.416+0000] {processor.py:183} INFO - Processing /opt/airflow/dags/dag_market_eod.py took 0.292 seconds
[2026-09-30T03:47:07.516+0000] {processor.py:161} INFO - Started process (PID=372) to work on /opt/airflow/dags/dag_market_eod.py
[2026-09-30T03:47:07.516+0000] {processor.py:830} INFO - Processing file /opt/airflow/dags/dag_market_eod.py for tasks to queue
[2026-09-30T03:47:07.517+0000] {logging_mixin.py:188} INFO - [2026-09-30T03:47:07.517+0000] {dagbag.py:545} INFO - Filling up the DagBag from /opt/airflow/dags/dag_market_eod.py
[2026-09-30T03:47:07.750+0000] {processor.py:840} INFO - DAG(s) 'dag_market_eod' retrieved from /opt/airflow/dags/dag_market_eod.py
[2026-09-30T03:47:07.768+0000] {logging_mixin.py:188} INFO - [2026-09-30T03:47:07.767+0000] {dag.py:3089} INFO - Sync 1 DAGs
[2026-09-30T03:47:07.780+0000] {logging_mixin.py:188} INFO - [2026-09-30T03:47:07.780+0000] {dag.py:3947} INFO - Setting next_dagrun for dag_market_eod to 2026-09-29 22:00:00+00:00, run_after=2026-09-30 22:00:00+00:00
[2026-09-30T03:47:07.889+0000] {processor.py:183} INFO - Processing /opt/airflow/dags/dag_market_eod.py took 0.377 seconds
[2026-09-30T03:47:37.995+0000] {processor.py:161} INFO - Started process (PID=378) to work on /opt/airflow/dags/dag_market_eod.py
[2026-09-30T03:47:37.995+0000] {processor.py:830} INFO - Processing file /opt/airflow/dags/dag_market_eod.py for tasks to queue
[2026-09-30T03:47:37.996+0000] {logging_mixin.py:188} INFO - [2026-09-30T03:47:37.996+0000] {dagbag.py:545} INFO - Filling up the DagBag from /opt/airflow/dags/dag_market_eod.py
[2026-09-30T03:47:38.234+0000] {processor.py:840} INFO - DAG(s) 'dag_market_eod' retrieved from /opt/airflow/dags/dag_market_eod.py
[2026-09-30T03:47:38.250+0000] {logging_mixin.py:188} INFO - [2026-09-30T03:47:38.250+0000] {dag.py:3089} INFO - Sync 1 DAGs
[2026-09-30T03:47:38.264+0000] {logging_mixin.py:188} INFO - [2026-09-30T03:47:38.264+0000] {dag.py:3947} INFO - Setting next_dagrun for dag_market_eod to 2026-09-29 22:00:00+00:00, run_after=2026-09-30 22:00:00+00:00
[2026-09-30T03:47:38.274+0000] {processor.py:183} INFO - Processing /opt/airflow/dags/dag_market_eod.py took 0.285 seconds
[2026-09-30T03:48:08.373+0000] {processor.py:161} INFO - Started process (PID=384) to work on /opt/airflow/dags/dag_market_eod.py
[2026-09-30T03:48:08.373+0000] {processor.py:830} INFO - Processing file /opt/airflow/dags/dag_market_eod.py for tasks to queue
[2026-09-30T03:48:08.374+0000] {logging_mixin.py:188} INFO - [2026-09-30T03:48:08.374+0000] {dagbag.py:545} INFO - Filling up the DagBag from /opt/airflow/dags/dag_market_eod.py
[2026-09-30T03:48:08.606+0000] {processor.py:840} INFO - DAG(s) 'dag_market_eod' retrieved from /opt/airflow/dags/dag_market_eod.py
[2026-09-30T03:48:08.625+0000] {logging_mixin.py:188} INFO - [2026-09-30T03:48:08.624+0000] {dag.py:3089} INFO - Sync 1 DAGs
[2026-09-30T03:48:08.637+0000] {logging_mixin.py:188} INFO - [2026-09-30T03:48:08.637+0000] {dag.py:3947} INFO - Setting next_dagrun for dag_market_eod to 2026-09-29 22:00:00+00:00, run_after=2026-09-30 22:00:00+00:00
[2026-09-30T03:48:08.648+0000] {processor.py:183} INFO - Processing /opt/airflow/dags/dag_market_eod.py took 0.279 seconds
[2026-09-30T03:48:38.746+0000] {processor.py:161} INFO - Started process (PID=390) to work on /opt/airflow/dags/dag_market_eod.py
[2026-09-30T03:48:38.748+0000] {processor.py:830} INFO - Processing file /opt/airflow/dags/dag_market_eod.py for tasks to queue
[2026-09-30T03:48:38.749+0000] {logging_mixin.py:188} INFO - [2026-09-30T03:48:38.749+0000] {dagbag.py:545} INFO - Filling up the DagBag from /opt/airflow/dags/dag_market_eod.py
[2026-09-30T03:48:38.981+0000] {processor.py:840} INFO - DAG(s) 'dag_market_eod' retrieved from /opt/airflow/dags/dag_market_eod.py
[2026-09-30T03:48:38.999+0000] {logging_mixin.py:188} INFO - [2026-09-30T03:48:38.999+0000] {dag.py:3089} INFO - Sync 1 DAGs
[2026-09-30T03:48:39.012+0000] {logging_mixin.py:188} INFO - [2026-09-30T03:48:39.011+0000] {dag.py:3947} INFO - Setting next_dagrun for dag_market_eod to 2026-09-29 22:00:00+00:00, run_after=2026-09-30 22:00:00+00:00
[2026-09-30T03:48:39.024+0000] {processor.py:183} INFO - Processing /opt/airflow/dags/dag_market_eod.py took 0.282 seconds
[2026-09-30T03:49:09.124+0000] {processor.py:161} INFO - Started process (PID=396) to work on /opt/airflow/dags/dag_market_eod.py
[2026-09-30T03:49:09.124+0000] {processor.py:830} INFO - Processing file /opt/airflow/dags/dag_market_eod.py for tasks to queue
[2026-09-30T03:49:09.126+0000] {logging_mixin.py:188} INFO - [2026-09-30T03:49:09.125+0000] {dagbag.py:545} INFO - Filling up the DagBag from /opt/airflow/dags/dag_market_eod.py
[2026-09-30T03:49:09.374+0000] {processor.py:840} INFO - DAG(s) 'dag_market_eod' retrieved from /opt/airflow/dags/dag_market_eod.py
[2026-09-30T03:49:09.394+0000] {logging_mixin.py:188} INFO - [2026-09-30T03:49:09.394+0000] {dag.py:3089} INFO - Sync 1 DAGs
[2026-09-30T03:49:09.406+0000] {logging_mixin.py:188} INFO - [2026-09-30T03:49:09.406+0000] {dag.py:3947} INFO - Setting next_dagrun for dag_market_eod to 2026-09-29 22:00:00+00:00, run_after=2026-09-30 22:00:00+00:00
[2026-09-30T03:49:09.416+0000] {processor.py:183} INFO - Processing /opt/airflow/dags/dag_market_eod.py took 0.297 seconds
[2026-09-30T03:49:39.504+0000] {processor.py:161} INFO - Started process (PID=402) to work on /opt/airflow/dags/dag_market_eod.py
[2026-09-30T03:49:39.506+0000] {processor.py:830} INFO - Processing file /opt/airflow/dags/dag_market_eod.py for tasks to queue
[2026-09-30T03:49:39.507+0000] {logging_mixin.py:188} INFO - [2026-09-30T03:49:39.507+0000] {dagbag.py:545} INFO - Filling up the DagBag from /opt/airflow/dags/dag_market_eod.py
[2026-09-30T03:49:39.745+0000] {processor.py:840} INFO - DAG(s) 'dag_market_eod' retrieved from /opt/airflow/dags/dag_market_eod.py
[2026-09-30T03:49:39.765+0000] {logging_mixin.py:188} INFO - [2026-09-30T03:49:39.764+0000] {dag.py:3089} INFO - Sync 1 DAGs
[2026-09-30T03:49:39.778+0000] {logging_mixin.py:188} INFO - [2026-09-30T03:49:39.778+0000] {dag.py:3947} INFO - Setting next_dagrun for dag_market_eod to 2026-09-29 22:00:00+00:00, run_after=2026-09-30 22:00:00+00:00
[2026-09-30T03:49:39.791+0000] {processor.py:183} INFO - Processing /opt/airflow/dags/dag_market_eod.py took 0.290 seconds
[2026-09-30T03:50:09.886+0000] {processor.py:161} INFO - Started process (PID=408) to work on /opt/airflow/dags/dag_market_eod.py
[2026-09-30T03:50:09.886+0000] {processor.py:830} INFO - Processing file /opt/airflow/dags/dag_market_eod.py for tasks to queue
[2026-09-30T03:50:09.887+0000] {logging_mixin.py:188} INFO - [2026-09-30T03:50:09.887+0000] {dagbag.py:545} INFO - Filling up the DagBag from /opt/airflow/dags/dag_market_eod.py
[2026-09-30T03:50:10.121+0000] {processor.py:840} INFO - DAG(s) 'dag_market_eod' retrieved from /opt/airflow/dags/dag_market_eod.py
[2026-09-30T03:50:10.138+0000] {logging_mixin.py:188} INFO - [2026-09-30T03:50:10.138+0000] {dag.py:3089} INFO - Sync 1 DAGs
[2026-09-30T03:50:10.151+0000] {logging_mixin.py:188} INFO - [2026-09-30T03:50:10.151+0000] {dag.py:3947} INFO - Setting next_dagrun for dag_market_eod to 2026-09-29 22:00:00+00:00, run_after=2026-09-30 22:00:00+00:00
[2026-09-30T03:50:10.272+0000] {processor.py:183} INFO - Processing /opt/airflow/dags/dag_market_eod.py took 0.390 seconds
[2026-09-30T03:50:40.384+0000] {processor.py:161} INFO - Started process (PID=414) to work on /opt/airflow/dags/dag_market_eod.py
[2026-09-30T03:50:40.386+0000] {processor.py:830} INFO - Processing file /opt/airflow/dags/dag_market_eod.py for tasks to queue
[2026-09-30T03:50:40.387+0000] {logging_mixin.py:188} INFO - [2026-09-30T03:50:40.387+0000] {dagbag.py:545} INFO - Filling up the DagBag from /opt/airflow/dags/dag_market_eod.py
[2026-09-30T03:50:40.617+0000] {processor.py:840} INFO - DAG(s) 'dag_market_eod' retrieved from /opt/airflow/dags/dag_market_eod.py
[2026-09-30T03:50:40.632+0000] {logging_mixin.py:188} INFO - [2026-09-30T03:50:40.632+0000] {dag.py:3089} INFO - Sync 1 DAGs
[2026-09-30T03:50:40.646+0000] {logging_mixin.py:188} INFO - [2026-09-30T03:50:40.646+0000] {dag.py:3947} INFO - Setting next_dagrun for dag_market_eod to 2026-09-29 22:00:00+00:00, run_after=2026-09-30 22:00:00+00:00
[2026-09-30T03:50:40.656+0000] {processor.py:183} INFO - Processing /opt/airflow/dags/dag_market_eod.py took 0.274 seconds
[2026-09-30T03:51:10.745+0000] {processor.py:161} INFO - Started process (PID=420) to work on /opt/airflow/dags/dag_market_eod.py
[2026-09-30T03:51:10.745+0000] {processor.py:830} INFO - Processing file /opt/airflow/dags/dag_market_eod.py for tasks to queue
[2026-09-30T03:51:10.746+0000] {logging_mixin.py:188} INFO - [2026-09-30T03:51:10.746+0000] {dagbag.py:545} INFO - Filling up the DagBag from /opt/airflow/dags/dag_market_eod.py
[2026-09-30T03:51:10.976+0000] {processor.py:840} INFO - DAG(s) 'dag_market_eod' retrieved from /opt/airflow/dags/dag_market_eod.py
[2026-09-30T03:51:10.992+0000] {logging_mixin.py:188} INFO - [2026-09-30T03:51:10.992+0000] {dag.py:3089} INFO - Sync 1 DAGs
[2026-09-30T03:51:11.004+0000] {logging_mixin.py:188} INFO - [2026-09-30T03:51:11.004+0000] {dag.py:3947} INFO - Setting next_dagrun for dag_market_eod to 2026-09-29 22:00:00+00:00, run_after=2026-09-30 22:00:00+00:00
[2026-09-30T03:51:11.014+0000] {processor.py:183} INFO - Processing /opt/airflow/dags/dag_market_eod.py took 0.273 seconds
[2026-09-30T03:51:41.110+0000] {processor.py:161} INFO - Started process (PID=426) to work on /opt/airflow/dags/dag_market_eod.py
[2026-09-30T03:51:41.112+0000] {processor.py:830} INFO - Processing file /opt/airflow/dags/dag_market_eod.py for tasks to queue
[2026-09-30T03:51:41.113+0000] {logging_mixin.py:188} INFO - [2026-09-30T03:51:41.113+0000] {dagbag.py:545} INFO - Filling up the DagBag from /opt/airflow/dags/dag_market_eod.py
[2026-09-30T03:51:41.385+0000] {processor.py:840} INFO - DAG(s) 'dag_market_eod' retrieved from /opt/airflow/dags/dag_market_eod.py
[2026-09-30T03:51:41.404+0000] {logging_mixin.py:188} INFO - [2026-09-30T03:51:41.403+0000] {dag.py:3089} INFO - Sync 1 DAGs
[2026-09-30T03:51:41.417+0000] {logging_mixin.py:188} INFO - [2026-09-30T03:51:41.416+0000] {dag.py:3947} INFO - Setting next_dagrun for dag_market_eod to 2026-09-29 22:00:00+00:00, run_after=2026-09-30 22:00:00+00:00
[2026-09-30T03:51:41.429+0000] {processor.py:183} INFO - Processing /opt/airflow/dags/dag_market_eod.py took 0.323 seconds
[2026-09-30T03:52:11.526+0000] {processor.py:161} INFO - Started process (PID=432) to work on /opt/airflow/dags/dag_market_eod.py
[2026-09-30T03:52:11.526+0000] {processor.py:830} INFO - Processing file /opt/airflow/dags/dag_market_eod.py for tasks to queue
[2026-09-30T03:52:11.527+0000] {logging_mixin.py:188} INFO - [2026-09-30T03:52:11.527+0000] {dagbag.py:545} INFO - Filling up the DagBag from /opt/airflow/dags/dag_market_eod.py
[2026-09-30T03:52:11.755+0000] {processor.py:840} INFO - DAG(s) 'dag_market_eod' retrieved from /opt/airflow/dags/dag_market_eod.py
[2026-09-30T03:52:11.771+0000] {logging_mixin.py:188} INFO - [2026-09-30T03:52:11.771+0000] {dag.py:3089} INFO - Sync 1 DAGs
[2026-09-30T03:52:11.783+0000] {logging_mixin.py:188} INFO - [2026-09-30T03:52:11.783+0000] {dag.py:3947} INFO - Setting next_dagrun for dag_market_eod to 2026-09-29 22:00:00+00:00, run_after=2026-09-30 22:00:00+00:00
[2026-09-30T03:52:11.794+0000] {processor.py:183} INFO - Processing /opt/airflow/dags/dag_market_eod.py took 0.272 seconds
[2026-09-30T03:52:41.884+0000] {processor.py:161} INFO - Started process (PID=438) to work on /opt/airflow/dags/dag_market_eod.py
[2026-09-30T03:52:41.886+0000] {processor.py:830} INFO - Processing file /opt/airflow/dags/dag_market_eod.py for tasks to queue
[2026-09-30T03:52:41.887+0000] {logging_mixin.py:188} INFO - [2026-09-30T03:52:41.887+0000] {dagbag.py:545} INFO - Filling up the DagBag from /opt/airflow/dags/dag_market_eod.py
[2026-09-30T03:52:42.120+0000] {processor.py:840} INFO - DAG(s) 'dag_market_eod' retrieved from /opt/airflow/dags/dag_market_eod.py
[2026-09-30T03:52:42.138+0000] {logging_mixin.py:188} INFO - [2026-09-30T03:52:42.138+0000] {dag.py:3089} INFO - Sync 1 DAGs
[2026-09-30T03:52:42.151+0000] {logging_mixin.py:188} INFO - [2026-09-30T03:52:42.151+0000] {dag.py:3947} INFO - Setting next_dagrun for dag_market_eod to 2026-09-29 22:00:00+00:00, run_after=2026-09-30 22:00:00+00:00
[2026-09-30T03:52:42.163+0000] {processor.py:183} INFO - Processing /opt/airflow/dags/dag_market_eod.py took 0.283 seconds
[2026-09-30T03:53:12.258+0000] {processor.py:161} INFO - Started process (PID=444) to work on /opt/airflow/dags/dag_market_eod.py
[2026-09-30T03:53:12.259+0000] {processor.py:830} INFO - Processing file /opt/airflow/dags/dag_market_eod.py for tasks to queue
[2026-09-30T03:53:12.260+0000] {logging_mixin.py:188} INFO - [2026-09-30T03:53:12.259+0000] {dagbag.py:545} INFO - Filling up the DagBag from /opt/airflow/dags/dag_market_eod.py
[2026-09-30T03:53:12.502+0000] {processor.py:840} INFO - DAG(s) 'dag_market_eod' retrieved from /opt/airflow/dags/dag_market_eod.py
[2026-09-30T03:53:12.522+0000] {logging_mixin.py:188} INFO - [2026-09-30T03:53:12.522+0000] {dag.py:3089} INFO - Sync 1 DAGs
[2026-09-30T03:53:12.535+0000] {logging_mixin.py:188} INFO - [2026-09-30T03:53:12.535+0000] {dag.py:3947} INFO - Setting next_dagrun for dag_market_eod to 2026-09-29 22:00:00+00:00, run_after=2026-09-30 22:00:00+00:00
[2026-09-30T03:53:12.661+0000] {processor.py:183} INFO - Processing /opt/airflow/dags/dag_market_eod.py took 0.407 seconds
[2026-09-30T03:53:42.766+0000] {processor.py:161} INFO - Started process (PID=450) to work on /opt/airflow/dags/dag_market_eod.py
[2026-09-30T03:53:42.768+0000] {processor.py:830} INFO - Processing file /opt/airflow/dags/dag_market_eod.py for tasks to queue
[2026-09-30T03:53:42.769+0000] {logging_mixin.py:188} INFO - [2026-09-30T03:53:42.769+0000] {dagbag.py:545} INFO - Filling up the DagBag from /opt/airflow/dags/dag_market_eod.py
[2026-09-30T03:53:43.006+0000] {processor.py:840} INFO - DAG(s) 'dag_market_eod' retrieved from /opt/airflow/dags/dag_market_eod.py
[2026-09-30T03:53:43.023+0000] {logging_mixin.py:188} INFO - [2026-09-30T03:53:43.023+0000] {dag.py:3089} INFO - Sync 1 DAGs
[2026-09-30T03:53:43.135+0000] {logging_mixin.py:188} INFO - [2026-09-30T03:53:43.135+0000] {dag.py:3947} INFO - Setting next_dagrun for dag_market_eod to 2026-09-29 22:00:00+00:00, run_after=2026-09-30 22:00:00+00:00
[2026-09-30T03:53:43.144+0000] {processor.py:183} INFO - Processing /opt/airflow/dags/dag_market_eod.py took 0.383 seconds
[2026-09-30T03:54:13.247+0000] {processor.py:161} INFO - Started process (PID=456) to work on /opt/airflow/dags/dag_market_eod.py
[2026-09-30T03:54:13.248+0000] {processor.py:830} INFO - Processing file /opt/airflow/dags/dag_market_eod.py for tasks to queue
[2026-09-30T03:54:13.249+0000] {logging_mixin.py:188} INFO - [2026-09-30T03:54:13.249+0000] {dagbag.py:545} INFO - Filling up the DagBag from /opt/airflow/dags/dag_market_eod.py
[2026-09-30T03:54:13.486+0000] {processor.py:840} INFO - DAG(s) 'dag_market_eod' retrieved from /opt/airflow/dags/dag_market_eod.py
[2026-09-30T03:54:13.502+0000] {logging_mixin.py:188} INFO - [2026-09-30T03:54:13.502+0000] {dag.py:3089} INFO - Sync 1 DAGs
[2026-09-30T03:54:13.515+0000] {logging_mixin.py:188} INFO - [2026-09-30T03:54:13.515+0000] {dag.py:3947} INFO - Setting next_dagrun for dag_market_eod to 2026-09-29 22:00:00+00:00, run_after=2026-09-30 22:00:00+00:00
[2026-09-30T03:54:13.527+0000] {processor.py:183} INFO - Processing /opt/airflow/dags/dag_market_eod.py took 0.284 seconds
[2026-09-30T03:54:43.621+0000] {processor.py:161} INFO - Started process (PID=462) to work on /opt/airflow/dags/dag_market_eod.py
[2026-09-30T03:54:43.623+0000] {processor.py:830} INFO - Processing file /opt/airflow/dags/dag_market_eod.py for tasks to queue
[2026-09-30T03:54:43.623+0000] {logging_mixin.py:188} INFO - [2026-09-30T03:54:43.623+0000] {dagbag.py:545} INFO - Filling up the DagBag from /opt/airflow/dags/dag_market_eod.py
[2026-09-30T03:54:43.856+0000] {processor.py:840} INFO - DAG(s) 'dag_market_eod' retrieved from /opt/airflow/dags/dag_market_eod.py
[2026-09-30T03:54:43.872+0000] {logging_mixin.py:188} INFO - [2026-09-30T03:54:43.872+0000] {dag.py:3089} INFO - Sync 1 DAGs
[2026-09-30T03:54:43.885+0000] {logging_mixin.py:188} INFO - [2026-09-30T03:54:43.885+0000] {dag.py:3947} INFO - Setting next_dagrun for dag_market_eod to 2026-09-29 22:00:00+00:00, run_after=2026-09-30 22:00:00+00:00
[2026-09-30T03:54:43.895+0000] {processor.py:183} INFO - Processing /opt/airflow/dags/dag_market_eod.py took 0.278 seconds
[2026-09-30T03:55:13.984+0000] {processor.py:161} INFO - Started process (PID=468) to work on /opt/airflow/dags/dag_market_eod.py
[2026-09-30T03:55:13.984+0000] {processor.py:830} INFO - Processing file /opt/airflow/dags/dag_market_eod.py for tasks to queue
[2026-09-30T03:55:13.985+0000] {logging_mixin.py:188} INFO - [2026-09-30T03:55:13.985+0000] {dagbag.py:545} INFO - Filling up the DagBag from /opt/airflow/dags/dag_market_eod.py
[2026-09-30T03:55:14.222+0000] {processor.py:840} INFO - DAG(s) 'dag_market_eod' retrieved from /opt/airflow/dags/dag_market_eod.py
[2026-09-30T03:55:14.238+0000] {logging_mixin.py:188} INFO - [2026-09-30T03:55:14.238+0000] {dag.py:3089} INFO - Sync 1 DAGs
[2026-09-30T03:55:14.251+0000] {logging_mixin.py:188} INFO - [2026-09-30T03:55:14.251+0000] {dag.py:3947} INFO - Setting next_dagrun for dag_market_eod to 2026-09-29 22:00:00+00:00, run_after=2026-09-30 22:00:00+00:00
[2026-09-30T03:55:14.261+0000] {processor.py:183} INFO - Processing /opt/airflow/dags/dag_market_eod.py took 0.280 seconds
[2026-09-30T03:55:44.349+0000] {processor.py:161} INFO - Started process (PID=474) to work on /opt/airflow/dags/dag_market_eod.py
[2026-09-30T03:55:44.350+0000] {processor.py:830} INFO - Processing file /opt/airflow/dags/dag_market_eod.py for tasks to queue
[2026-09-30T03:55:44.351+0000] {logging_mixin.py:188} INFO - [2026-09-30T03:55:44.351+0000] {dagbag.py:545} INFO - Filling up the DagBag from /opt/airflow/dags/dag_market_eod.py
[2026-09-30T03:55:44.585+0000] {processor.py:840} INFO - DAG(s) 'dag_market_eod' retrieved from /opt/airflow/dags/dag_market_eod.py
[2026-09-30T03:55:44.604+0000] {logging_mixin.py:188} INFO - [2026-09-30T03:55:44.603+0000] {dag.py:3089} INFO - Sync 1 DAGs
[2026-09-30T03:55:44.615+0000] {logging_mixin.py:188} INFO - [2026-09-30T03:55:44.615+0000] {dag.py:3947} INFO - Setting next_dagrun for dag_market_eod to 2026-09-29 22:00:00+00:00, run_after=2026-09-30 22:00:00+00:00
[2026-09-30T03:55:44.625+0000] {processor.py:183} INFO - Processing /opt/airflow/dags/dag_market_eod.py took 0.279 seconds
[2026-09-30T03:56:14.719+0000] {processor.py:161} INFO - Started process (PID=480) to work on /opt/airflow/dags/dag_market_eod.py
[2026-09-30T03:56:14.719+0000] {processor.py:830} INFO - Processing file /opt/airflow/dags/dag_market_eod.py for tasks to queue
[2026-09-30T03:56:14.720+0000] {logging_mixin.py:188} INFO - [2026-09-30T03:56:14.720+0000] {dagbag.py:545} INFO - Filling up the DagBag from /opt/airflow/dags/dag_market_eod.py
[2026-09-30T03:56:14.953+0000] {processor.py:840} INFO - DAG(s) 'dag_market_eod' retrieved from /opt/airflow/dags/dag_market_eod.py
[2026-09-30T03:56:14.968+0000] {logging_mixin.py:188} INFO - [2026-09-30T03:56:14.968+0000] {dag.py:3089} INFO - Sync 1 DAGs
[2026-09-30T03:56:14.980+0000] {logging_mixin.py:188} INFO - [2026-09-30T03:56:14.980+0000] {dag.py:3947} INFO - Setting next_dagrun for dag_market_eod to 2026-09-29 22:00:00+00:00, run_after=2026-09-30 22:00:00+00:00
[2026-09-30T03:56:15.092+0000] {processor.py:183} INFO - Processing /opt/airflow/dags/dag_market_eod.py took 0.377 seconds
[2026-09-30T03:56:45.202+0000] {processor.py:161} INFO - Started process (PID=486) to work on /opt/airflow/dags/dag_market_eod.py
[2026-09-30T03:56:45.205+0000] {processor.py:830} INFO - Processing file /opt/airflow/dags/dag_market_eod.py for tasks to queue
[2026-09-30T03:56:45.206+0000] {logging_mixin.py:188} INFO - [2026-09-30T03:56:45.206+0000] {dagbag.py:545} INFO - Filling up the DagBag from /opt/airflow/dags/dag_market_eod.py
[2026-09-30T03:56:45.443+0000] {processor.py:840} INFO - DAG(s) 'dag_market_eod' retrieved from /opt/airflow/dags/dag_market_eod.py
[2026-09-30T03:56:45.464+0000] {logging_mixin.py:188} INFO - [2026-09-30T03:56:45.464+0000] {dag.py:3089} INFO - Sync 1 DAGs
[2026-09-30T03:56:45.580+0000] {logging_mixin.py:188} INFO - [2026-09-30T03:56:45.580+0000] {dag.py:3947} INFO - Setting next_dagrun for dag_market_eod to 2026-09-29 22:00:00+00:00, run_after=2026-09-30 22:00:00+00:00
[2026-09-30T03:56:45.590+0000] {processor.py:183} INFO - Processing /opt/airflow/dags/dag_market_eod.py took 0.392 seconds
[2026-09-30T03:57:15.693+0000] {processor.py:161} INFO - Started process (PID=492) to work on /opt/airflow/dags/dag_market_eod.py
[2026-09-30T03:57:15.693+0000] {processor.py:830} INFO - Processing file /opt/airflow/dags/dag_market_eod.py for tasks to queue
[2026-09-30T03:57:15.694+0000] {logging_mixin.py:188} INFO - [2026-09-30T03:57:15.694+0000] {dagbag.py:545} INFO - Filling up the DagBag from /opt/airflow/dags/dag_market_eod.py
[2026-09-30T03:57:15.927+0000] {processor.py:840} INFO - DAG(s) 'dag_market_eod' retrieved from /opt/airflow/dags/dag_market_eod.py
[2026-09-30T03:57:15.948+0000] {logging_mixin.py:188} INFO - [2026-09-30T03:57:15.948+0000] {dag.py:3089} INFO - Sync 1 DAGs
[2026-09-30T03:57:16.061+0000] {logging_mixin.py:188} INFO - [2026-09-30T03:57:16.061+0000] {dag.py:3947} INFO - Setting next_dagrun for dag_market_eod to 2026-09-29 22:00:00+00:00, run_after=2026-09-30 22:00:00+00:00
[2026-09-30T03:57:16.073+0000] {processor.py:183} INFO - Processing /opt/airflow/dags/dag_market_eod.py took 0.384 seconds
[2026-09-30T03:57:46.179+0000] {processor.py:161} INFO - Started process (PID=498) to work on /opt/airflow/dags/dag_market_eod.py
[2026-09-30T03:57:46.181+0000] {processor.py:830} INFO - Processing file /opt/airflow/dags/dag_market_eod.py for tasks to queue
[2026-09-30T03:57:46.181+0000] {logging_mixin.py:188} INFO - [2026-09-30T03:57:46.181+0000] {dagbag.py:545} INFO - Filling up the DagBag from /opt/airflow/dags/dag_market_eod.py
[2026-09-30T03:57:46.417+0000] {processor.py:840} INFO - DAG(s) 'dag_market_eod' retrieved from /opt/airflow/dags/dag_market_eod.py
[2026-09-30T03:57:46.434+0000] {logging_mixin.py:188} INFO - [2026-09-30T03:57:46.434+0000] {dag.py:3089} INFO - Sync 1 DAGs
[2026-09-30T03:57:46.447+0000] {logging_mixin.py:188} INFO - [2026-09-30T03:57:46.446+0000] {dag.py:3947} INFO - Setting next_dagrun for dag_market_eod to 2026-09-29 22:00:00+00:00, run_after=2026-09-30 22:00:00+00:00
[2026-09-30T03:57:46.458+0000] {processor.py:183} INFO - Processing /opt/airflow/dags/dag_market_eod.py took 0.283 seconds
[2026-09-30T03:58:16.555+0000] {processor.py:161} INFO - Started process (PID=504) to work on /opt/airflow/dags/dag_market_eod.py
[2026-09-30T03:58:16.556+0000] {processor.py:830} INFO - Processing file /opt/airflow/dags/dag_market_eod.py for tasks to queue
[2026-09-30T03:58:16.557+0000] {logging_mixin.py:188} INFO - [2026-09-30T03:58:16.557+0000] {dagbag.py:545} INFO - Filling up the DagBag from /opt/airflow/dags/dag_market_eod.py
[2026-09-30T03:58:16.796+0000] {processor.py:840} INFO - DAG(s) 'dag_market_eod' retrieved from /opt/airflow/dags/dag_market_eod.py
[2026-09-30T03:58:16.813+0000] {logging_mixin.py:188} INFO - [2026-09-30T03:58:16.813+0000] {dag.py:3089} INFO - Sync 1 DAGs
[2026-09-30T03:58:16.826+0000] {logging_mixin.py:188} INFO - [2026-09-30T03:58:16.826+0000] {dag.py:3947} INFO - Setting next_dagrun for dag_market_eod to 2026-09-29 22:00:00+00:00, run_after=2026-09-30 22:00:00+00:00
[2026-09-30T03:58:16.837+0000] {processor.py:183} INFO - Processing /opt/airflow/dags/dag_market_eod.py took 0.286 seconds
[2026-09-30T03:58:46.933+0000] {processor.py:161} INFO - Started process (PID=510) to work on /opt/airflow/dags/dag_market_eod.py
[2026-09-30T03:58:46.935+0000] {processor.py:830} INFO - Processing file /opt/airflow/dags/dag_market_eod.py for tasks to queue
[2026-09-30T03:58:46.936+0000] {logging_mixin.py:188} INFO - [2026-09-30T03:58:46.936+0000] {dagbag.py:545} INFO - Filling up the DagBag from /opt/airflow/dags/dag_market_eod.py
[2026-09-30T03:58:47.176+0000] {processor.py:840} INFO - DAG(s) 'dag_market_eod' retrieved from /opt/airflow/dags/dag_market_eod.py
[2026-09-30T03:58:47.193+0000] {logging_mixin.py:188} INFO - [2026-09-30T03:58:47.193+0000] {dag.py:3089} INFO - Sync 1 DAGs
[2026-09-30T03:58:47.208+0000] {logging_mixin.py:188} INFO - [2026-09-30T03:58:47.208+0000] {dag.py:3947} INFO - Setting next_dagrun for dag_market_eod to 2026-09-29 22:00:00+00:00, run_after=2026-09-30 22:00:00+00:00
[2026-09-30T03:58:47.220+0000] {processor.py:183} INFO - Processing /opt/airflow/dags/dag_market_eod.py took 0.289 seconds
[2026-09-30T03:59:17.325+0000] {processor.py:161} INFO - Started process (PID=516) to work on /opt/airflow/dags/dag_market_eod.py
[2026-09-30T03:59:17.325+0000] {processor.py:830} INFO - Processing file /opt/airflow/dags/dag_market_eod.py for tasks to queue
[2026-09-30T03:59:17.326+0000] {logging_mixin.py:188} INFO - [2026-09-30T03:59:17.326+0000] {dagbag.py:545} INFO - Filling up the DagBag from /opt/airflow/dags/dag_market_eod.py
[2026-09-30T03:59:17.556+0000] {processor.py:840} INFO - DAG(s) 'dag_market_eod' retrieved from /opt/airflow/dags/dag_market_eod.py
[2026-09-30T03:59:17.576+0000] {logging_mixin.py:188} INFO - [2026-09-30T03:59:17.576+0000] {dag.py:3089} INFO - Sync 1 DAGs
[2026-09-30T03:59:17.589+0000] {logging_mixin.py:188} INFO - [2026-09-30T03:59:17.589+0000] {dag.py:3947} INFO - Setting next_dagrun for dag_market_eod to 2026-09-29 22:00:00+00:00, run_after=2026-09-30 22:00:00+00:00
[2026-09-30T03:59:17.701+0000] {processor.py:183} INFO - Processing /opt/airflow/dags/dag_market_eod.py took 0.380 seconds
[2026-09-30T03:59:47.805+0000] {processor.py:161} INFO - Started process (PID=522) to work on /opt/airflow/dags/dag_market_eod.py
[2026-09-30T03:59:47.807+0000] {processor.py:830} INFO - Processing file /opt/airflow/dags/dag_market_eod.py for tasks to queue
[2026-09-30T03:59:47.808+0000] {logging_mixin.py:188} INFO - [2026-09-30T03:59:47.808+0000] {dagbag.py:545} INFO - Filling up the DagBag from /opt/airflow/dags/dag_market_eod.py
[2026-09-30T03:59:48.039+0000] {processor.py:840} INFO - DAG(s) 'dag_market_eod' retrieved from /opt/airflow/dags/dag_market_eod.py
[2026-09-30T03:59:48.059+0000] {logging_mixin.py:188} INFO - [2026-09-30T03:59:48.059+0000] {dag.py:3089} INFO - Sync 1 DAGs
[2026-09-30T03:59:48.174+0000] {logging_mixin.py:188} INFO - [2026-09-30T03:59:48.174+0000] {dag.py:3947} INFO - Setting next_dagrun for dag_market_eod to 2026-09-29 22:00:00+00:00, run_after=2026-09-30 22:00:00+00:00
[2026-09-30T03:59:48.185+0000] {processor.py:183} INFO - Processing /opt/airflow/dags/dag_market_eod.py took 0.384 seconds
[2026-09-30T04:00:18.284+0000] {processor.py:161} INFO - Started process (PID=528) to work on /opt/airflow/dags/dag_market_eod.py
[2026-09-30T04:00:18.284+0000] {processor.py:830} INFO - Processing file /opt/airflow/dags/dag_market_eod.py for tasks to queue
[2026-09-30T04:00:18.285+0000] {logging_mixin.py:188} INFO - [2026-09-30T04:00:18.285+0000] {dagbag.py:545} INFO - Filling up the DagBag from /opt/airflow/dags/dag_market_eod.py
[2026-09-30T04:00:18.516+0000] {processor.py:840} INFO - DAG(s) 'dag_market_eod' retrieved from /opt/airflow/dags/dag_market_eod.py
[2026-09-30T04:00:18.537+0000] {logging_mixin.py:188} INFO - [2026-09-30T04:00:18.537+0000] {dag.py:3089} INFO - Sync 1 DAGs
[2026-09-30T04:00:18.550+0000] {logging_mixin.py:188} INFO - [2026-09-30T04:00:18.550+0000] {dag.py:3947} INFO - Setting next_dagrun for dag_market_eod to 2026-09-29 22:00:00+00:00, run_after=2026-09-30 22:00:00+00:00
[2026-09-30T04:00:18.561+0000] {processor.py:183} INFO - Processing /opt/airflow/dags/dag_market_eod.py took 0.281 seconds
[2026-09-30T04:00:48.657+0000] {processor.py:161} INFO - Started process (PID=534) to work on /opt/airflow/dags/dag_market_eod.py
[2026-09-30T04:00:48.658+0000] {processor.py:830} INFO - Processing file /opt/airflow/dags/dag_market_eod.py for tasks to queue
[2026-09-30T04:00:48.659+0000] {logging_mixin.py:188} INFO - [2026-09-30T04:00:48.659+0000] {dagbag.py:545} INFO - Filling up the DagBag from /opt/airflow/dags/dag_market_eod.py
[2026-09-30T04:00:48.901+0000] {processor.py:840} INFO - DAG(s) 'dag_market_eod' retrieved from /opt/airflow/dags/dag_market_eod.py
[2026-09-30T04:00:48.923+0000] {logging_mixin.py:188} INFO - [2026-09-30T04:00:48.923+0000] {dag.py:3089} INFO - Sync 1 DAGs
[2026-09-30T04:00:48.940+0000] {logging_mixin.py:188} INFO - [2026-09-30T04:00:48.940+0000] {dag.py:3947} INFO - Setting next_dagrun for dag_market_eod to 2026-09-29 22:00:00+00:00, run_after=2026-09-30 22:00:00+00:00
[2026-09-30T04:00:48.955+0000] {processor.py:183} INFO - Processing /opt/airflow/dags/dag_market_eod.py took 0.302 seconds
[2026-09-30T04:01:19.047+0000] {processor.py:161} INFO - Started process (PID=540) to work on /opt/airflow/dags/dag_market_eod.py
[2026-09-30T04:01:19.048+0000] {processor.py:830} INFO - Processing file /opt/airflow/dags/dag_market_eod.py for tasks to queue
[2026-09-30T04:01:19.049+0000] {logging_mixin.py:188} INFO - [2026-09-30T04:01:19.049+0000] {dagbag.py:545} INFO - Filling up the DagBag from /opt/airflow/dags/dag_market_eod.py
[2026-09-30T04:01:19.284+0000] {processor.py:840} INFO - DAG(s) 'dag_market_eod' retrieved from /opt/airflow/dags/dag_market_eod.py
[2026-09-30T04:01:19.305+0000] {logging_mixin.py:188} INFO - [2026-09-30T04:01:19.305+0000] {dag.py:3089} INFO - Sync 1 DAGs
[2026-09-30T04:01:19.318+0000] {logging_mixin.py:188} INFO - [2026-09-30T04:01:19.318+0000] {dag.py:3947} INFO - Setting next_dagrun for dag_market_eod to 2026-09-29 22:00:00+00:00, run_after=2026-09-30 22:00:00+00:00
[2026-09-30T04:01:19.330+0000] {processor.py:183} INFO - Processing /opt/airflow/dags/dag_market_eod.py took 0.288 seconds
[2026-09-30T04:01:49.418+0000] {processor.py:161} INFO - Started process (PID=546) to work on /opt/airflow/dags/dag_market_eod.py
[2026-09-30T04:01:49.420+0000] {processor.py:830} INFO - Processing file /opt/airflow/dags/dag_market_eod.py for tasks to queue
[2026-09-30T04:01:49.421+0000] {logging_mixin.py:188} INFO - [2026-09-30T04:01:49.421+0000] {dagbag.py:545} INFO - Filling up the DagBag from /opt/airflow/dags/dag_market_eod.py
[2026-09-30T04:01:49.657+0000] {processor.py:840} INFO - DAG(s) 'dag_market_eod' retrieved from /opt/airflow/dags/dag_market_eod.py
[2026-09-30T04:01:49.676+0000] {logging_mixin.py:188} INFO - [2026-09-30T04:01:49.675+0000] {dag.py:3089} INFO - Sync 1 DAGs
[2026-09-30T04:01:49.688+0000] {logging_mixin.py:188} INFO - [2026-09-30T04:01:49.688+0000] {dag.py:3947} INFO - Setting next_dagrun for dag_market_eod to 2026-09-29 22:00:00+00:00, run_after=2026-09-30 22:00:00+00:00
[2026-09-30T04:01:49.698+0000] {processor.py:183} INFO - Processing /opt/airflow/dags/dag_market_eod.py took 0.283 seconds
[2026-09-30T04:02:19.797+0000] {processor.py:161} INFO - Started process (PID=552) to work on /opt/airflow/dags/dag_market_eod.py
[2026-09-30T04:02:19.798+0000] {processor.py:830} INFO - Processing file /opt/airflow/dags/dag_market_eod.py for tasks to queue
[2026-09-30T04:02:19.799+0000] {logging_mixin.py:188} INFO - [2026-09-30T04:02:19.799+0000] {dagbag.py:545} INFO - Filling up the DagBag from /opt/airflow/dags/dag_market_eod.py
[2026-09-30T04:02:20.037+0000] {processor.py:840} INFO - DAG(s) 'dag_market_eod' retrieved from /opt/airflow/dags/dag_market_eod.py
[2026-09-30T04:02:20.053+0000] {logging_mixin.py:188} INFO - [2026-09-30T04:02:20.053+0000] {dag.py:3089} INFO - Sync 1 DAGs
[2026-09-30T04:02:20.066+0000] {logging_mixin.py:188} INFO - [2026-09-30T04:02:20.066+0000] {dag.py:3947} INFO - Setting next_dagrun for dag_market_eod to 2026-09-29 22:00:00+00:00, run_after=2026-09-30 22:00:00+00:00
[2026-09-30T04:02:20.183+0000] {processor.py:183} INFO - Processing /opt/airflow/dags/dag_market_eod.py took 0.391 seconds
[2026-09-30T04:02:50.281+0000] {processor.py:161} INFO - Started process (PID=558) to work on /opt/airflow/dags/dag_market_eod.py
[2026-09-30T04:02:50.282+0000] {processor.py:830} INFO - Processing file /opt/airflow/dags/dag_market_eod.py for tasks to queue
[2026-09-30T04:02:50.283+0000] {logging_mixin.py:188} INFO - [2026-09-30T04:02:50.283+0000] {dagbag.py:545} INFO - Filling up the DagBag from /opt/airflow/dags/dag_market_eod.py
[2026-09-30T04:02:50.517+0000] {processor.py:840} INFO - DAG(s) 'dag_market_eod' retrieved from /opt/airflow/dags/dag_market_eod.py
[2026-09-30T04:02:50.535+0000] {logging_mixin.py:188} INFO - [2026-09-30T04:02:50.535+0000] {dag.py:3089} INFO - Sync 1 DAGs
[2026-09-30T04:02:50.649+0000] {logging_mixin.py:188} INFO - [2026-09-30T04:02:50.649+0000] {dag.py:3947} INFO - Setting next_dagrun for dag_market_eod to 2026-09-29 22:00:00+00:00, run_after=2026-09-30 22:00:00+00:00
[2026-09-30T04:02:50.661+0000] {processor.py:183} INFO - Processing /opt/airflow/dags/dag_market_eod.py took 0.385 seconds
[2026-09-30T04:03:20.767+0000] {processor.py:161} INFO - Started process (PID=564) to work on /opt/airflow/dags/dag_market_eod.py
[2026-09-30T04:03:20.767+0000] {processor.py:830} INFO - Processing file /opt/airflow/dags/dag_market_eod.py for tasks to queue
[2026-09-30T04:03:20.768+0000] {logging_mixin.py:188} INFO - [2026-09-30T04:03:20.768+0000] {dagbag.py:545} INFO - Filling up the DagBag from /opt/airflow/dags/dag_market_eod.py
[2026-09-30T04:03:20.994+0000] {processor.py:840} INFO - DAG(s) 'dag_market_eod' retrieved from /opt/airflow/dags/dag_market_eod.py
[2026-09-30T04:03:21.015+0000] {logging_mixin.py:188} INFO - [2026-09-30T04:03:21.015+0000] {dag.py:3089} INFO - Sync 1 DAGs
[2026-09-30T04:03:21.032+0000] {logging_mixin.py:188} INFO - [2026-09-30T04:03:21.032+0000] {dag.py:3947} INFO - Setting next_dagrun for dag_market_eod to 2026-09-29 22:00:00+00:00, run_after=2026-09-30 22:00:00+00:00
[2026-09-30T04:03:21.044+0000] {processor.py:183} INFO - Processing /opt/airflow/dags/dag_market_eod.py took 0.281 seconds
[2026-09-30T04:03:51.151+0000] {processor.py:161} INFO - Started process (PID=570) to work on /opt/airflow/dags/dag_market_eod.py
[2026-09-30T04:03:51.152+0000] {processor.py:830} INFO - Processing file /opt/airflow/dags/dag_market_eod.py for tasks to queue
[2026-09-30T04:03:51.153+0000] {logging_mixin.py:188} INFO - [2026-09-30T04:03:51.153+0000] {dagbag.py:545} INFO - Filling up the DagBag from /opt/airflow/dags/dag_market_eod.py
[2026-09-30T04:03:51.380+0000] {processor.py:840} INFO - DAG(s) 'dag_market_eod' retrieved from /opt/airflow/dags/dag_market_eod.py
[2026-09-30T04:03:51.403+0000] {logging_mixin.py:188} INFO - [2026-09-30T04:03:51.403+0000] {dag.py:3089} INFO - Sync 1 DAGs
[2026-09-30T04:03:51.415+0000] {logging_mixin.py:188} INFO - [2026-09-30T04:03:51.415+0000] {dag.py:3947} INFO - Setting next_dagrun for dag_market_eod to 2026-09-29 22:00:00+00:00, run_after=2026-09-30 22:00:00+00:00
[2026-09-30T04:03:51.429+0000] {processor.py:183} INFO - Processing /opt/airflow/dags/dag_market_eod.py took 0.283 seconds
[2026-09-30T04:04:21.528+0000] {processor.py:161} INFO - Started process (PID=576) to work on /opt/airflow/dags/dag_market_eod.py
[2026-09-30T04:04:21.528+0000] {processor.py:830} INFO - Processing file /opt/airflow/dags/dag_market_eod.py for tasks to queue
[2026-09-30T04:04:21.530+0000] {logging_mixin.py:188} INFO - [2026-09-30T04:04:21.529+0000] {dagbag.py:545} INFO - Filling up the DagBag from /opt/airflow/dags/dag_market_eod.py
[2026-09-30T04:04:21.756+0000] {processor.py:840} INFO - DAG(s) 'dag_market_eod' retrieved from /opt/airflow/dags/dag_market_eod.py
[2026-09-30T04:04:21.773+0000] {logging_mixin.py:188} INFO - [2026-09-30T04:04:21.773+0000] {dag.py:3089} INFO - Sync 1 DAGs
[2026-09-30T04:04:21.785+0000] {logging_mixin.py:188} INFO - [2026-09-30T04:04:21.785+0000] {dag.py:3947} INFO - Setting next_dagrun for dag_market_eod to 2026-09-29 22:00:00+00:00, run_after=2026-09-30 22:00:00+00:00
[2026-09-30T04:04:21.796+0000] {processor.py:183} INFO - Processing /opt/airflow/dags/dag_market_eod.py took 0.273 seconds
[2026-09-30T04:04:51.895+0000] {processor.py:161} INFO - Started process (PID=582) to work on /opt/airflow/dags/dag_market_eod.py
[2026-09-30T04:04:51.897+0000] {processor.py:830} INFO - Processing file /opt/airflow/dags/dag_market_eod.py for tasks to queue
[2026-09-30T04:04:51.899+0000] {logging_mixin.py:188} INFO - [2026-09-30T04:04:51.898+0000] {dagbag.py:545} INFO - Filling up the DagBag from /opt/airflow/dags/dag_market_eod.py
[2026-09-30T04:04:52.131+0000] {processor.py:840} INFO - DAG(s) 'dag_market_eod' retrieved from /opt/airflow/dags/dag_market_eod.py
[2026-09-30T04:04:52.154+0000] {logging_mixin.py:188} INFO - [2026-09-30T04:04:52.154+0000] {dag.py:3089} INFO - Sync 1 DAGs
[2026-09-30T04:04:52.166+0000] {logging_mixin.py:188} INFO - [2026-09-30T04:04:52.166+0000] {dag.py:3947} INFO - Setting next_dagrun for dag_market_eod to 2026-09-29 22:00:00+00:00, run_after=2026-09-30 22:00:00+00:00
[2026-09-30T04:04:52.177+0000] {processor.py:183} INFO - Processing /opt/airflow/dags/dag_market_eod.py took 0.286 seconds
[2026-09-30T04:05:22.271+0000] {processor.py:161} INFO - Started process (PID=588) to work on /opt/airflow/dags/dag_market_eod.py
[2026-09-30T04:05:22.271+0000] {processor.py:830} INFO - Processing file /opt/airflow/dags/dag_market_eod.py for tasks to queue
[2026-09-30T04:05:22.272+0000] {logging_mixin.py:188} INFO - [2026-09-30T04:05:22.272+0000] {dagbag.py:545} INFO - Filling up the DagBag from /opt/airflow/dags/dag_market_eod.py
[2026-09-30T04:05:22.499+0000] {processor.py:840} INFO - DAG(s) 'dag_market_eod' retrieved from /opt/airflow/dags/dag_market_eod.py
[2026-09-30T04:05:22.516+0000] {logging_mixin.py:188} INFO - [2026-09-30T04:05:22.515+0000] {dag.py:3089} INFO - Sync 1 DAGs
[2026-09-30T04:05:22.528+0000] {logging_mixin.py:188} INFO - [2026-09-30T04:05:22.528+0000] {dag.py:3947} INFO - Setting next_dagrun for dag_market_eod to 2026-09-29 22:00:00+00:00, run_after=2026-09-30 22:00:00+00:00
[2026-09-30T04:05:22.632+0000] {processor.py:183} INFO - Processing /opt/airflow/dags/dag_market_eod.py took 0.365 seconds
[2026-09-30T04:05:52.741+0000] {processor.py:161} INFO - Started process (PID=594) to work on /opt/airflow/dags/dag_market_eod.py
[2026-09-30T04:05:52.742+0000] {processor.py:830} INFO - Processing file /opt/airflow/dags/dag_market_eod.py for tasks to queue
[2026-09-30T04:05:52.743+0000] {logging_mixin.py:188} INFO - [2026-09-30T04:05:52.743+0000] {dagbag.py:545} INFO - Filling up the DagBag from /opt/airflow/dags/dag_market_eod.py
[2026-09-30T04:05:52.971+0000] {processor.py:840} INFO - DAG(s) 'dag_market_eod' retrieved from /opt/airflow/dags/dag_market_eod.py
[2026-09-30T04:05:52.994+0000] {logging_mixin.py:188} INFO - [2026-09-30T04:05:52.994+0000] {dag.py:3089} INFO - Sync 1 DAGs
[2026-09-30T04:05:53.120+0000] {logging_mixin.py:188} INFO - [2026-09-30T04:05:53.120+0000] {dag.py:3947} INFO - Setting next_dagrun for dag_market_eod to 2026-09-29 22:00:00+00:00, run_after=2026-09-30 22:00:00+00:00
[2026-09-30T04:05:53.131+0000] {processor.py:183} INFO - Processing /opt/airflow/dags/dag_market_eod.py took 0.395 seconds
[2026-09-30T04:06:23.255+0000] {processor.py:161} INFO - Started process (PID=600) to work on /opt/airflow/dags/dag_market_eod.py
[2026-09-30T04:06:23.256+0000] {processor.py:830} INFO - Processing file /opt/airflow/dags/dag_market_eod.py for tasks to queue
[2026-09-30T04:06:23.257+0000] {logging_mixin.py:188} INFO - [2026-09-30T04:06:23.256+0000] {dagbag.py:545} INFO - Filling up the DagBag from /opt/airflow/dags/dag_market_eod.py
[2026-09-30T04:06:23.482+0000] {processor.py:840} INFO - DAG(s) 'dag_market_eod' retrieved from /opt/airflow/dags/dag_market_eod.py
[2026-09-30T04:06:23.499+0000] {logging_mixin.py:188} INFO - [2026-09-30T04:06:23.499+0000] {dag.py:3089} INFO - Sync 1 DAGs
[2026-09-30T04:06:23.512+0000] {logging_mixin.py:188} INFO - [2026-09-30T04:06:23.512+0000] {dag.py:3947} INFO - Setting next_dagrun for dag_market_eod to 2026-09-29 22:00:00+00:00, run_after=2026-09-30 22:00:00+00:00
[2026-09-30T04:06:23.524+0000] {processor.py:183} INFO - Processing /opt/airflow/dags/dag_market_eod.py took 0.273 seconds
[2026-09-30T04:06:53.626+0000] {processor.py:161} INFO - Started process (PID=606) to work on /opt/airflow/dags/dag_market_eod.py
[2026-09-30T04:06:53.628+0000] {processor.py:830} INFO - Processing file /opt/airflow/dags/dag_market_eod.py for tasks to queue
[2026-09-30T04:06:53.629+0000] {logging_mixin.py:188} INFO - [2026-09-30T04:06:53.629+0000] {dagbag.py:545} INFO - Filling up the DagBag from /opt/airflow/dags/dag_market_eod.py
[2026-09-30T04:06:53.861+0000] {processor.py:840} INFO - DAG(s) 'dag_market_eod' retrieved from /opt/airflow/dags/dag_market_eod.py
[2026-09-30T04:06:53.881+0000] {logging_mixin.py:188} INFO - [2026-09-30T04:06:53.881+0000] {dag.py:3089} INFO - Sync 1 DAGs
[2026-09-30T04:06:53.893+0000] {logging_mixin.py:188} INFO - [2026-09-30T04:06:53.893+0000] {dag.py:3947} INFO - Setting next_dagrun for dag_market_eod to 2026-09-29 22:00:00+00:00, run_after=2026-09-30 22:00:00+00:00
[2026-09-30T04:06:53.905+0000] {processor.py:183} INFO - Processing /opt/airflow/dags/dag_market_eod.py took 0.282 seconds
[2026-09-30T04:07:24.007+0000] {processor.py:161} INFO - Started process (PID=612) to work on /opt/airflow/dags/dag_market_eod.py
[2026-09-30T04:07:24.007+0000] {processor.py:830} INFO - Processing file /opt/airflow/dags/dag_market_eod.py for tasks to queue
[2026-09-30T04:07:24.009+0000] {logging_mixin.py:188} INFO - [2026-09-30T04:07:24.009+0000] {dagbag.py:545} INFO - Filling up the DagBag from /opt/airflow/dags/dag_market_eod.py
[2026-09-30T04:07:24.251+0000] {processor.py:840} INFO - DAG(s) 'dag_market_eod' retrieved from /opt/airflow/dags/dag_market_eod.py
[2026-09-30T04:07:24.269+0000] {logging_mixin.py:188} INFO - [2026-09-30T04:07:24.269+0000] {dag.py:3089} INFO - Sync 1 DAGs
[2026-09-30T04:07:24.281+0000] {logging_mixin.py:188} INFO - [2026-09-30T04:07:24.281+0000] {dag.py:3947} INFO - Setting next_dagrun for dag_market_eod to 2026-09-29 22:00:00+00:00, run_after=2026-09-30 22:00:00+00:00
[2026-09-30T04:07:24.292+0000] {processor.py:183} INFO - Processing /opt/airflow/dags/dag_market_eod.py took 0.289 seconds
[2026-09-30T04:07:54.389+0000] {processor.py:161} INFO - Started process (PID=618) to work on /opt/airflow/dags/dag_market_eod.py
[2026-09-30T04:07:54.391+0000] {processor.py:830} INFO - Processing file /opt/airflow/dags/dag_market_eod.py for tasks to queue
[2026-09-30T04:07:54.392+0000] {logging_mixin.py:188} INFO - [2026-09-30T04:07:54.392+0000] {dagbag.py:545} INFO - Filling up the DagBag from /opt/airflow/dags/dag_market_eod.py
[2026-09-30T04:07:54.614+0000] {processor.py:840} INFO - DAG(s) 'dag_market_eod' retrieved from /opt/airflow/dags/dag_market_eod.py
[2026-09-30T04:07:54.631+0000] {logging_mixin.py:188} INFO - [2026-09-30T04:07:54.630+0000] {dag.py:3089} INFO - Sync 1 DAGs
[2026-09-30T04:07:54.642+0000] {logging_mixin.py:188} INFO - [2026-09-30T04:07:54.642+0000] {dag.py:3947} INFO - Setting next_dagrun for dag_market_eod to 2026-09-29 22:00:00+00:00, run_after=2026-09-30 22:00:00+00:00
[2026-09-30T04:07:54.654+0000] {processor.py:183} INFO - Processing /opt/airflow/dags/dag_market_eod.py took 0.268 seconds
[2026-09-30T04:08:24.759+0000] {processor.py:161} INFO - Started process (PID=624) to work on /opt/airflow/dags/dag_market_eod.py
[2026-09-30T04:08:24.759+0000] {processor.py:830} INFO - Processing file /opt/airflow/dags/dag_market_eod.py for tasks to queue
[2026-09-30T04:08:24.760+0000] {logging_mixin.py:188} INFO - [2026-09-30T04:08:24.760+0000] {dagbag.py:545} INFO - Filling up the DagBag from /opt/airflow/dags/dag_market_eod.py
[2026-09-30T04:08:24.989+0000] {processor.py:840} INFO - DAG(s) 'dag_market_eod' retrieved from /opt/airflow/dags/dag_market_eod.py
[2026-09-30T04:08:25.006+0000] {logging_mixin.py:188} INFO - [2026-09-30T04:08:25.006+0000] {dag.py:3089} INFO - Sync 1 DAGs
[2026-09-30T04:08:25.019+0000] {logging_mixin.py:188} INFO - [2026-09-30T04:08:25.019+0000] {dag.py:3947} INFO - Setting next_dagrun for dag_market_eod to 2026-09-29 22:00:00+00:00, run_after=2026-09-30 22:00:00+00:00
[2026-09-30T04:08:25.125+0000] {processor.py:183} INFO - Processing /opt/airflow/dags/dag_market_eod.py took 0.370 seconds
[2026-09-30T04:08:55.235+0000] {processor.py:161} INFO - Started process (PID=630) to work on /opt/airflow/dags/dag_market_eod.py
[2026-09-30T04:08:55.237+0000] {processor.py:830} INFO - Processing file /opt/airflow/dags/dag_market_eod.py for tasks to queue
[2026-09-30T04:08:55.238+0000] {logging_mixin.py:188} INFO - [2026-09-30T04:08:55.238+0000] {dagbag.py:545} INFO - Filling up the DagBag from /opt/airflow/dags/dag_market_eod.py
[2026-09-30T04:08:55.466+0000] {processor.py:840} INFO - DAG(s) 'dag_market_eod' retrieved from /opt/airflow/dags/dag_market_eod.py
[2026-09-30T04:08:55.490+0000] {logging_mixin.py:188} INFO - [2026-09-30T04:08:55.490+0000] {dag.py:3089} INFO - Sync 1 DAGs
[2026-09-30T04:08:55.597+0000] {logging_mixin.py:188} INFO - [2026-09-30T04:08:55.597+0000] {dag.py:3947} INFO - Setting next_dagrun for dag_market_eod to 2026-09-29 22:00:00+00:00, run_after=2026-09-30 22:00:00+00:00
[2026-09-30T04:08:55.610+0000] {processor.py:183} INFO - Processing /opt/airflow/dags/dag_market_eod.py took 0.380 seconds
[2026-09-30T04:09:25.720+0000] {processor.py:161} INFO - Started process (PID=636) to work on /opt/airflow/dags/dag_market_eod.py
[2026-09-30T04:09:25.720+0000] {processor.py:830} INFO - Processing file /opt/airflow/dags/dag_market_eod.py for tasks to queue
[2026-09-30T04:09:25.721+0000] {logging_mixin.py:188} INFO - [2026-09-30T04:09:25.721+0000] {dagbag.py:545} INFO - Filling up the DagBag from /opt/airflow/dags/dag_market_eod.py
[2026-09-30T04:09:25.953+0000] {processor.py:840} INFO - DAG(s) 'dag_market_eod' retrieved from /opt/airflow/dags/dag_market_eod.py
[2026-09-30T04:09:25.970+0000] {logging_mixin.py:188} INFO - [2026-09-30T04:09:25.970+0000] {dag.py:3089} INFO - Sync 1 DAGs
[2026-09-30T04:09:25.982+0000] {logging_mixin.py:188} INFO - [2026-09-30T04:09:25.982+0000] {dag.py:3947} INFO - Setting next_dagrun for dag_market_eod to 2026-09-29 22:00:00+00:00, run_after=2026-09-30 22:00:00+00:00
[2026-09-30T04:09:25.993+0000] {processor.py:183} INFO - Processing /opt/airflow/dags/dag_market_eod.py took 0.276 seconds
[2026-09-30T04:09:56.099+0000] {processor.py:161} INFO - Started process (PID=642) to work on /opt/airflow/dags/dag_market_eod.py
[2026-09-30T04:09:56.102+0000] {processor.py:830} INFO - Processing file /opt/airflow/dags/dag_market_eod.py for tasks to queue
[2026-09-30T04:09:56.103+0000] {logging_mixin.py:188} INFO - [2026-09-30T04:09:56.102+0000] {dagbag.py:545} INFO - Filling up the DagBag from /opt/airflow/dags/dag_market_eod.py
[2026-09-30T04:09:56.323+0000] {processor.py:840} INFO - DAG(s) 'dag_market_eod' retrieved from /opt/airflow/dags/dag_market_eod.py
[2026-09-30T04:09:56.341+0000] {logging_mixin.py:188} INFO - [2026-09-30T04:09:56.341+0000] {dag.py:3089} INFO - Sync 1 DAGs
[2026-09-30T04:09:56.354+0000] {logging_mixin.py:188} INFO - [2026-09-30T04:09:56.354+0000] {dag.py:3947} INFO - Setting next_dagrun for dag_market_eod to 2026-09-29 22:00:00+00:00, run_after=2026-09-30 22:00:00+00:00
[2026-09-30T04:09:56.365+0000] {processor.py:183} INFO - Processing /opt/airflow/dags/dag_market_eod.py took 0.270 seconds
[2026-09-30T04:10:26.468+0000] {processor.py:161} INFO - Started process (PID=648) to work on /opt/airflow/dags/dag_market_eod.py
[2026-09-30T04:10:26.468+0000] {processor.py:830} INFO - Processing file /opt/airflow/dags/dag_market_eod.py for tasks to queue
[2026-09-30T04:10:26.469+0000] {logging_mixin.py:188} INFO - [2026-09-30T04:10:26.469+0000] {dagbag.py:545} INFO - Filling up the DagBag from /opt/airflow/dags/dag_market_eod.py
[2026-09-30T04:10:26.690+0000] {processor.py:840} INFO - DAG(s) 'dag_market_eod' retrieved from /opt/airflow/dags/dag_market_eod.py
[2026-09-30T04:10:26.705+0000] {logging_mixin.py:188} INFO - [2026-09-30T04:10:26.704+0000] {dag.py:3089} INFO - Sync 1 DAGs
[2026-09-30T04:10:26.717+0000] {logging_mixin.py:188} INFO - [2026-09-30T04:10:26.717+0000] {dag.py:3947} INFO - Setting next_dagrun for dag_market_eod to 2026-09-29 22:00:00+00:00, run_after=2026-09-30 22:00:00+00:00
[2026-09-30T04:10:26.727+0000] {processor.py:183} INFO - Processing /opt/airflow/dags/dag_market_eod.py took 0.262 seconds
[2026-09-30T04:10:56.826+0000] {processor.py:161} INFO - Started process (PID=654) to work on /opt/airflow/dags/dag_market_eod.py
[2026-09-30T04:10:56.828+0000] {processor.py:830} INFO - Processing file /opt/airflow/dags/dag_market_eod.py for tasks to queue
[2026-09-30T04:10:56.830+0000] {logging_mixin.py:188} INFO - [2026-09-30T04:10:56.829+0000] {dagbag.py:545} INFO - Filling up the DagBag from /opt/airflow/dags/dag_market_eod.py
[2026-09-30T04:10:57.054+0000] {processor.py:840} INFO - DAG(s) 'dag_market_eod' retrieved from /opt/airflow/dags/dag_market_eod.py
[2026-09-30T04:10:57.069+0000] {logging_mixin.py:188} INFO - [2026-09-30T04:10:57.069+0000] {dag.py:3089} INFO - Sync 1 DAGs
[2026-09-30T04:10:57.081+0000] {logging_mixin.py:188} INFO - [2026-09-30T04:10:57.080+0000] {dag.py:3947} INFO - Setting next_dagrun for dag_market_eod to 2026-09-29 22:00:00+00:00, run_after=2026-09-30 22:00:00+00:00
[2026-09-30T04:10:57.095+0000] {processor.py:183} INFO - Processing /opt/airflow/dags/dag_market_eod.py took 0.274 seconds
[2026-09-30T04:11:27.196+0000] {processor.py:161} INFO - Started process (PID=660) to work on /opt/airflow/dags/dag_market_eod.py
[2026-09-30T04:11:27.196+0000] {processor.py:830} INFO - Processing file /opt/airflow/dags/dag_market_eod.py for tasks to queue
[2026-09-30T04:11:27.198+0000] {logging_mixin.py:188} INFO - [2026-09-30T04:11:27.197+0000] {dagbag.py:545} INFO - Filling up the DagBag from /opt/airflow/dags/dag_market_eod.py
[2026-09-30T04:11:27.432+0000] {processor.py:840} INFO - DAG(s) 'dag_market_eod' retrieved from /opt/airflow/dags/dag_market_eod.py
[2026-09-30T04:11:27.453+0000] {logging_mixin.py:188} INFO - [2026-09-30T04:11:27.453+0000] {dag.py:3089} INFO - Sync 1 DAGs
[2026-09-30T04:11:27.467+0000] {logging_mixin.py:188} INFO - [2026-09-30T04:11:27.467+0000] {dag.py:3947} INFO - Setting next_dagrun for dag_market_eod to 2026-09-29 22:00:00+00:00, run_after=2026-09-30 22:00:00+00:00
[2026-09-30T04:11:27.571+0000] {processor.py:183} INFO - Processing /opt/airflow/dags/dag_market_eod.py took 0.380 seconds
[2026-09-30T04:11:57.678+0000] {processor.py:161} INFO - Started process (PID=666) to work on /opt/airflow/dags/dag_market_eod.py
[2026-09-30T04:11:57.680+0000] {processor.py:830} INFO - Processing file /opt/airflow/dags/dag_market_eod.py for tasks to queue
[2026-09-30T04:11:57.681+0000] {logging_mixin.py:188} INFO - [2026-09-30T04:11:57.681+0000] {dagbag.py:545} INFO - Filling up the DagBag from /opt/airflow/dags/dag_market_eod.py
[2026-09-30T04:11:57.913+0000] {processor.py:840} INFO - DAG(s) 'dag_market_eod' retrieved from /opt/airflow/dags/dag_market_eod.py
[2026-09-30T04:11:57.928+0000] {logging_mixin.py:188} INFO - [2026-09-30T04:11:57.928+0000] {dag.py:3089} INFO - Sync 1 DAGs
[2026-09-30T04:11:58.030+0000] {logging_mixin.py:188} INFO - [2026-09-30T04:11:58.030+0000] {dag.py:3947} INFO - Setting next_dagrun for dag_market_eod to 2026-09-29 22:00:00+00:00, run_after=2026-09-30 22:00:00+00:00
[2026-09-30T04:11:58.041+0000] {processor.py:183} INFO - Processing /opt/airflow/dags/dag_market_eod.py took 0.368 seconds
[2026-09-30T04:12:28.145+0000] {processor.py:161} INFO - Started process (PID=672) to work on /opt/airflow/dags/dag_market_eod.py
[2026-09-30T04:12:28.145+0000] {processor.py:830} INFO - Processing file /opt/airflow/dags/dag_market_eod.py for tasks to queue
[2026-09-30T04:12:28.147+0000] {logging_mixin.py:188} INFO - [2026-09-30T04:12:28.146+0000] {dagbag.py:545} INFO - Filling up the DagBag from /opt/airflow/dags/dag_market_eod.py
[2026-09-30T04:12:28.370+0000] {processor.py:840} INFO - DAG(s) 'dag_market_eod' retrieved from /opt/airflow/dags/dag_market_eod.py
[2026-09-30T04:12:28.387+0000] {logging_mixin.py:188} INFO - [2026-09-30T04:12:28.386+0000] {dag.py:3089} INFO - Sync 1 DAGs
[2026-09-30T04:12:28.400+0000] {logging_mixin.py:188} INFO - [2026-09-30T04:12:28.400+0000] {dag.py:3947} INFO - Setting next_dagrun for dag_market_eod to 2026-09-29 22:00:00+00:00, run_after=2026-09-30 22:00:00+00:00
[2026-09-30T04:12:28.412+0000] {processor.py:183} INFO - Processing /opt/airflow/dags/dag_market_eod.py took 0.271 seconds
[2026-09-30T04:12:58.515+0000] {processor.py:161} INFO - Started process (PID=678) to work on /opt/airflow/dags/dag_market_eod.py
[2026-09-30T04:12:58.517+0000] {processor.py:830} INFO - Processing file /opt/airflow/dags/dag_market_eod.py for tasks to queue
[2026-09-30T04:12:58.518+0000] {logging_mixin.py:188} INFO - [2026-09-30T04:12:58.518+0000] {dagbag.py:545} INFO - Filling up the DagBag from /opt/airflow/dags/dag_market_eod.py
[2026-09-30T04:12:58.743+0000] {processor.py:840} INFO - DAG(s) 'dag_market_eod' retrieved from /opt/airflow/dags/dag_market_eod.py
[2026-09-30T04:12:58.763+0000] {logging_mixin.py:188} INFO - [2026-09-30T04:12:58.763+0000] {dag.py:3089} INFO - Sync 1 DAGs
[2026-09-30T04:12:58.775+0000] {logging_mixin.py:188} INFO - [2026-09-30T04:12:58.775+0000] {dag.py:3947} INFO - Setting next_dagrun for dag_market_eod to 2026-09-29 22:00:00+00:00, run_after=2026-09-30 22:00:00+00:00
[2026-09-30T04:12:58.786+0000] {processor.py:183} INFO - Processing /opt/airflow/dags/dag_market_eod.py took 0.276 seconds
[2026-09-30T04:13:28.889+0000] {processor.py:161} INFO - Started process (PID=684) to work on /opt/airflow/dags/dag_market_eod.py
[2026-09-30T04:13:28.889+0000] {processor.py:830} INFO - Processing file /opt/airflow/dags/dag_market_eod.py for tasks to queue
[2026-09-30T04:13:28.890+0000] {logging_mixin.py:188} INFO - [2026-09-30T04:13:28.890+0000] {dagbag.py:545} INFO - Filling up the DagBag from /opt/airflow/dags/dag_market_eod.py
[2026-09-30T04:13:29.114+0000] {processor.py:840} INFO - DAG(s) 'dag_market_eod' retrieved from /opt/airflow/dags/dag_market_eod.py
[2026-09-30T04:13:29.132+0000] {logging_mixin.py:188} INFO - [2026-09-30T04:13:29.132+0000] {dag.py:3089} INFO - Sync 1 DAGs
[2026-09-30T04:13:29.144+0000] {logging_mixin.py:188} INFO - [2026-09-30T04:13:29.144+0000] {dag.py:3947} INFO - Setting next_dagrun for dag_market_eod to 2026-09-29 22:00:00+00:00, run_after=2026-09-30 22:00:00+00:00
[2026-09-30T04:13:29.155+0000] {processor.py:183} INFO - Processing /opt/airflow/dags/dag_market_eod.py took 0.270 seconds
[2026-09-30T04:13:59.259+0000] {processor.py:161} INFO - Started process (PID=690) to work on /opt/airflow/dags/dag_market_eod.py
[2026-09-30T04:13:59.262+0000] {processor.py:830} INFO - Processing file /opt/airflow/dags/dag_market_eod.py for tasks to queue
[2026-09-30T04:13:59.263+0000] {logging_mixin.py:188} INFO - [2026-09-30T04:13:59.263+0000] {dagbag.py:545} INFO - Filling up the DagBag from /opt/airflow/dags/dag_market_eod.py
[2026-09-30T04:13:59.490+0000] {processor.py:840} INFO - DAG(s) 'dag_market_eod' retrieved from /opt/airflow/dags/dag_market_eod.py
[2026-09-30T04:13:59.511+0000] {logging_mixin.py:188} INFO - [2026-09-30T04:13:59.510+0000] {dag.py:3089} INFO - Sync 1 DAGs
[2026-09-30T04:13:59.524+0000] {logging_mixin.py:188} INFO - [2026-09-30T04:13:59.523+0000] {dag.py:3947} INFO - Setting next_dagrun for dag_market_eod to 2026-09-29 22:00:00+00:00, run_after=2026-09-30 22:00:00+00:00
[2026-09-30T04:13:59.536+0000] {processor.py:183} INFO - Processing /opt/airflow/dags/dag_market_eod.py took 0.281 seconds
[2026-09-30T04:14:29.639+0000] {processor.py:161} INFO - Started process (PID=696) to work on /opt/airflow/dags/dag_market_eod.py
[2026-09-30T04:14:29.640+0000] {processor.py:830} INFO - Processing file /opt/airflow/dags/dag_market_eod.py for tasks to queue
[2026-09-30T04:14:29.641+0000] {logging_mixin.py:188} INFO - [2026-09-30T04:14:29.640+0000] {dagbag.py:545} INFO - Filling up the DagBag from /opt/airflow/dags/dag_market_eod.py
[2026-09-30T04:14:29.865+0000] {processor.py:840} INFO - DAG(s) 'dag_market_eod' retrieved from /opt/airflow/dags/dag_market_eod.py
[2026-09-30T04:14:29.881+0000] {logging_mixin.py:188} INFO - [2026-09-30T04:14:29.881+0000] {dag.py:3089} INFO - Sync 1 DAGs
[2026-09-30T04:14:29.894+0000] {logging_mixin.py:188} INFO - [2026-09-30T04:14:29.894+0000] {dag.py:3947} INFO - Setting next_dagrun for dag_market_eod to 2026-09-29 22:00:00+00:00, run_after=2026-09-30 22:00:00+00:00
[2026-09-30T04:14:29.996+0000] {processor.py:183} INFO - Processing /opt/airflow/dags/dag_market_eod.py took 0.360 seconds
[2026-09-30T04:15:00.107+0000] {processor.py:161} INFO - Started process (PID=702) to work on /opt/airflow/dags/dag_market_eod.py
[2026-09-30T04:15:00.108+0000] {processor.py:830} INFO - Processing file /opt/airflow/dags/dag_market_eod.py for tasks to queue
[2026-09-30T04:15:00.109+0000] {logging_mixin.py:188} INFO - [2026-09-30T04:15:00.109+0000] {dagbag.py:545} INFO - Filling up the DagBag from /opt/airflow/dags/dag_market_eod.py
[2026-09-30T04:15:00.332+0000] {processor.py:840} INFO - DAG(s) 'dag_market_eod' retrieved from /opt/airflow/dags/dag_market_eod.py
[2026-09-30T04:15:00.348+0000] {logging_mixin.py:188} INFO - [2026-09-30T04:15:00.348+0000] {dag.py:3089} INFO - Sync 1 DAGs
[2026-09-30T04:15:00.454+0000] {logging_mixin.py:188} INFO - [2026-09-30T04:15:00.454+0000] {dag.py:3947} INFO - Setting next_dagrun for dag_market_eod to 2026-09-29 22:00:00+00:00, run_after=2026-09-30 22:00:00+00:00
[2026-09-30T04:15:00.466+0000] {processor.py:183} INFO - Processing /opt/airflow/dags/dag_market_eod.py took 0.363 seconds
[2026-09-30T04:15:30.570+0000] {processor.py:161} INFO - Started process (PID=708) to work on /opt/airflow/dags/dag_market_eod.py
[2026-09-30T04:15:30.571+0000] {processor.py:830} INFO - Processing file /opt/airflow/dags/dag_market_eod.py for tasks to queue
[2026-09-30T04:15:30.572+0000] {logging_mixin.py:188} INFO - [2026-09-30T04:15:30.571+0000] {dagbag.py:545} INFO - Filling up the DagBag from /opt/airflow/dags/dag_market_eod.py
[2026-09-30T04:15:30.807+0000] {processor.py:840} INFO - DAG(s) 'dag_market_eod' retrieved from /opt/airflow/dags/dag_market_eod.py
[2026-09-30T04:15:30.830+0000] {logging_mixin.py:188} INFO - [2026-09-30T04:15:30.830+0000] {dag.py:3089} INFO - Sync 1 DAGs
[2026-09-30T04:15:30.846+0000] {logging_mixin.py:188} INFO - [2026-09-30T04:15:30.846+0000] {dag.py:3947} INFO - Setting next_dagrun for dag_market_eod to 2026-09-29 22:00:00+00:00, run_after=2026-09-30 22:00:00+00:00
[2026-09-30T04:15:30.857+0000] {processor.py:183} INFO - Processing /opt/airflow/dags/dag_market_eod.py took 0.291 seconds
[2026-09-30T04:16:00.969+0000] {processor.py:161} INFO - Started process (PID=714) to work on /opt/airflow/dags/dag_market_eod.py
[2026-09-30T04:16:00.971+0000] {processor.py:830} INFO - Processing file /opt/airflow/dags/dag_market_eod.py for tasks to queue
[2026-09-30T04:16:00.973+0000] {logging_mixin.py:188} INFO - [2026-09-30T04:16:00.973+0000] {dagbag.py:545} INFO - Filling up the DagBag from /opt/airflow/dags/dag_market_eod.py
[2026-09-30T04:16:01.208+0000] {processor.py:840} INFO - DAG(s) 'dag_market_eod' retrieved from /opt/airflow/dags/dag_market_eod.py
[2026-09-30T04:16:01.224+0000] {logging_mixin.py:188} INFO - [2026-09-30T04:16:01.224+0000] {dag.py:3089} INFO - Sync 1 DAGs
[2026-09-30T04:16:01.236+0000] {logging_mixin.py:188} INFO - [2026-09-30T04:16:01.236+0000] {dag.py:3947} INFO - Setting next_dagrun for dag_market_eod to 2026-09-29 22:00:00+00:00, run_after=2026-09-30 22:00:00+00:00
[2026-09-30T04:16:01.247+0000] {processor.py:183} INFO - Processing /opt/airflow/dags/dag_market_eod.py took 0.282 seconds
[2026-09-30T04:16:31.355+0000] {processor.py:161} INFO - Started process (PID=720) to work on /opt/airflow/dags/dag_market_eod.py
[2026-09-30T04:16:31.356+0000] {processor.py:830} INFO - Processing file /opt/airflow/dags/dag_market_eod.py for tasks to queue
[2026-09-30T04:16:31.357+0000] {logging_mixin.py:188} INFO - [2026-09-30T04:16:31.357+0000] {dagbag.py:545} INFO - Filling up the DagBag from /opt/airflow/dags/dag_market_eod.py
[2026-09-30T04:16:31.577+0000] {processor.py:840} INFO - DAG(s) 'dag_market_eod' retrieved from /opt/airflow/dags/dag_market_eod.py
[2026-09-30T04:16:31.597+0000] {logging_mixin.py:188} INFO - [2026-09-30T04:16:31.597+0000] {dag.py:3089} INFO - Sync 1 DAGs
[2026-09-30T04:16:31.609+0000] {logging_mixin.py:188} INFO - [2026-09-30T04:16:31.609+0000] {dag.py:3947} INFO - Setting next_dagrun for dag_market_eod to 2026-09-29 22:00:00+00:00, run_after=2026-09-30 22:00:00+00:00
[2026-09-30T04:16:31.618+0000] {processor.py:183} INFO - Processing /opt/airflow/dags/dag_market_eod.py took 0.266 seconds
[2026-09-30T04:17:01.719+0000] {processor.py:161} INFO - Started process (PID=726) to work on /opt/airflow/dags/dag_market_eod.py
[2026-09-30T04:17:01.721+0000] {processor.py:830} INFO - Processing file /opt/airflow/dags/dag_market_eod.py for tasks to queue
[2026-09-30T04:17:01.723+0000] {logging_mixin.py:188} INFO - [2026-09-30T04:17:01.723+0000] {dagbag.py:545} INFO - Filling up the DagBag from /opt/airflow/dags/dag_market_eod.py
[2026-09-30T04:17:01.952+0000] {processor.py:840} INFO - DAG(s) 'dag_market_eod' retrieved from /opt/airflow/dags/dag_market_eod.py
[2026-09-30T04:17:01.975+0000] {logging_mixin.py:188} INFO - [2026-09-30T04:17:01.975+0000] {dag.py:3089} INFO - Sync 1 DAGs
[2026-09-30T04:17:01.991+0000] {logging_mixin.py:188} INFO - [2026-09-30T04:17:01.991+0000] {dag.py:3947} INFO - Setting next_dagrun for dag_market_eod to 2026-09-29 22:00:00+00:00, run_after=2026-09-30 22:00:00+00:00
[2026-09-30T04:17:02.004+0000] {processor.py:183} INFO - Processing /opt/airflow/dags/dag_market_eod.py took 0.290 seconds
[2026-09-30T04:17:32.110+0000] {processor.py:161} INFO - Started process (PID=732) to work on /opt/airflow/dags/dag_market_eod.py
[2026-09-30T04:17:32.110+0000] {processor.py:830} INFO - Processing file /opt/airflow/dags/dag_market_eod.py for tasks to queue
[2026-09-30T04:17:32.111+0000] {logging_mixin.py:188} INFO - [2026-09-30T04:17:32.111+0000] {dagbag.py:545} INFO - Filling up the DagBag from /opt/airflow/dags/dag_market_eod.py
[2026-09-30T04:17:32.336+0000] {processor.py:840} INFO - DAG(s) 'dag_market_eod' retrieved from /opt/airflow/dags/dag_market_eod.py
[2026-09-30T04:17:32.352+0000] {logging_mixin.py:188} INFO - [2026-09-30T04:17:32.352+0000] {dag.py:3089} INFO - Sync 1 DAGs
[2026-09-30T04:17:32.456+0000] {logging_mixin.py:188} INFO - [2026-09-30T04:17:32.456+0000] {dag.py:3947} INFO - Setting next_dagrun for dag_market_eod to 2026-09-29 22:00:00+00:00, run_after=2026-09-30 22:00:00+00:00
[2026-09-30T04:17:32.466+0000] {processor.py:183} INFO - Processing /opt/airflow/dags/dag_market_eod.py took 0.361 seconds
[2026-09-30T04:18:02.570+0000] {processor.py:161} INFO - Started process (PID=738) to work on /opt/airflow/dags/dag_market_eod.py
[2026-09-30T04:18:02.572+0000] {processor.py:830} INFO - Processing file /opt/airflow/dags/dag_market_eod.py for tasks to queue
[2026-09-30T04:18:02.573+0000] {logging_mixin.py:188} INFO - [2026-09-30T04:18:02.573+0000] {dagbag.py:545} INFO - Filling up the DagBag from /opt/airflow/dags/dag_market_eod.py
[2026-09-30T04:18:02.799+0000] {processor.py:840} INFO - DAG(s) 'dag_market_eod' retrieved from /opt/airflow/dags/dag_market_eod.py
[2026-09-30T04:18:02.820+0000] {logging_mixin.py:188} INFO - [2026-09-30T04:18:02.820+0000] {dag.py:3089} INFO - Sync 1 DAGs
[2026-09-30T04:18:02.927+0000] {logging_mixin.py:188} INFO - [2026-09-30T04:18:02.927+0000] {dag.py:3947} INFO - Setting next_dagrun for dag_market_eod to 2026-09-29 22:00:00+00:00, run_after=2026-09-30 22:00:00+00:00
[2026-09-30T04:18:02.938+0000] {processor.py:183} INFO - Processing /opt/airflow/dags/dag_market_eod.py took 0.373 seconds
[2026-09-30T04:18:33.046+0000] {processor.py:161} INFO - Started process (PID=744) to work on /opt/airflow/dags/dag_market_eod.py
[2026-09-30T04:18:33.046+0000] {processor.py:830} INFO - Processing file /opt/airflow/dags/dag_market_eod.py for tasks to queue
[2026-09-30T04:18:33.047+0000] {logging_mixin.py:188} INFO - [2026-09-30T04:18:33.047+0000] {dagbag.py:545} INFO - Filling up the DagBag from /opt/airflow/dags/dag_market_eod.py
[2026-09-30T04:18:33.273+0000] {processor.py:840} INFO - DAG(s) 'dag_market_eod' retrieved from /opt/airflow/dags/dag_market_eod.py
[2026-09-30T04:18:33.290+0000] {logging_mixin.py:188} INFO - [2026-09-30T04:18:33.289+0000] {dag.py:3089} INFO - Sync 1 DAGs
[2026-09-30T04:18:33.301+0000] {logging_mixin.py:188} INFO - [2026-09-30T04:18:33.301+0000] {dag.py:3947} INFO - Setting next_dagrun for dag_market_eod to 2026-09-29 22:00:00+00:00, run_after=2026-09-30 22:00:00+00:00
[2026-09-30T04:18:33.312+0000] {processor.py:183} INFO - Processing /opt/airflow/dags/dag_market_eod.py took 0.270 seconds
[2026-09-30T04:19:03.416+0000] {processor.py:161} INFO - Started process (PID=750) to work on /opt/airflow/dags/dag_market_eod.py
[2026-09-30T04:19:03.418+0000] {processor.py:830} INFO - Processing file /opt/airflow/dags/dag_market_eod.py for tasks to queue
[2026-09-30T04:19:03.419+0000] {logging_mixin.py:188} INFO - [2026-09-30T04:19:03.419+0000] {dagbag.py:545} INFO - Filling up the DagBag from /opt/airflow/dags/dag_market_eod.py
[2026-09-30T04:19:03.641+0000] {processor.py:840} INFO - DAG(s) 'dag_market_eod' retrieved from /opt/airflow/dags/dag_market_eod.py
[2026-09-30T04:19:03.657+0000] {logging_mixin.py:188} INFO - [2026-09-30T04:19:03.657+0000] {dag.py:3089} INFO - Sync 1 DAGs
[2026-09-30T04:19:03.669+0000] {logging_mixin.py:188} INFO - [2026-09-30T04:19:03.669+0000] {dag.py:3947} INFO - Setting next_dagrun for dag_market_eod to 2026-09-29 22:00:00+00:00, run_after=2026-09-30 22:00:00+00:00
[2026-09-30T04:19:03.680+0000] {processor.py:183} INFO - Processing /opt/airflow/dags/dag_market_eod.py took 0.269 seconds
[2026-09-30T04:19:33.780+0000] {processor.py:161} INFO - Started process (PID=756) to work on /opt/airflow/dags/dag_market_eod.py
[2026-09-30T04:19:33.781+0000] {processor.py:830} INFO - Processing file /opt/airflow/dags/dag_market_eod.py for tasks to queue
[2026-09-30T04:19:33.782+0000] {logging_mixin.py:188} INFO - [2026-09-30T04:19:33.781+0000] {dagbag.py:545} INFO - Filling up the DagBag from /opt/airflow/dags/dag_market_eod.py
[2026-09-30T04:19:34.096+0000] {processor.py:840} INFO - DAG(s) 'dag_market_eod' retrieved from /opt/airflow/dags/dag_market_eod.py
[2026-09-30T04:19:34.111+0000] {logging_mixin.py:188} INFO - [2026-09-30T04:19:34.110+0000] {dag.py:3089} INFO - Sync 1 DAGs
[2026-09-30T04:19:34.122+0000] {logging_mixin.py:188} INFO - [2026-09-30T04:19:34.122+0000] {dag.py:3947} INFO - Setting next_dagrun for dag_market_eod to 2026-09-29 22:00:00+00:00, run_after=2026-09-30 22:00:00+00:00
[2026-09-30T04:19:34.132+0000] {processor.py:183} INFO - Processing /opt/airflow/dags/dag_market_eod.py took 0.357 seconds
[2026-09-30T04:20:04.240+0000] {processor.py:161} INFO - Started process (PID=762) to work on /opt/airflow/dags/dag_market_eod.py
[2026-09-30T04:20:04.242+0000] {processor.py:830} INFO - Processing file /opt/airflow/dags/dag_market_eod.py for tasks to queue
[2026-09-30T04:20:04.243+0000] {logging_mixin.py:188} INFO - [2026-09-30T04:20:04.243+0000] {dagbag.py:545} INFO - Filling up the DagBag from /opt/airflow/dags/dag_market_eod.py
[2026-09-30T04:20:04.470+0000] {processor.py:840} INFO - DAG(s) 'dag_market_eod' retrieved from /opt/airflow/dags/dag_market_eod.py
[2026-09-30T04:20:04.487+0000] {logging_mixin.py:188} INFO - [2026-09-30T04:20:04.487+0000] {dag.py:3089} INFO - Sync 1 DAGs
[2026-09-30T04:20:04.499+0000] {logging_mixin.py:188} INFO - [2026-09-30T04:20:04.499+0000] {dag.py:3947} INFO - Setting next_dagrun for dag_market_eod to 2026-09-29 22:00:00+00:00, run_after=2026-09-30 22:00:00+00:00
[2026-09-30T04:20:04.600+0000] {processor.py:183} INFO - Processing /opt/airflow/dags/dag_market_eod.py took 0.365 seconds
[2026-09-30T04:20:34.717+0000] {processor.py:161} INFO - Started process (PID=768) to work on /opt/airflow/dags/dag_market_eod.py
[2026-09-30T04:20:34.718+0000] {processor.py:830} INFO - Processing file /opt/airflow/dags/dag_market_eod.py for tasks to queue
[2026-09-30T04:20:34.719+0000] {logging_mixin.py:188} INFO - [2026-09-30T04:20:34.719+0000] {dagbag.py:545} INFO - Filling up the DagBag from /opt/airflow/dags/dag_market_eod.py
[2026-09-30T04:20:34.958+0000] {processor.py:840} INFO - DAG(s) 'dag_market_eod' retrieved from /opt/airflow/dags/dag_market_eod.py
[2026-09-30T04:20:34.982+0000] {logging_mixin.py:188} INFO - [2026-09-30T04:20:34.981+0000] {dag.py:3089} INFO - Sync 1 DAGs
[2026-09-30T04:20:35.088+0000] {logging_mixin.py:188} INFO - [2026-09-30T04:20:35.088+0000] {dag.py:3947} INFO - Setting next_dagrun for dag_market_eod to 2026-09-29 22:00:00+00:00, run_after=2026-09-30 22:00:00+00:00
[2026-09-30T04:20:35.099+0000] {processor.py:183} INFO - Processing /opt/airflow/dags/dag_market_eod.py took 0.385 seconds
[2026-09-30T04:21:05.207+0000] {processor.py:161} INFO - Started process (PID=774) to work on /opt/airflow/dags/dag_market_eod.py
[2026-09-30T04:21:05.209+0000] {processor.py:830} INFO - Processing file /opt/airflow/dags/dag_market_eod.py for tasks to queue
[2026-09-30T04:21:05.209+0000] {logging_mixin.py:188} INFO - [2026-09-30T04:21:05.209+0000] {dagbag.py:545} INFO - Filling up the DagBag from /opt/airflow/dags/dag_market_eod.py
[2026-09-30T04:21:05.445+0000] {processor.py:840} INFO - DAG(s) 'dag_market_eod' retrieved from /opt/airflow/dags/dag_market_eod.py
[2026-09-30T04:21:05.462+0000] {logging_mixin.py:188} INFO - [2026-09-30T04:21:05.462+0000] {dag.py:3089} INFO - Sync 1 DAGs
[2026-09-30T04:21:05.566+0000] {logging_mixin.py:188} INFO - [2026-09-30T04:21:05.566+0000] {dag.py:3947} INFO - Setting next_dagrun for dag_market_eod to 2026-09-29 22:00:00+00:00, run_after=2026-09-30 22:00:00+00:00
[2026-09-30T04:21:05.578+0000] {processor.py:183} INFO - Processing /opt/airflow/dags/dag_market_eod.py took 0.376 seconds
[2026-09-30T04:21:35.694+0000] {processor.py:161} INFO - Started process (PID=780) to work on /opt/airflow/dags/dag_market_eod.py
[2026-09-30T04:21:35.694+0000] {processor.py:830} INFO - Processing file /opt/airflow/dags/dag_market_eod.py for tasks to queue
[2026-09-30T04:21:35.695+0000] {logging_mixin.py:188} INFO - [2026-09-30T04:21:35.695+0000] {dagbag.py:545} INFO - Filling up the DagBag from /opt/airflow/dags/dag_market_eod.py
[2026-09-30T04:21:35.916+0000] {processor.py:840} INFO - DAG(s) 'dag_market_eod' retrieved from /opt/airflow/dags/dag_market_eod.py
[2026-09-30T04:21:35.934+0000] {logging_mixin.py:188} INFO - [2026-09-30T04:21:35.934+0000] {dag.py:3089} INFO - Sync 1 DAGs
[2026-09-30T04:21:35.947+0000] {logging_mixin.py:188} INFO - [2026-09-30T04:21:35.947+0000] {dag.py:3947} INFO - Setting next_dagrun for dag_market_eod to 2026-09-29 22:00:00+00:00, run_after=2026-09-30 22:00:00+00:00
[2026-09-30T04:21:35.957+0000] {processor.py:183} INFO - Processing /opt/airflow/dags/dag_market_eod.py took 0.268 seconds
[2026-09-30T04:22:06.063+0000] {processor.py:161} INFO - Started process (PID=786) to work on /opt/airflow/dags/dag_market_eod.py
[2026-09-30T04:22:06.065+0000] {processor.py:830} INFO - Processing file /opt/airflow/dags/dag_market_eod.py for tasks to queue
[2026-09-30T04:22:06.066+0000] {logging_mixin.py:188} INFO - [2026-09-30T04:22:06.065+0000] {dagbag.py:545} INFO - Filling up the DagBag from /opt/airflow/dags/dag_market_eod.py
[2026-09-30T04:22:06.301+0000] {processor.py:840} INFO - DAG(s) 'dag_market_eod' retrieved from /opt/airflow/dags/dag_market_eod.py
[2026-09-30T04:22:06.323+0000] {logging_mixin.py:188} INFO - [2026-09-30T04:22:06.322+0000] {dag.py:3089} INFO - Sync 1 DAGs
[2026-09-30T04:22:06.334+0000] {logging_mixin.py:188} INFO - [2026-09-30T04:22:06.334+0000] {dag.py:3947} INFO - Setting next_dagrun for dag_market_eod to 2026-09-29 22:00:00+00:00, run_after=2026-09-30 22:00:00+00:00
[2026-09-30T04:22:06.346+0000] {processor.py:183} INFO - Processing /opt/airflow/dags/dag_market_eod.py took 0.287 seconds
[2026-09-30T04:22:36.446+0000] {processor.py:161} INFO - Started process (PID=792) to work on /opt/airflow/dags/dag_market_eod.py
[2026-09-30T04:22:36.446+0000] {processor.py:830} INFO - Processing file /opt/airflow/dags/dag_market_eod.py for tasks to queue
[2026-09-30T04:22:36.447+0000] {logging_mixin.py:188} INFO - [2026-09-30T04:22:36.447+0000] {dagbag.py:545} INFO - Filling up the DagBag from /opt/airflow/dags/dag_market_eod.py
[2026-09-30T04:22:36.770+0000] {processor.py:840} INFO - DAG(s) 'dag_market_eod' retrieved from /opt/airflow/dags/dag_market_eod.py
[2026-09-30T04:22:36.788+0000] {logging_mixin.py:188} INFO - [2026-09-30T04:22:36.788+0000] {dag.py:3089} INFO - Sync 1 DAGs
[2026-09-30T04:22:36.798+0000] {logging_mixin.py:188} INFO - [2026-09-30T04:22:36.798+0000] {dag.py:3947} INFO - Setting next_dagrun for dag_market_eod to 2026-09-29 22:00:00+00:00, run_after=2026-09-30 22:00:00+00:00
[2026-09-30T04:22:36.813+0000] {processor.py:183} INFO - Processing /opt/airflow/dags/dag_market_eod.py took 0.372 seconds
[2026-09-30T04:23:06.933+0000] {processor.py:161} INFO - Started process (PID=798) to work on /opt/airflow/dags/dag_market_eod.py
[2026-09-30T04:23:06.935+0000] {processor.py:830} INFO - Processing file /opt/airflow/dags/dag_market_eod.py for tasks to queue
[2026-09-30T04:23:06.936+0000] {logging_mixin.py:188} INFO - [2026-09-30T04:23:06.936+0000] {dagbag.py:545} INFO - Filling up the DagBag from /opt/airflow/dags/dag_market_eod.py
[2026-09-30T04:23:07.168+0000] {processor.py:840} INFO - DAG(s) 'dag_market_eod' retrieved from /opt/airflow/dags/dag_market_eod.py
[2026-09-30T04:23:07.191+0000] {logging_mixin.py:188} INFO - [2026-09-30T04:23:07.191+0000] {dag.py:3089} INFO - Sync 1 DAGs
[2026-09-30T04:23:07.204+0000] {logging_mixin.py:188} INFO - [2026-09-30T04:23:07.203+0000] {dag.py:3947} INFO - Setting next_dagrun for dag_market_eod to 2026-09-29 22:00:00+00:00, run_after=2026-09-30 22:00:00+00:00
[2026-09-30T04:23:07.313+0000] {processor.py:183} INFO - Processing /opt/airflow/dags/dag_market_eod.py took 0.384 seconds
[2026-09-30T04:23:37.428+0000] {processor.py:161} INFO - Started process (PID=804) to work on /opt/airflow/dags/dag_market_eod.py
[2026-09-30T04:23:37.428+0000] {processor.py:830} INFO - Processing file /opt/airflow/dags/dag_market_eod.py for tasks to queue
[2026-09-30T04:23:37.429+0000] {logging_mixin.py:188} INFO - [2026-09-30T04:23:37.429+0000] {dagbag.py:545} INFO - Filling up the DagBag from /opt/airflow/dags/dag_market_eod.py
[2026-09-30T04:23:37.656+0000] {processor.py:840} INFO - DAG(s) 'dag_market_eod' retrieved from /opt/airflow/dags/dag_market_eod.py
[2026-09-30T04:23:37.673+0000] {logging_mixin.py:188} INFO - [2026-09-30T04:23:37.673+0000] {dag.py:3089} INFO - Sync 1 DAGs
[2026-09-30T04:23:37.783+0000] {logging_mixin.py:188} INFO - [2026-09-30T04:23:37.783+0000] {dag.py:3947} INFO - Setting next_dagrun for dag_market_eod to 2026-09-29 22:00:00+00:00, run_after=2026-09-30 22:00:00+00:00
[2026-09-30T04:23:37.793+0000] {processor.py:183} INFO - Processing /opt/airflow/dags/dag_market_eod.py took 0.369 seconds
[2026-09-30T04:24:07.902+0000] {processor.py:161} INFO - Started process (PID=810) to work on /opt/airflow/dags/dag_market_eod.py
[2026-09-30T04:24:07.903+0000] {processor.py:830} INFO - Processing file /opt/airflow/dags/dag_market_eod.py for tasks to queue
[2026-09-30T04:24:07.904+0000] {logging_mixin.py:188} INFO - [2026-09-30T04:24:07.904+0000] {dagbag.py:545} INFO - Filling up the DagBag from /opt/airflow/dags/dag_market_eod.py
[2026-09-30T04:24:08.138+0000] {processor.py:840} INFO - DAG(s) 'dag_market_eod' retrieved from /opt/airflow/dags/dag_market_eod.py
[2026-09-30T04:24:08.154+0000] {logging_mixin.py:188} INFO - [2026-09-30T04:24:08.154+0000] {dag.py:3089} INFO - Sync 1 DAGs
[2026-09-30T04:24:08.259+0000] {logging_mixin.py:188} INFO - [2026-09-30T04:24:08.258+0000] {dag.py:3947} INFO - Setting next_dagrun for dag_market_eod to 2026-09-29 22:00:00+00:00, run_after=2026-09-30 22:00:00+00:00
[2026-09-30T04:24:08.270+0000] {processor.py:183} INFO - Processing /opt/airflow/dags/dag_market_eod.py took 0.373 seconds
[2026-09-30T04:24:38.380+0000] {processor.py:161} INFO - Started process (PID=816) to work on /opt/airflow/dags/dag_market_eod.py
[2026-09-30T04:24:38.380+0000] {processor.py:830} INFO - Processing file /opt/airflow/dags/dag_market_eod.py for tasks to queue
[2026-09-30T04:24:38.382+0000] {logging_mixin.py:188} INFO - [2026-09-30T04:24:38.381+0000] {dagbag.py:545} INFO - Filling up the DagBag from /opt/airflow/dags/dag_market_eod.py
[2026-09-30T04:24:38.602+0000] {processor.py:840} INFO - DAG(s) 'dag_market_eod' retrieved from /opt/airflow/dags/dag_market_eod.py
[2026-09-30T04:24:38.619+0000] {logging_mixin.py:188} INFO - [2026-09-30T04:24:38.619+0000] {dag.py:3089} INFO - Sync 1 DAGs
[2026-09-30T04:24:38.631+0000] {logging_mixin.py:188} INFO - [2026-09-30T04:24:38.631+0000] {dag.py:3947} INFO - Setting next_dagrun for dag_market_eod to 2026-09-29 22:00:00+00:00, run_after=2026-09-30 22:00:00+00:00
[2026-09-30T04:24:38.643+0000] {processor.py:183} INFO - Processing /opt/airflow/dags/dag_market_eod.py took 0.267 seconds
[2026-09-30T04:25:08.744+0000] {processor.py:161} INFO - Started process (PID=822) to work on /opt/airflow/dags/dag_market_eod.py
[2026-09-30T04:25:08.744+0000] {processor.py:830} INFO - Processing file /opt/airflow/dags/dag_market_eod.py for tasks to queue
[2026-09-30T04:25:08.745+0000] {logging_mixin.py:188} INFO - [2026-09-30T04:25:08.745+0000] {dagbag.py:545} INFO - Filling up the DagBag from /opt/airflow/dags/dag_market_eod.py
[2026-09-30T04:25:08.971+0000] {processor.py:840} INFO - DAG(s) 'dag_market_eod' retrieved from /opt/airflow/dags/dag_market_eod.py
[2026-09-30T04:25:08.987+0000] {logging_mixin.py:188} INFO - [2026-09-30T04:25:08.986+0000] {dag.py:3089} INFO - Sync 1 DAGs
[2026-09-30T04:25:09.000+0000] {logging_mixin.py:188} INFO - [2026-09-30T04:25:09.000+0000] {dag.py:3947} INFO - Setting next_dagrun for dag_market_eod to 2026-09-29 22:00:00+00:00, run_after=2026-09-30 22:00:00+00:00
[2026-09-30T04:25:09.013+0000] {processor.py:183} INFO - Processing /opt/airflow/dags/dag_market_eod.py took 0.274 seconds
[2026-09-30T04:25:39.123+0000] {processor.py:161} INFO - Started process (PID=828) to work on /opt/airflow/dags/dag_market_eod.py
[2026-09-30T04:25:39.125+0000] {processor.py:830} INFO - Processing file /opt/airflow/dags/dag_market_eod.py for tasks to queue
[2026-09-30T04:25:39.126+0000] {logging_mixin.py:188} INFO - [2026-09-30T04:25:39.126+0000] {dagbag.py:545} INFO - Filling up the DagBag from /opt/airflow/dags/dag_market_eod.py
[2026-09-30T04:25:39.440+0000] {processor.py:840} INFO - DAG(s) 'dag_market_eod' retrieved from /opt/airflow/dags/dag_market_eod.py
[2026-09-30T04:25:39.455+0000] {logging_mixin.py:188} INFO - [2026-09-30T04:25:39.455+0000] {dag.py:3089} INFO - Sync 1 DAGs
[2026-09-30T04:25:39.466+0000] {logging_mixin.py:188} INFO - [2026-09-30T04:25:39.466+0000] {dag.py:3947} INFO - Setting next_dagrun for dag_market_eod to 2026-09-29 22:00:00+00:00, run_after=2026-09-30 22:00:00+00:00
[2026-09-30T04:25:39.477+0000] {processor.py:183} INFO - Processing /opt/airflow/dags/dag_market_eod.py took 0.359 seconds
[2026-09-30T04:26:09.601+0000] {processor.py:161} INFO - Started process (PID=834) to work on /opt/airflow/dags/dag_market_eod.py
[2026-09-30T04:26:09.601+0000] {processor.py:830} INFO - Processing file /opt/airflow/dags/dag_market_eod.py for tasks to queue
[2026-09-30T04:26:09.602+0000] {logging_mixin.py:188} INFO - [2026-09-30T04:26:09.602+0000] {dagbag.py:545} INFO - Filling up the DagBag from /opt/airflow/dags/dag_market_eod.py
[2026-09-30T04:26:09.830+0000] {processor.py:840} INFO - DAG(s) 'dag_market_eod' retrieved from /opt/airflow/dags/dag_market_eod.py
[2026-09-30T04:26:09.848+0000] {logging_mixin.py:188} INFO - [2026-09-30T04:26:09.847+0000] {dag.py:3089} INFO - Sync 1 DAGs
[2026-09-30T04:26:09.860+0000] {logging_mixin.py:188} INFO - [2026-09-30T04:26:09.860+0000] {dag.py:3947} INFO - Setting next_dagrun for dag_market_eod to 2026-09-29 22:00:00+00:00, run_after=2026-09-30 22:00:00+00:00
[2026-09-30T04:26:09.967+0000] {processor.py:183} INFO - Processing /opt/airflow/dags/dag_market_eod.py took 0.369 seconds
[2026-09-30T04:26:40.076+0000] {processor.py:161} INFO - Started process (PID=840) to work on /opt/airflow/dags/dag_market_eod.py
[2026-09-30T04:26:40.078+0000] {processor.py:830} INFO - Processing file /opt/airflow/dags/dag_market_eod.py for tasks to queue
[2026-09-30T04:26:40.078+0000] {logging_mixin.py:188} INFO - [2026-09-30T04:26:40.078+0000] {dagbag.py:545} INFO - Filling up the DagBag from /opt/airflow/dags/dag_market_eod.py
[2026-09-30T04:26:40.307+0000] {processor.py:840} INFO - DAG(s) 'dag_market_eod' retrieved from /opt/airflow/dags/dag_market_eod.py
[2026-09-30T04:26:40.324+0000] {logging_mixin.py:188} INFO - [2026-09-30T04:26:40.324+0000] {dag.py:3089} INFO - Sync 1 DAGs
[2026-09-30T04:26:40.439+0000] {logging_mixin.py:188} INFO - [2026-09-30T04:26:40.439+0000] {dag.py:3947} INFO - Setting next_dagrun for dag_market_eod to 2026-09-29 22:00:00+00:00, run_after=2026-09-30 22:00:00+00:00
[2026-09-30T04:26:40.450+0000] {processor.py:183} INFO - Processing /opt/airflow/dags/dag_market_eod.py took 0.378 seconds
[2026-09-30T04:27:10.559+0000] {processor.py:161} INFO - Started process (PID=846) to work on /opt/airflow/dags/dag_market_eod.py
[2026-09-30T04:27:10.559+0000] {processor.py:830} INFO - Processing file /opt/airflow/dags/dag_market_eod.py for tasks to queue
[2026-09-30T04:27:10.561+0000] {logging_mixin.py:188} INFO - [2026-09-30T04:27:10.560+0000] {dagbag.py:545} INFO - Filling up the DagBag from /opt/airflow/dags/dag_market_eod.py
[2026-09-30T04:27:10.786+0000] {processor.py:840} INFO - DAG(s) 'dag_market_eod' retrieved from /opt/airflow/dags/dag_market_eod.py
[2026-09-30T04:27:10.804+0000] {logging_mixin.py:188} INFO - [2026-09-30T04:27:10.804+0000] {dag.py:3089} INFO - Sync 1 DAGs
[2026-09-30T04:27:10.908+0000] {logging_mixin.py:188} INFO - [2026-09-30T04:27:10.908+0000] {dag.py:3947} INFO - Setting next_dagrun for dag_market_eod to 2026-09-29 22:00:00+00:00, run_after=2026-09-30 22:00:00+00:00
[2026-09-30T04:27:10.920+0000] {processor.py:183} INFO - Processing /opt/airflow/dags/dag_market_eod.py took 0.365 seconds
[2026-09-30T04:27:41.026+0000] {processor.py:161} INFO - Started process (PID=852) to work on /opt/airflow/dags/dag_market_eod.py
[2026-09-30T04:27:41.027+0000] {processor.py:830} INFO - Processing file /opt/airflow/dags/dag_market_eod.py for tasks to queue
[2026-09-30T04:27:41.029+0000] {logging_mixin.py:188} INFO - [2026-09-30T04:27:41.028+0000] {dagbag.py:545} INFO - Filling up the DagBag from /opt/airflow/dags/dag_market_eod.py
[2026-09-30T04:27:41.248+0000] {processor.py:840} INFO - DAG(s) 'dag_market_eod' retrieved from /opt/airflow/dags/dag_market_eod.py
[2026-09-30T04:27:41.264+0000] {logging_mixin.py:188} INFO - [2026-09-30T04:27:41.264+0000] {dag.py:3089} INFO - Sync 1 DAGs
[2026-09-30T04:27:41.276+0000] {logging_mixin.py:188} INFO - [2026-09-30T04:27:41.276+0000] {dag.py:3947} INFO - Setting next_dagrun for dag_market_eod to 2026-09-29 22:00:00+00:00, run_after=2026-09-30 22:00:00+00:00
[2026-09-30T04:27:41.287+0000] {processor.py:183} INFO - Processing /opt/airflow/dags/dag_market_eod.py took 0.264 seconds
[2026-09-30T04:28:11.396+0000] {processor.py:161} INFO - Started process (PID=858) to work on /opt/airflow/dags/dag_market_eod.py
[2026-09-30T04:28:11.397+0000] {processor.py:830} INFO - Processing file /opt/airflow/dags/dag_market_eod.py for tasks to queue
[2026-09-30T04:28:11.398+0000] {logging_mixin.py:188} INFO - [2026-09-30T04:28:11.398+0000] {dagbag.py:545} INFO - Filling up the DagBag from /opt/airflow/dags/dag_market_eod.py
[2026-09-30T04:28:11.620+0000] {processor.py:840} INFO - DAG(s) 'dag_market_eod' retrieved from /opt/airflow/dags/dag_market_eod.py
[2026-09-30T04:28:11.637+0000] {logging_mixin.py:188} INFO - [2026-09-30T04:28:11.637+0000] {dag.py:3089} INFO - Sync 1 DAGs
[2026-09-30T04:28:11.650+0000] {logging_mixin.py:188} INFO - [2026-09-30T04:28:11.649+0000] {dag.py:3947} INFO - Setting next_dagrun for dag_market_eod to 2026-09-29 22:00:00+00:00, run_after=2026-09-30 22:00:00+00:00
[2026-09-30T04:28:11.660+0000] {processor.py:183} INFO - Processing /opt/airflow/dags/dag_market_eod.py took 0.268 seconds
[2026-09-30T04:28:41.767+0000] {processor.py:161} INFO - Started process (PID=864) to work on /opt/airflow/dags/dag_market_eod.py
[2026-09-30T04:28:41.768+0000] {processor.py:830} INFO - Processing file /opt/airflow/dags/dag_market_eod.py for tasks to queue
[2026-09-30T04:28:41.769+0000] {logging_mixin.py:188} INFO - [2026-09-30T04:28:41.769+0000] {dagbag.py:545} INFO - Filling up the DagBag from /opt/airflow/dags/dag_market_eod.py
[2026-09-30T04:28:42.085+0000] {processor.py:840} INFO - DAG(s) 'dag_market_eod' retrieved from /opt/airflow/dags/dag_market_eod.py
[2026-09-30T04:28:42.099+0000] {logging_mixin.py:188} INFO - [2026-09-30T04:28:42.099+0000] {dag.py:3089} INFO - Sync 1 DAGs
[2026-09-30T04:28:42.110+0000] {logging_mixin.py:188} INFO - [2026-09-30T04:28:42.110+0000] {dag.py:3947} INFO - Setting next_dagrun for dag_market_eod to 2026-09-29 22:00:00+00:00, run_after=2026-09-30 22:00:00+00:00
[2026-09-30T04:28:42.120+0000] {processor.py:183} INFO - Processing /opt/airflow/dags/dag_market_eod.py took 0.358 seconds
[2026-09-30T04:29:12.231+0000] {processor.py:161} INFO - Started process (PID=870) to work on /opt/airflow/dags/dag_market_eod.py
[2026-09-30T04:29:12.232+0000] {processor.py:830} INFO - Processing file /opt/airflow/dags/dag_market_eod.py for tasks to queue
[2026-09-30T04:29:12.234+0000] {logging_mixin.py:188} INFO - [2026-09-30T04:29:12.233+0000] {dagbag.py:545} INFO - Filling up the DagBag from /opt/airflow/dags/dag_market_eod.py
[2026-09-30T04:29:12.463+0000] {processor.py:840} INFO - DAG(s) 'dag_market_eod' retrieved from /opt/airflow/dags/dag_market_eod.py
[2026-09-30T04:29:12.479+0000] {logging_mixin.py:188} INFO - [2026-09-30T04:29:12.479+0000] {dag.py:3089} INFO - Sync 1 DAGs
[2026-09-30T04:29:12.492+0000] {logging_mixin.py:188} INFO - [2026-09-30T04:29:12.492+0000] {dag.py:3947} INFO - Setting next_dagrun for dag_market_eod to 2026-09-29 22:00:00+00:00, run_after=2026-09-30 22:00:00+00:00
[2026-09-30T04:29:12.602+0000] {processor.py:183} INFO - Processing /opt/airflow/dags/dag_market_eod.py took 0.375 seconds
[2026-09-30T04:29:42.710+0000] {processor.py:161} INFO - Started process (PID=876) to work on /opt/airflow/dags/dag_market_eod.py
[2026-09-30T04:29:42.712+0000] {processor.py:830} INFO - Processing file /opt/airflow/dags/dag_market_eod.py for tasks to queue
[2026-09-30T04:29:42.713+0000] {logging_mixin.py:188} INFO - [2026-09-30T04:29:42.713+0000] {dagbag.py:545} INFO - Filling up the DagBag from /opt/airflow/dags/dag_market_eod.py
[2026-09-30T04:29:42.937+0000] {processor.py:840} INFO - DAG(s) 'dag_market_eod' retrieved from /opt/airflow/dags/dag_market_eod.py
[2026-09-30T04:29:42.953+0000] {logging_mixin.py:188} INFO - [2026-09-30T04:29:42.953+0000] {dag.py:3089} INFO - Sync 1 DAGs
[2026-09-30T04:29:43.063+0000] {logging_mixin.py:188} INFO - [2026-09-30T04:29:43.063+0000] {dag.py:3947} INFO - Setting next_dagrun for dag_market_eod to 2026-09-29 22:00:00+00:00, run_after=2026-09-30 22:00:00+00:00
[2026-09-30T04:29:43.075+0000] {processor.py:183} INFO - Processing /opt/airflow/dags/dag_market_eod.py took 0.370 seconds
[2026-09-30T04:30:13.186+0000] {processor.py:161} INFO - Started process (PID=882) to work on /opt/airflow/dags/dag_market_eod.py
[2026-09-30T04:30:13.186+0000] {processor.py:830} INFO - Processing file /opt/airflow/dags/dag_market_eod.py for tasks to queue
[2026-09-30T04:30:13.187+0000] {logging_mixin.py:188} INFO - [2026-09-30T04:30:13.187+0000] {dagbag.py:545} INFO - Filling up the DagBag from /opt/airflow/dags/dag_market_eod.py
[2026-09-30T04:30:13.412+0000] {processor.py:840} INFO - DAG(s) 'dag_market_eod' retrieved from /opt/airflow/dags/dag_market_eod.py
[2026-09-30T04:30:13.428+0000] {logging_mixin.py:188} INFO - [2026-09-30T04:30:13.428+0000] {dag.py:3089} INFO - Sync 1 DAGs
[2026-09-30T04:30:13.440+0000] {logging_mixin.py:188} INFO - [2026-09-30T04:30:13.440+0000] {dag.py:3947} INFO - Setting next_dagrun for dag_market_eod to 2026-09-29 22:00:00+00:00, run_after=2026-09-30 22:00:00+00:00
[2026-09-30T04:30:13.451+0000] {processor.py:183} INFO - Processing /opt/airflow/dags/dag_market_eod.py took 0.269 seconds
[2026-09-30T04:30:43.559+0000] {processor.py:161} INFO - Started process (PID=888) to work on /opt/airflow/dags/dag_market_eod.py
[2026-09-30T04:30:43.561+0000] {processor.py:830} INFO - Processing file /opt/airflow/dags/dag_market_eod.py for tasks to queue
[2026-09-30T04:30:43.562+0000] {logging_mixin.py:188} INFO - [2026-09-30T04:30:43.561+0000] {dagbag.py:545} INFO - Filling up the DagBag from /opt/airflow/dags/dag_market_eod.py
[2026-09-30T04:30:43.788+0000] {processor.py:840} INFO - DAG(s) 'dag_market_eod' retrieved from /opt/airflow/dags/dag_market_eod.py
[2026-09-30T04:30:43.804+0000] {logging_mixin.py:188} INFO - [2026-09-30T04:30:43.803+0000] {dag.py:3089} INFO - Sync 1 DAGs
[2026-09-30T04:30:43.815+0000] {logging_mixin.py:188} INFO - [2026-09-30T04:30:43.815+0000] {dag.py:3947} INFO - Setting next_dagrun for dag_market_eod to 2026-09-29 22:00:00+00:00, run_after=2026-09-30 22:00:00+00:00
[2026-09-30T04:30:43.824+0000] {processor.py:183} INFO - Processing /opt/airflow/dags/dag_market_eod.py took 0.269 seconds
[2026-09-30T04:31:13.930+0000] {processor.py:161} INFO - Started process (PID=894) to work on /opt/airflow/dags/dag_market_eod.py
[2026-09-30T04:31:13.930+0000] {processor.py:830} INFO - Processing file /opt/airflow/dags/dag_market_eod.py for tasks to queue
[2026-09-30T04:31:13.931+0000] {logging_mixin.py:188} INFO - [2026-09-30T04:31:13.931+0000] {dagbag.py:545} INFO - Filling up the DagBag from /opt/airflow/dags/dag_market_eod.py
[2026-09-30T04:31:14.159+0000] {processor.py:840} INFO - DAG(s) 'dag_market_eod' retrieved from /opt/airflow/dags/dag_market_eod.py
[2026-09-30T04:31:14.182+0000] {logging_mixin.py:188} INFO - [2026-09-30T04:31:14.181+0000] {dag.py:3089} INFO - Sync 1 DAGs
[2026-09-30T04:31:14.195+0000] {logging_mixin.py:188} INFO - [2026-09-30T04:31:14.195+0000] {dag.py:3947} INFO - Setting next_dagrun for dag_market_eod to 2026-09-29 22:00:00+00:00, run_after=2026-09-30 22:00:00+00:00
[2026-09-30T04:31:14.206+0000] {processor.py:183} INFO - Processing /opt/airflow/dags/dag_market_eod.py took 0.281 seconds
[2026-09-30T04:31:44.319+0000] {processor.py:161} INFO - Started process (PID=900) to work on /opt/airflow/dags/dag_market_eod.py
[2026-09-30T04:31:44.321+0000] {processor.py:830} INFO - Processing file /opt/airflow/dags/dag_market_eod.py for tasks to queue
[2026-09-30T04:31:44.322+0000] {logging_mixin.py:188} INFO - [2026-09-30T04:31:44.321+0000] {dagbag.py:545} INFO - Filling up the DagBag from /opt/airflow/dags/dag_market_eod.py
[2026-09-30T04:31:44.637+0000] {processor.py:840} INFO - DAG(s) 'dag_market_eod' retrieved from /opt/airflow/dags/dag_market_eod.py
[2026-09-30T04:31:44.658+0000] {logging_mixin.py:188} INFO - [2026-09-30T04:31:44.657+0000] {dag.py:3089} INFO - Sync 1 DAGs
[2026-09-30T04:31:44.669+0000] {logging_mixin.py:188} INFO - [2026-09-30T04:31:44.669+0000] {dag.py:3947} INFO - Setting next_dagrun for dag_market_eod to 2026-09-29 22:00:00+00:00, run_after=2026-09-30 22:00:00+00:00
[2026-09-30T04:31:44.681+0000] {processor.py:183} INFO - Processing /opt/airflow/dags/dag_market_eod.py took 0.365 seconds
[2026-09-30T04:32:14.794+0000] {processor.py:161} INFO - Started process (PID=906) to work on /opt/airflow/dags/dag_market_eod.py
[2026-09-30T04:32:14.794+0000] {processor.py:830} INFO - Processing file /opt/airflow/dags/dag_market_eod.py for tasks to queue
[2026-09-30T04:32:14.795+0000] {logging_mixin.py:188} INFO - [2026-09-30T04:32:14.795+0000] {dagbag.py:545} INFO - Filling up the DagBag from /opt/airflow/dags/dag_market_eod.py
[2026-09-30T04:32:15.017+0000] {processor.py:840} INFO - DAG(s) 'dag_market_eod' retrieved from /opt/airflow/dags/dag_market_eod.py
[2026-09-30T04:32:15.040+0000] {logging_mixin.py:188} INFO - [2026-09-30T04:32:15.040+0000] {dag.py:3089} INFO - Sync 1 DAGs
[2026-09-30T04:32:15.053+0000] {logging_mixin.py:188} INFO - [2026-09-30T04:32:15.053+0000] {dag.py:3947} INFO - Setting next_dagrun for dag_market_eod to 2026-09-29 22:00:00+00:00, run_after=2026-09-30 22:00:00+00:00
[2026-09-30T04:32:15.154+0000] {processor.py:183} INFO - Processing /opt/airflow/dags/dag_market_eod.py took 0.364 seconds
[2026-09-30T04:32:45.262+0000] {processor.py:161} INFO - Started process (PID=912) to work on /opt/airflow/dags/dag_market_eod.py
[2026-09-30T04:32:45.264+0000] {processor.py:830} INFO - Processing file /opt/airflow/dags/dag_market_eod.py for tasks to queue
[2026-09-30T04:32:45.265+0000] {logging_mixin.py:188} INFO - [2026-09-30T04:32:45.264+0000] {dagbag.py:545} INFO - Filling up the DagBag from /opt/airflow/dags/dag_market_eod.py
[2026-09-30T04:32:45.490+0000] {processor.py:840} INFO - DAG(s) 'dag_market_eod' retrieved from /opt/airflow/dags/dag_market_eod.py
[2026-09-30T04:32:45.510+0000] {logging_mixin.py:188} INFO - [2026-09-30T04:32:45.510+0000] {dag.py:3089} INFO - Sync 1 DAGs
[2026-09-30T04:32:45.615+0000] {logging_mixin.py:188} INFO - [2026-09-30T04:32:45.615+0000] {dag.py:3947} INFO - Setting next_dagrun for dag_market_eod to 2026-09-29 22:00:00+00:00, run_after=2026-09-30 22:00:00+00:00
[2026-09-30T04:32:45.627+0000] {processor.py:183} INFO - Processing /opt/airflow/dags/dag_market_eod.py took 0.369 seconds
[2026-09-30T04:33:15.739+0000] {processor.py:161} INFO - Started process (PID=918) to work on /opt/airflow/dags/dag_market_eod.py
[2026-09-30T04:33:15.740+0000] {processor.py:830} INFO - Processing file /opt/airflow/dags/dag_market_eod.py for tasks to queue
[2026-09-30T04:33:15.741+0000] {logging_mixin.py:188} INFO - [2026-09-30T04:33:15.741+0000] {dagbag.py:545} INFO - Filling up the DagBag from /opt/airflow/dags/dag_market_eod.py
[2026-09-30T04:33:15.970+0000] {processor.py:840} INFO - DAG(s) 'dag_market_eod' retrieved from /opt/airflow/dags/dag_market_eod.py
[2026-09-30T04:33:15.985+0000] {logging_mixin.py:188} INFO - [2026-09-30T04:33:15.985+0000] {dag.py:3089} INFO - Sync 1 DAGs
[2026-09-30T04:33:15.997+0000] {logging_mixin.py:188} INFO - [2026-09-30T04:33:15.997+0000] {dag.py:3947} INFO - Setting next_dagrun for dag_market_eod to 2026-09-29 22:00:00+00:00, run_after=2026-09-30 22:00:00+00:00
[2026-09-30T04:33:16.007+0000] {processor.py:183} INFO - Processing /opt/airflow/dags/dag_market_eod.py took 0.272 seconds
[2026-09-30T04:33:46.109+0000] {processor.py:161} INFO - Started process (PID=924) to work on /opt/airflow/dags/dag_market_eod.py
[2026-09-30T04:33:46.111+0000] {processor.py:830} INFO - Processing file /opt/airflow/dags/dag_market_eod.py for tasks to queue
[2026-09-30T04:33:46.112+0000] {logging_mixin.py:188} INFO - [2026-09-30T04:33:46.112+0000] {dagbag.py:545} INFO - Filling up the DagBag from /opt/airflow/dags/dag_market_eod.py
[2026-09-30T04:33:46.343+0000] {processor.py:840} INFO - DAG(s) 'dag_market_eod' retrieved from /opt/airflow/dags/dag_market_eod.py
[2026-09-30T04:33:46.358+0000] {logging_mixin.py:188} INFO - [2026-09-30T04:33:46.358+0000] {dag.py:3089} INFO - Sync 1 DAGs
[2026-09-30T04:33:46.370+0000] {logging_mixin.py:188} INFO - [2026-09-30T04:33:46.370+0000] {dag.py:3947} INFO - Setting next_dagrun for dag_market_eod to 2026-09-29 22:00:00+00:00, run_after=2026-09-30 22:00:00+00:00
[2026-09-30T04:33:46.380+0000] {processor.py:183} INFO - Processing /opt/airflow/dags/dag_market_eod.py took 0.276 seconds
[2026-09-30T04:34:16.483+0000] {processor.py:161} INFO - Started process (PID=930) to work on /opt/airflow/dags/dag_market_eod.py
[2026-09-30T04:34:16.483+0000] {processor.py:830} INFO - Processing file /opt/airflow/dags/dag_market_eod.py for tasks to queue
[2026-09-30T04:34:16.484+0000] {logging_mixin.py:188} INFO - [2026-09-30T04:34:16.484+0000] {dagbag.py:545} INFO - Filling up the DagBag from /opt/airflow/dags/dag_market_eod.py
[2026-09-30T04:34:16.708+0000] {processor.py:840} INFO - DAG(s) 'dag_market_eod' retrieved from /opt/airflow/dags/dag_market_eod.py
[2026-09-30T04:34:16.730+0000] {logging_mixin.py:188} INFO - [2026-09-30T04:34:16.729+0000] {dag.py:3089} INFO - Sync 1 DAGs
[2026-09-30T04:34:16.743+0000] {logging_mixin.py:188} INFO - [2026-09-30T04:34:16.743+0000] {dag.py:3947} INFO - Setting next_dagrun for dag_market_eod to 2026-09-29 22:00:00+00:00, run_after=2026-09-30 22:00:00+00:00
[2026-09-30T04:34:16.754+0000] {processor.py:183} INFO - Processing /opt/airflow/dags/dag_market_eod.py took 0.274 seconds
[2026-09-30T04:34:46.856+0000] {processor.py:161} INFO - Started process (PID=936) to work on /opt/airflow/dags/dag_market_eod.py
[2026-09-30T04:34:46.857+0000] {processor.py:830} INFO - Processing file /opt/airflow/dags/dag_market_eod.py for tasks to queue
[2026-09-30T04:34:46.858+0000] {logging_mixin.py:188} INFO - [2026-09-30T04:34:46.858+0000] {dagbag.py:545} INFO - Filling up the DagBag from /opt/airflow/dags/dag_market_eod.py
[2026-09-30T04:34:47.166+0000] {processor.py:840} INFO - DAG(s) 'dag_market_eod' retrieved from /opt/airflow/dags/dag_market_eod.py
[2026-09-30T04:34:47.181+0000] {logging_mixin.py:188} INFO - [2026-09-30T04:34:47.181+0000] {dag.py:3089} INFO - Sync 1 DAGs
[2026-09-30T04:34:47.193+0000] {logging_mixin.py:188} INFO - [2026-09-30T04:34:47.192+0000] {dag.py:3947} INFO - Setting next_dagrun for dag_market_eod to 2026-09-29 22:00:00+00:00, run_after=2026-09-30 22:00:00+00:00
[2026-09-30T04:34:47.203+0000] {processor.py:183} INFO - Processing /opt/airflow/dags/dag_market_eod.py took 0.350 seconds
[2026-09-30T04:35:17.310+0000] {processor.py:161} INFO - Started process (PID=942) to work on /opt/airflow/dags/dag_market_eod.py
[2026-09-30T04:35:17.311+0000] {processor.py:830} INFO - Processing file /opt/airflow/dags/dag_market_eod.py for tasks to queue
[2026-09-30T04:35:17.312+0000] {logging_mixin.py:188} INFO - [2026-09-30T04:35:17.312+0000] {dagbag.py:545} INFO - Filling up the DagBag from /opt/airflow/dags/dag_market_eod.py
[2026-09-30T04:35:17.540+0000] {processor.py:840} INFO - DAG(s) 'dag_market_eod' retrieved from /opt/airflow/dags/dag_market_eod.py
[2026-09-30T04:35:17.560+0000] {logging_mixin.py:188} INFO - [2026-09-30T04:35:17.560+0000] {dag.py:3089} INFO - Sync 1 DAGs
[2026-09-30T04:35:17.572+0000] {logging_mixin.py:188} INFO - [2026-09-30T04:35:17.572+0000] {dag.py:3947} INFO - Setting next_dagrun for dag_market_eod to 2026-09-29 22:00:00+00:00, run_after=2026-09-30 22:00:00+00:00
[2026-09-30T04:35:17.686+0000] {processor.py:183} INFO - Processing /opt/airflow/dags/dag_market_eod.py took 0.380 seconds
[2026-09-30T04:35:47.792+0000] {processor.py:161} INFO - Started process (PID=948) to work on /opt/airflow/dags/dag_market_eod.py
[2026-09-30T04:35:47.794+0000] {processor.py:830} INFO - Processing file /opt/airflow/dags/dag_market_eod.py for tasks to queue
[2026-09-30T04:35:47.794+0000] {logging_mixin.py:188} INFO - [2026-09-30T04:35:47.794+0000] {dagbag.py:545} INFO - Filling up the DagBag from /opt/airflow/dags/dag_market_eod.py
[2026-09-30T04:35:48.034+0000] {processor.py:840} INFO - DAG(s) 'dag_market_eod' retrieved from /opt/airflow/dags/dag_market_eod.py
[2026-09-30T04:35:48.052+0000] {logging_mixin.py:188} INFO - [2026-09-30T04:35:48.051+0000] {dag.py:3089} INFO - Sync 1 DAGs
[2026-09-30T04:35:48.157+0000] {logging_mixin.py:188} INFO - [2026-09-30T04:35:48.157+0000] {dag.py:3947} INFO - Setting next_dagrun for dag_market_eod to 2026-09-29 22:00:00+00:00, run_after=2026-09-30 22:00:00+00:00
[2026-09-30T04:35:48.169+0000] {processor.py:183} INFO - Processing /opt/airflow/dags/dag_market_eod.py took 0.381 seconds
[2026-09-30T04:36:18.288+0000] {processor.py:161} INFO - Started process (PID=954) to work on /opt/airflow/dags/dag_market_eod.py
[2026-09-30T04:36:18.288+0000] {processor.py:830} INFO - Processing file /opt/airflow/dags/dag_market_eod.py for tasks to queue
[2026-09-30T04:36:18.289+0000] {logging_mixin.py:188} INFO - [2026-09-30T04:36:18.289+0000] {dagbag.py:545} INFO - Filling up the DagBag from /opt/airflow/dags/dag_market_eod.py
[2026-09-30T04:36:18.512+0000] {processor.py:840} INFO - DAG(s) 'dag_market_eod' retrieved from /opt/airflow/dags/dag_market_eod.py
[2026-09-30T04:36:18.529+0000] {logging_mixin.py:188} INFO - [2026-09-30T04:36:18.529+0000] {dag.py:3089} INFO - Sync 1 DAGs
[2026-09-30T04:36:18.541+0000] {logging_mixin.py:188} INFO - [2026-09-30T04:36:18.541+0000] {dag.py:3947} INFO - Setting next_dagrun for dag_market_eod to 2026-09-29 22:00:00+00:00, run_after=2026-09-30 22:00:00+00:00
[2026-09-30T04:36:18.552+0000] {processor.py:183} INFO - Processing /opt/airflow/dags/dag_market_eod.py took 0.268 seconds
[2026-09-30T04:36:48.645+0000] {processor.py:161} INFO - Started process (PID=960) to work on /opt/airflow/dags/dag_market_eod.py
[2026-09-30T04:36:48.647+0000] {processor.py:830} INFO - Processing file /opt/airflow/dags/dag_market_eod.py for tasks to queue
[2026-09-30T04:36:48.647+0000] {logging_mixin.py:188} INFO - [2026-09-30T04:36:48.647+0000] {dagbag.py:545} INFO - Filling up the DagBag from /opt/airflow/dags/dag_market_eod.py
[2026-09-30T04:36:48.870+0000] {processor.py:840} INFO - DAG(s) 'dag_market_eod' retrieved from /opt/airflow/dags/dag_market_eod.py
[2026-09-30T04:36:48.893+0000] {logging_mixin.py:188} INFO - [2026-09-30T04:36:48.893+0000] {dag.py:3089} INFO - Sync 1 DAGs
[2026-09-30T04:36:48.905+0000] {logging_mixin.py:188} INFO - [2026-09-30T04:36:48.904+0000] {dag.py:3947} INFO - Setting next_dagrun for dag_market_eod to 2026-09-29 22:00:00+00:00, run_after=2026-09-30 22:00:00+00:00
[2026-09-30T04:36:48.916+0000] {processor.py:183} INFO - Processing /opt/airflow/dags/dag_market_eod.py took 0.274 seconds
[2026-09-30T04:37:19.025+0000] {processor.py:161} INFO - Started process (PID=966) to work on /opt/airflow/dags/dag_market_eod.py
[2026-09-30T04:37:19.025+0000] {processor.py:830} INFO - Processing file /opt/airflow/dags/dag_market_eod.py for tasks to queue
[2026-09-30T04:37:19.026+0000] {logging_mixin.py:188} INFO - [2026-09-30T04:37:19.026+0000] {dagbag.py:545} INFO - Filling up the DagBag from /opt/airflow/dags/dag_market_eod.py
[2026-09-30T04:37:19.249+0000] {processor.py:840} INFO - DAG(s) 'dag_market_eod' retrieved from /opt/airflow/dags/dag_market_eod.py
[2026-09-30T04:37:19.264+0000] {logging_mixin.py:188} INFO - [2026-09-30T04:37:19.264+0000] {dag.py:3089} INFO - Sync 1 DAGs
[2026-09-30T04:37:19.276+0000] {logging_mixin.py:188} INFO - [2026-09-30T04:37:19.276+0000] {dag.py:3947} INFO - Setting next_dagrun for dag_market_eod to 2026-09-29 22:00:00+00:00, run_after=2026-09-30 22:00:00+00:00
[2026-09-30T04:37:19.287+0000] {processor.py:183} INFO - Processing /opt/airflow/dags/dag_market_eod.py took 0.266 seconds
[2026-09-30T04:37:49.390+0000] {processor.py:161} INFO - Started process (PID=972) to work on /opt/airflow/dags/dag_market_eod.py
[2026-09-30T04:37:49.393+0000] {processor.py:830} INFO - Processing file /opt/airflow/dags/dag_market_eod.py for tasks to queue
[2026-09-30T04:37:49.393+0000] {logging_mixin.py:188} INFO - [2026-09-30T04:37:49.393+0000] {dagbag.py:545} INFO - Filling up the DagBag from /opt/airflow/dags/dag_market_eod.py
[2026-09-30T04:37:49.612+0000] {processor.py:840} INFO - DAG(s) 'dag_market_eod' retrieved from /opt/airflow/dags/dag_market_eod.py
[2026-09-30T04:37:49.633+0000] {logging_mixin.py:188} INFO - [2026-09-30T04:37:49.633+0000] {dag.py:3089} INFO - Sync 1 DAGs
[2026-09-30T04:37:49.645+0000] {logging_mixin.py:188} INFO - [2026-09-30T04:37:49.645+0000] {dag.py:3947} INFO - Setting next_dagrun for dag_market_eod to 2026-09-29 22:00:00+00:00, run_after=2026-09-30 22:00:00+00:00
[2026-09-30T04:37:49.753+0000] {processor.py:183} INFO - Processing /opt/airflow/dags/dag_market_eod.py took 0.367 seconds
[2026-09-30T04:38:19.862+0000] {processor.py:161} INFO - Started process (PID=978) to work on /opt/airflow/dags/dag_market_eod.py
[2026-09-30T04:38:19.862+0000] {processor.py:830} INFO - Processing file /opt/airflow/dags/dag_market_eod.py for tasks to queue
[2026-09-30T04:38:19.863+0000] {logging_mixin.py:188} INFO - [2026-09-30T04:38:19.863+0000] {dagbag.py:545} INFO - Filling up the DagBag from /opt/airflow/dags/dag_market_eod.py
[2026-09-30T04:38:20.091+0000] {processor.py:840} INFO - DAG(s) 'dag_market_eod' retrieved from /opt/airflow/dags/dag_market_eod.py
[2026-09-30T04:38:20.108+0000] {logging_mixin.py:188} INFO - [2026-09-30T04:38:20.107+0000] {dag.py:3089} INFO - Sync 1 DAGs
[2026-09-30T04:38:20.213+0000] {logging_mixin.py:188} INFO - [2026-09-30T04:38:20.213+0000] {dag.py:3947} INFO - Setting next_dagrun for dag_market_eod to 2026-09-29 22:00:00+00:00, run_after=2026-09-30 22:00:00+00:00
[2026-09-30T04:38:20.225+0000] {processor.py:183} INFO - Processing /opt/airflow/dags/dag_market_eod.py took 0.367 seconds
[2026-09-30T04:38:50.322+0000] {processor.py:161} INFO - Started process (PID=984) to work on /opt/airflow/dags/dag_market_eod.py
[2026-09-30T04:38:50.324+0000] {processor.py:830} INFO - Processing file /opt/airflow/dags/dag_market_eod.py for tasks to queue
[2026-09-30T04:38:50.325+0000] {logging_mixin.py:188} INFO - [2026-09-30T04:38:50.325+0000] {dagbag.py:545} INFO - Filling up the DagBag from /opt/airflow/dags/dag_market_eod.py
[2026-09-30T04:38:50.547+0000] {processor.py:840} INFO - DAG(s) 'dag_market_eod' retrieved from /opt/airflow/dags/dag_market_eod.py
[2026-09-30T04:38:50.570+0000] {logging_mixin.py:188} INFO - [2026-09-30T04:38:50.569+0000] {dag.py:3089} INFO - Sync 1 DAGs
[2026-09-30T04:38:50.674+0000] {logging_mixin.py:188} INFO - [2026-09-30T04:38:50.674+0000] {dag.py:3947} INFO - Setting next_dagrun for dag_market_eod to 2026-09-29 22:00:00+00:00, run_after=2026-09-30 22:00:00+00:00
[2026-09-30T04:38:50.688+0000] {processor.py:183} INFO - Processing /opt/airflow/dags/dag_market_eod.py took 0.369 seconds
[2026-09-30T04:39:20.797+0000] {processor.py:161} INFO - Started process (PID=990) to work on /opt/airflow/dags/dag_market_eod.py
[2026-09-30T04:39:20.797+0000] {processor.py:830} INFO - Processing file /opt/airflow/dags/dag_market_eod.py for tasks to queue
[2026-09-30T04:39:20.799+0000] {logging_mixin.py:188} INFO - [2026-09-30T04:39:20.798+0000] {dagbag.py:545} INFO - Filling up the DagBag from /opt/airflow/dags/dag_market_eod.py
[2026-09-30T04:39:21.022+0000] {processor.py:840} INFO - DAG(s) 'dag_market_eod' retrieved from /opt/airflow/dags/dag_market_eod.py
[2026-09-30T04:39:21.039+0000] {logging_mixin.py:188} INFO - [2026-09-30T04:39:21.038+0000] {dag.py:3089} INFO - Sync 1 DAGs
[2026-09-30T04:39:21.050+0000] {logging_mixin.py:188} INFO - [2026-09-30T04:39:21.050+0000] {dag.py:3947} INFO - Setting next_dagrun for dag_market_eod to 2026-09-29 22:00:00+00:00, run_after=2026-09-30 22:00:00+00:00
[2026-09-30T04:39:21.062+0000] {processor.py:183} INFO - Processing /opt/airflow/dags/dag_market_eod.py took 0.270 seconds
[2026-09-30T04:39:51.166+0000] {processor.py:161} INFO - Started process (PID=996) to work on /opt/airflow/dags/dag_market_eod.py
[2026-09-30T04:39:51.168+0000] {processor.py:830} INFO - Processing file /opt/airflow/dags/dag_market_eod.py for tasks to queue
[2026-09-30T04:39:51.168+0000] {logging_mixin.py:188} INFO - [2026-09-30T04:39:51.168+0000] {dagbag.py:545} INFO - Filling up the DagBag from /opt/airflow/dags/dag_market_eod.py
[2026-09-30T04:39:51.389+0000] {processor.py:840} INFO - DAG(s) 'dag_market_eod' retrieved from /opt/airflow/dags/dag_market_eod.py
[2026-09-30T04:39:51.406+0000] {logging_mixin.py:188} INFO - [2026-09-30T04:39:51.406+0000] {dag.py:3089} INFO - Sync 1 DAGs
[2026-09-30T04:39:51.418+0000] {logging_mixin.py:188} INFO - [2026-09-30T04:39:51.417+0000] {dag.py:3947} INFO - Setting next_dagrun for dag_market_eod to 2026-09-29 22:00:00+00:00, run_after=2026-09-30 22:00:00+00:00
[2026-09-30T04:39:51.434+0000] {processor.py:183} INFO - Processing /opt/airflow/dags/dag_market_eod.py took 0.273 seconds
[2026-09-30T04:40:21.530+0000] {processor.py:161} INFO - Started process (PID=1002) to work on /opt/airflow/dags/dag_market_eod.py
[2026-09-30T04:40:21.530+0000] {processor.py:830} INFO - Processing file /opt/airflow/dags/dag_market_eod.py for tasks to queue
[2026-09-30T04:40:21.531+0000] {logging_mixin.py:188} INFO - [2026-09-30T04:40:21.531+0000] {dagbag.py:545} INFO - Filling up the DagBag from /opt/airflow/dags/dag_market_eod.py
[2026-09-30T04:40:21.844+0000] {processor.py:840} INFO - DAG(s) 'dag_market_eod' retrieved from /opt/airflow/dags/dag_market_eod.py
[2026-09-30T04:40:21.857+0000] {logging_mixin.py:188} INFO - [2026-09-30T04:40:21.857+0000] {dag.py:3089} INFO - Sync 1 DAGs
[2026-09-30T04:40:21.868+0000] {logging_mixin.py:188} INFO - [2026-09-30T04:40:21.868+0000] {dag.py:3947} INFO - Setting next_dagrun for dag_market_eod to 2026-09-29 22:00:00+00:00, run_after=2026-09-30 22:00:00+00:00
[2026-09-30T04:40:21.878+0000] {processor.py:183} INFO - Processing /opt/airflow/dags/dag_market_eod.py took 0.352 seconds
[2026-09-30T04:40:51.992+0000] {processor.py:161} INFO - Started process (PID=1008) to work on /opt/airflow/dags/dag_market_eod.py
[2026-09-30T04:40:51.994+0000] {processor.py:830} INFO - Processing file /opt/airflow/dags/dag_market_eod.py for tasks to queue
[2026-09-30T04:40:51.995+0000] {logging_mixin.py:188} INFO - [2026-09-30T04:40:51.995+0000] {dagbag.py:545} INFO - Filling up the DagBag from /opt/airflow/dags/dag_market_eod.py
[2026-09-30T04:40:52.228+0000] {processor.py:840} INFO - DAG(s) 'dag_market_eod' retrieved from /opt/airflow/dags/dag_market_eod.py
[2026-09-30T04:40:52.243+0000] {logging_mixin.py:188} INFO - [2026-09-30T04:40:52.243+0000] {dag.py:3089} INFO - Sync 1 DAGs
[2026-09-30T04:40:52.255+0000] {logging_mixin.py:188} INFO - [2026-09-30T04:40:52.255+0000] {dag.py:3947} INFO - Setting next_dagrun for dag_market_eod to 2026-09-29 22:00:00+00:00, run_after=2026-09-30 22:00:00+00:00
[2026-09-30T04:40:52.368+0000] {processor.py:183} INFO - Processing /opt/airflow/dags/dag_market_eod.py took 0.381 seconds
[2026-09-30T04:41:22.483+0000] {processor.py:161} INFO - Started process (PID=1014) to work on /opt/airflow/dags/dag_market_eod.py
[2026-09-30T04:41:22.483+0000] {processor.py:830} INFO - Processing file /opt/airflow/dags/dag_market_eod.py for tasks to queue
[2026-09-30T04:41:22.484+0000] {logging_mixin.py:188} INFO - [2026-09-30T04:41:22.484+0000] {dagbag.py:545} INFO - Filling up the DagBag from /opt/airflow/dags/dag_market_eod.py
[2026-09-30T04:41:22.709+0000] {processor.py:840} INFO - DAG(s) 'dag_market_eod' retrieved from /opt/airflow/dags/dag_market_eod.py
[2026-09-30T04:41:22.727+0000] {logging_mixin.py:188} INFO - [2026-09-30T04:41:22.727+0000] {dag.py:3089} INFO - Sync 1 DAGs
[2026-09-30T04:41:22.832+0000] {logging_mixin.py:188} INFO - [2026-09-30T04:41:22.832+0000] {dag.py:3947} INFO - Setting next_dagrun for dag_market_eod to 2026-09-29 22:00:00+00:00, run_after=2026-09-30 22:00:00+00:00
[2026-09-30T04:41:22.844+0000] {processor.py:183} INFO - Processing /opt/airflow/dags/dag_market_eod.py took 0.365 seconds
[2026-09-30T04:41:52.953+0000] {processor.py:161} INFO - Started process (PID=1020) to work on /opt/airflow/dags/dag_market_eod.py
[2026-09-30T04:41:52.955+0000] {processor.py:830} INFO - Processing file /opt/airflow/dags/dag_market_eod.py for tasks to queue
[2026-09-30T04:41:52.957+0000] {logging_mixin.py:188} INFO - [2026-09-30T04:41:52.956+0000] {dagbag.py:545} INFO - Filling up the DagBag from /opt/airflow/dags/dag_market_eod.py
[2026-09-30T04:41:53.179+0000] {processor.py:840} INFO - DAG(s) 'dag_market_eod' retrieved from /opt/airflow/dags/dag_market_eod.py
[2026-09-30T04:41:53.195+0000] {logging_mixin.py:188} INFO - [2026-09-30T04:41:53.195+0000] {dag.py:3089} INFO - Sync 1 DAGs
[2026-09-30T04:41:53.304+0000] {logging_mixin.py:188} INFO - [2026-09-30T04:41:53.304+0000] {dag.py:3947} INFO - Setting next_dagrun for dag_market_eod to 2026-09-29 22:00:00+00:00, run_after=2026-09-30 22:00:00+00:00
[2026-09-30T04:41:53.315+0000] {processor.py:183} INFO - Processing /opt/airflow/dags/dag_market_eod.py took 0.366 seconds
[2026-09-30T04:42:23.412+0000] {processor.py:161} INFO - Started process (PID=1026) to work on /opt/airflow/dags/dag_market_eod.py
[2026-09-30T04:42:23.413+0000] {processor.py:830} INFO - Processing file /opt/airflow/dags/dag_market_eod.py for tasks to queue
[2026-09-30T04:42:23.414+0000] {logging_mixin.py:188} INFO - [2026-09-30T04:42:23.413+0000] {dagbag.py:545} INFO - Filling up the DagBag from /opt/airflow/dags/dag_market_eod.py
[2026-09-30T04:42:23.635+0000] {processor.py:840} INFO - DAG(s) 'dag_market_eod' retrieved from /opt/airflow/dags/dag_market_eod.py
[2026-09-30T04:42:23.654+0000] {logging_mixin.py:188} INFO - [2026-09-30T04:42:23.654+0000] {dag.py:3089} INFO - Sync 1 DAGs
[2026-09-30T04:42:23.668+0000] {logging_mixin.py:188} INFO - [2026-09-30T04:42:23.668+0000] {dag.py:3947} INFO - Setting next_dagrun for dag_market_eod to 2026-09-29 22:00:00+00:00, run_after=2026-09-30 22:00:00+00:00
[2026-09-30T04:42:23.680+0000] {processor.py:183} INFO - Processing /opt/airflow/dags/dag_market_eod.py took 0.272 seconds
[2026-09-30T04:42:53.776+0000] {processor.py:161} INFO - Started process (PID=1032) to work on /opt/airflow/dags/dag_market_eod.py
[2026-09-30T04:42:53.778+0000] {processor.py:830} INFO - Processing file /opt/airflow/dags/dag_market_eod.py for tasks to queue
[2026-09-30T04:42:53.779+0000] {logging_mixin.py:188} INFO - [2026-09-30T04:42:53.779+0000] {dagbag.py:545} INFO - Filling up the DagBag from /opt/airflow/dags/dag_market_eod.py
[2026-09-30T04:42:54.007+0000] {processor.py:840} INFO - DAG(s) 'dag_market_eod' retrieved from /opt/airflow/dags/dag_market_eod.py
[2026-09-30T04:42:54.029+0000] {logging_mixin.py:188} INFO - [2026-09-30T04:42:54.029+0000] {dag.py:3089} INFO - Sync 1 DAGs
[2026-09-30T04:42:54.041+0000] {logging_mixin.py:188} INFO - [2026-09-30T04:42:54.041+0000] {dag.py:3947} INFO - Setting next_dagrun for dag_market_eod to 2026-09-29 22:00:00+00:00, run_after=2026-09-30 22:00:00+00:00
[2026-09-30T04:42:54.053+0000] {processor.py:183} INFO - Processing /opt/airflow/dags/dag_market_eod.py took 0.280 seconds
[2026-09-30T04:43:24.153+0000] {processor.py:161} INFO - Started process (PID=1038) to work on /opt/airflow/dags/dag_market_eod.py
[2026-09-30T04:43:24.153+0000] {processor.py:830} INFO - Processing file /opt/airflow/dags/dag_market_eod.py for tasks to queue
[2026-09-30T04:43:24.155+0000] {logging_mixin.py:188} INFO - [2026-09-30T04:43:24.154+0000] {dagbag.py:545} INFO - Filling up the DagBag from /opt/airflow/dags/dag_market_eod.py
[2026-09-30T04:43:24.487+0000] {processor.py:840} INFO - DAG(s) 'dag_market_eod' retrieved from /opt/airflow/dags/dag_market_eod.py
[2026-09-30T04:43:24.510+0000] {logging_mixin.py:188} INFO - [2026-09-30T04:43:24.509+0000] {dag.py:3089} INFO - Sync 1 DAGs
[2026-09-30T04:43:24.525+0000] {logging_mixin.py:188} INFO - [2026-09-30T04:43:24.525+0000] {dag.py:3947} INFO - Setting next_dagrun for dag_market_eod to 2026-09-29 22:00:00+00:00, run_after=2026-09-30 22:00:00+00:00
[2026-09-30T04:43:24.537+0000] {processor.py:183} INFO - Processing /opt/airflow/dags/dag_market_eod.py took 0.388 seconds
[2026-09-30T04:43:54.651+0000] {processor.py:161} INFO - Started process (PID=1044) to work on /opt/airflow/dags/dag_market_eod.py
[2026-09-30T04:43:54.654+0000] {processor.py:830} INFO - Processing file /opt/airflow/dags/dag_market_eod.py for tasks to queue
[2026-09-30T04:43:54.655+0000] {logging_mixin.py:188} INFO - [2026-09-30T04:43:54.655+0000] {dagbag.py:545} INFO - Filling up the DagBag from /opt/airflow/dags/dag_market_eod.py
[2026-09-30T04:43:54.965+0000] {processor.py:840} INFO - DAG(s) 'dag_market_eod' retrieved from /opt/airflow/dags/dag_market_eod.py
[2026-09-30T04:43:54.987+0000] {logging_mixin.py:188} INFO - [2026-09-30T04:43:54.986+0000] {dag.py:3089} INFO - Sync 1 DAGs
[2026-09-30T04:43:54.997+0000] {logging_mixin.py:188} INFO - [2026-09-30T04:43:54.997+0000] {dag.py:3947} INFO - Setting next_dagrun for dag_market_eod to 2026-09-29 22:00:00+00:00, run_after=2026-09-30 22:00:00+00:00
[2026-09-30T04:43:55.010+0000] {processor.py:183} INFO - Processing /opt/airflow/dags/dag_market_eod.py took 0.363 seconds
[2026-09-30T04:44:25.113+0000] {processor.py:161} INFO - Started process (PID=1050) to work on /opt/airflow/dags/dag_market_eod.py
[2026-09-30T04:44:25.113+0000] {processor.py:830} INFO - Processing file /opt/airflow/dags/dag_market_eod.py for tasks to queue
[2026-09-30T04:44:25.114+0000] {logging_mixin.py:188} INFO - [2026-09-30T04:44:25.114+0000] {dagbag.py:545} INFO - Filling up the DagBag from /opt/airflow/dags/dag_market_eod.py
[2026-09-30T04:44:25.337+0000] {processor.py:840} INFO - DAG(s) 'dag_market_eod' retrieved from /opt/airflow/dags/dag_market_eod.py
[2026-09-30T04:44:25.353+0000] {logging_mixin.py:188} INFO - [2026-09-30T04:44:25.353+0000] {dag.py:3089} INFO - Sync 1 DAGs
[2026-09-30T04:44:25.455+0000] {logging_mixin.py:188} INFO - [2026-09-30T04:44:25.455+0000] {dag.py:3947} INFO - Setting next_dagrun for dag_market_eod to 2026-09-29 22:00:00+00:00, run_after=2026-09-30 22:00:00+00:00
[2026-09-30T04:44:25.468+0000] {processor.py:183} INFO - Processing /opt/airflow/dags/dag_market_eod.py took 0.359 seconds
[2026-09-30T04:44:55.572+0000] {processor.py:161} INFO - Started process (PID=1056) to work on /opt/airflow/dags/dag_market_eod.py
[2026-09-30T04:44:55.572+0000] {processor.py:830} INFO - Processing file /opt/airflow/dags/dag_market_eod.py for tasks to queue
[2026-09-30T04:44:55.573+0000] {logging_mixin.py:188} INFO - [2026-09-30T04:44:55.573+0000] {dagbag.py:545} INFO - Filling up the DagBag from /opt/airflow/dags/dag_market_eod.py
[2026-09-30T04:44:55.802+0000] {processor.py:840} INFO - DAG(s) 'dag_market_eod' retrieved from /opt/airflow/dags/dag_market_eod.py
[2026-09-30T04:44:55.821+0000] {logging_mixin.py:188} INFO - [2026-09-30T04:44:55.821+0000] {dag.py:3089} INFO - Sync 1 DAGs
[2026-09-30T04:44:55.928+0000] {logging_mixin.py:188} INFO - [2026-09-30T04:44:55.928+0000] {dag.py:3947} INFO - Setting next_dagrun for dag_market_eod to 2026-09-29 22:00:00+00:00, run_after=2026-09-30 22:00:00+00:00
[2026-09-30T04:44:55.940+0000] {processor.py:183} INFO - Processing /opt/airflow/dags/dag_market_eod.py took 0.371 seconds
[2026-09-30T04:45:26.046+0000] {processor.py:161} INFO - Started process (PID=1062) to work on /opt/airflow/dags/dag_market_eod.py
[2026-09-30T04:45:26.048+0000] {processor.py:830} INFO - Processing file /opt/airflow/dags/dag_market_eod.py for tasks to queue
[2026-09-30T04:45:26.049+0000] {logging_mixin.py:188} INFO - [2026-09-30T04:45:26.049+0000] {dagbag.py:545} INFO - Filling up the DagBag from /opt/airflow/dags/dag_market_eod.py
[2026-09-30T04:45:26.268+0000] {processor.py:840} INFO - DAG(s) 'dag_market_eod' retrieved from /opt/airflow/dags/dag_market_eod.py
[2026-09-30T04:45:26.284+0000] {logging_mixin.py:188} INFO - [2026-09-30T04:45:26.284+0000] {dag.py:3089} INFO - Sync 1 DAGs
[2026-09-30T04:45:26.296+0000] {logging_mixin.py:188} INFO - [2026-09-30T04:45:26.296+0000] {dag.py:3947} INFO - Setting next_dagrun for dag_market_eod to 2026-09-29 22:00:00+00:00, run_after=2026-09-30 22:00:00+00:00
[2026-09-30T04:45:26.307+0000] {processor.py:183} INFO - Processing /opt/airflow/dags/dag_market_eod.py took 0.263 seconds
[2026-09-30T04:45:56.414+0000] {processor.py:161} INFO - Started process (PID=1068) to work on /opt/airflow/dags/dag_market_eod.py
[2026-09-30T04:45:56.414+0000] {processor.py:830} INFO - Processing file /opt/airflow/dags/dag_market_eod.py for tasks to queue
[2026-09-30T04:45:56.416+0000] {logging_mixin.py:188} INFO - [2026-09-30T04:45:56.416+0000] {dagbag.py:545} INFO - Filling up the DagBag from /opt/airflow/dags/dag_market_eod.py
[2026-09-30T04:45:56.646+0000] {processor.py:840} INFO - DAG(s) 'dag_market_eod' retrieved from /opt/airflow/dags/dag_market_eod.py
[2026-09-30T04:45:56.662+0000] {logging_mixin.py:188} INFO - [2026-09-30T04:45:56.661+0000] {dag.py:3089} INFO - Sync 1 DAGs
[2026-09-30T04:45:56.675+0000] {logging_mixin.py:188} INFO - [2026-09-30T04:45:56.675+0000] {dag.py:3947} INFO - Setting next_dagrun for dag_market_eod to 2026-09-29 22:00:00+00:00, run_after=2026-09-30 22:00:00+00:00
[2026-09-30T04:45:56.688+0000] {processor.py:183} INFO - Processing /opt/airflow/dags/dag_market_eod.py took 0.278 seconds
[2026-09-30T04:46:26.794+0000] {processor.py:161} INFO - Started process (PID=1074) to work on /opt/airflow/dags/dag_market_eod.py
[2026-09-30T04:46:26.797+0000] {processor.py:830} INFO - Processing file /opt/airflow/dags/dag_market_eod.py for tasks to queue
[2026-09-30T04:46:26.798+0000] {logging_mixin.py:188} INFO - [2026-09-30T04:46:26.798+0000] {dagbag.py:545} INFO - Filling up the DagBag from /opt/airflow/dags/dag_market_eod.py
[2026-09-30T04:46:27.113+0000] {processor.py:840} INFO - DAG(s) 'dag_market_eod' retrieved from /opt/airflow/dags/dag_market_eod.py
[2026-09-30T04:46:27.128+0000] {logging_mixin.py:188} INFO - [2026-09-30T04:46:27.128+0000] {dag.py:3089} INFO - Sync 1 DAGs
[2026-09-30T04:46:27.139+0000] {logging_mixin.py:188} INFO - [2026-09-30T04:46:27.139+0000] {dag.py:3947} INFO - Setting next_dagrun for dag_market_eod to 2026-09-29 22:00:00+00:00, run_after=2026-09-30 22:00:00+00:00
[2026-09-30T04:46:27.150+0000] {processor.py:183} INFO - Processing /opt/airflow/dags/dag_market_eod.py took 0.360 seconds
[2026-09-30T04:46:57.251+0000] {processor.py:161} INFO - Started process (PID=1080) to work on /opt/airflow/dags/dag_market_eod.py
[2026-09-30T04:46:57.251+0000] {processor.py:830} INFO - Processing file /opt/airflow/dags/dag_market_eod.py for tasks to queue
[2026-09-30T04:46:57.253+0000] {logging_mixin.py:188} INFO - [2026-09-30T04:46:57.252+0000] {dagbag.py:545} INFO - Filling up the DagBag from /opt/airflow/dags/dag_market_eod.py
[2026-09-30T04:46:57.566+0000] {processor.py:840} INFO - DAG(s) 'dag_market_eod' retrieved from /opt/airflow/dags/dag_market_eod.py
[2026-09-30T04:46:57.581+0000] {logging_mixin.py:188} INFO - [2026-09-30T04:46:57.581+0000] {dag.py:3089} INFO - Sync 1 DAGs
[2026-09-30T04:46:57.592+0000] {logging_mixin.py:188} INFO - [2026-09-30T04:46:57.592+0000] {dag.py:3947} INFO - Setting next_dagrun for dag_market_eod to 2026-09-29 22:00:00+00:00, run_after=2026-09-30 22:00:00+00:00
[2026-09-30T04:46:57.604+0000] {processor.py:183} INFO - Processing /opt/airflow/dags/dag_market_eod.py took 0.357 seconds
[2026-09-30T04:47:27.708+0000] {processor.py:161} INFO - Started process (PID=1086) to work on /opt/airflow/dags/dag_market_eod.py
[2026-09-30T04:47:27.710+0000] {processor.py:830} INFO - Processing file /opt/airflow/dags/dag_market_eod.py for tasks to queue
[2026-09-30T04:47:27.711+0000] {logging_mixin.py:188} INFO - [2026-09-30T04:47:27.710+0000] {dagbag.py:545} INFO - Filling up the DagBag from /opt/airflow/dags/dag_market_eod.py
[2026-09-30T04:47:27.934+0000] {processor.py:840} INFO - DAG(s) 'dag_market_eod' retrieved from /opt/airflow/dags/dag_market_eod.py
[2026-09-30T04:47:27.953+0000] {logging_mixin.py:188} INFO - [2026-09-30T04:47:27.952+0000] {dag.py:3089} INFO - Sync 1 DAGs
[2026-09-30T04:47:28.059+0000] {logging_mixin.py:188} INFO - [2026-09-30T04:47:28.059+0000] {dag.py:3947} INFO - Setting next_dagrun for dag_market_eod to 2026-09-29 22:00:00+00:00, run_after=2026-09-30 22:00:00+00:00
[2026-09-30T04:47:28.070+0000] {processor.py:183} INFO - Processing /opt/airflow/dags/dag_market_eod.py took 0.366 seconds
[2026-09-30T04:47:58.175+0000] {processor.py:161} INFO - Started process (PID=1092) to work on /opt/airflow/dags/dag_market_eod.py
[2026-09-30T04:47:58.175+0000] {processor.py:830} INFO - Processing file /opt/airflow/dags/dag_market_eod.py for tasks to queue
[2026-09-30T04:47:58.176+0000] {logging_mixin.py:188} INFO - [2026-09-30T04:47:58.176+0000] {dagbag.py:545} INFO - Filling up the DagBag from /opt/airflow/dags/dag_market_eod.py
[2026-09-30T04:47:58.412+0000] {processor.py:840} INFO - DAG(s) 'dag_market_eod' retrieved from /opt/airflow/dags/dag_market_eod.py
[2026-09-30T04:47:58.431+0000] {logging_mixin.py:188} INFO - [2026-09-30T04:47:58.431+0000] {dag.py:3089} INFO - Sync 1 DAGs
[2026-09-30T04:47:58.443+0000] {logging_mixin.py:188} INFO - [2026-09-30T04:47:58.443+0000] {dag.py:3947} INFO - Setting next_dagrun for dag_market_eod to 2026-09-29 22:00:00+00:00, run_after=2026-09-30 22:00:00+00:00
[2026-09-30T04:47:58.453+0000] {processor.py:183} INFO - Processing /opt/airflow/dags/dag_market_eod.py took 0.282 seconds
[2026-09-30T04:48:28.556+0000] {processor.py:161} INFO - Started process (PID=1098) to work on /opt/airflow/dags/dag_market_eod.py
[2026-09-30T04:48:28.558+0000] {processor.py:830} INFO - Processing file /opt/airflow/dags/dag_market_eod.py for tasks to queue
[2026-09-30T04:48:28.559+0000] {logging_mixin.py:188} INFO - [2026-09-30T04:48:28.559+0000] {dagbag.py:545} INFO - Filling up the DagBag from /opt/airflow/dags/dag_market_eod.py
[2026-09-30T04:48:28.788+0000] {processor.py:840} INFO - DAG(s) 'dag_market_eod' retrieved from /opt/airflow/dags/dag_market_eod.py
[2026-09-30T04:48:28.812+0000] {logging_mixin.py:188} INFO - [2026-09-30T04:48:28.812+0000] {dag.py:3089} INFO - Sync 1 DAGs
[2026-09-30T04:48:28.824+0000] {logging_mixin.py:188} INFO - [2026-09-30T04:48:28.824+0000] {dag.py:3947} INFO - Setting next_dagrun for dag_market_eod to 2026-09-29 22:00:00+00:00, run_after=2026-09-30 22:00:00+00:00
[2026-09-30T04:48:28.836+0000] {processor.py:183} INFO - Processing /opt/airflow/dags/dag_market_eod.py took 0.283 seconds
[2026-09-30T04:48:58.942+0000] {processor.py:161} INFO - Started process (PID=1104) to work on /opt/airflow/dags/dag_market_eod.py
[2026-09-30T04:48:58.943+0000] {processor.py:830} INFO - Processing file /opt/airflow/dags/dag_market_eod.py for tasks to queue
[2026-09-30T04:48:58.944+0000] {logging_mixin.py:188} INFO - [2026-09-30T04:48:58.943+0000] {dagbag.py:545} INFO - Filling up the DagBag from /opt/airflow/dags/dag_market_eod.py
[2026-09-30T04:48:59.163+0000] {processor.py:840} INFO - DAG(s) 'dag_market_eod' retrieved from /opt/airflow/dags/dag_market_eod.py
[2026-09-30T04:48:59.181+0000] {logging_mixin.py:188} INFO - [2026-09-30T04:48:59.181+0000] {dag.py:3089} INFO - Sync 1 DAGs
[2026-09-30T04:48:59.193+0000] {logging_mixin.py:188} INFO - [2026-09-30T04:48:59.193+0000] {dag.py:3947} INFO - Setting next_dagrun for dag_market_eod to 2026-09-29 22:00:00+00:00, run_after=2026-09-30 22:00:00+00:00
[2026-09-30T04:48:59.204+0000] {processor.py:183} INFO - Processing /opt/airflow/dags/dag_market_eod.py took 0.265 seconds
[2026-09-30T04:49:29.307+0000] {processor.py:161} INFO - Started process (PID=1110) to work on /opt/airflow/dags/dag_market_eod.py
[2026-09-30T04:49:29.309+0000] {processor.py:830} INFO - Processing file /opt/airflow/dags/dag_market_eod.py for tasks to queue
[2026-09-30T04:49:29.310+0000] {logging_mixin.py:188} INFO - [2026-09-30T04:49:29.310+0000] {dagbag.py:545} INFO - Filling up the DagBag from /opt/airflow/dags/dag_market_eod.py
[2026-09-30T04:49:29.631+0000] {processor.py:840} INFO - DAG(s) 'dag_market_eod' retrieved from /opt/airflow/dags/dag_market_eod.py
[2026-09-30T04:49:29.647+0000] {logging_mixin.py:188} INFO - [2026-09-30T04:49:29.646+0000] {dag.py:3089} INFO - Sync 1 DAGs
[2026-09-30T04:49:29.658+0000] {logging_mixin.py:188} INFO - [2026-09-30T04:49:29.658+0000] {dag.py:3947} INFO - Setting next_dagrun for dag_market_eod to 2026-09-29 22:00:00+00:00, run_after=2026-09-30 22:00:00+00:00
[2026-09-30T04:49:29.667+0000] {processor.py:183} INFO - Processing /opt/airflow/dags/dag_market_eod.py took 0.364 seconds
[2026-09-30T04:49:59.777+0000] {processor.py:161} INFO - Started process (PID=1116) to work on /opt/airflow/dags/dag_market_eod.py
[2026-09-30T04:49:59.777+0000] {processor.py:830} INFO - Processing file /opt/airflow/dags/dag_market_eod.py for tasks to queue
[2026-09-30T04:49:59.778+0000] {logging_mixin.py:188} INFO - [2026-09-30T04:49:59.778+0000] {dagbag.py:545} INFO - Filling up the DagBag from /opt/airflow/dags/dag_market_eod.py
[2026-09-30T04:50:00.005+0000] {processor.py:840} INFO - DAG(s) 'dag_market_eod' retrieved from /opt/airflow/dags/dag_market_eod.py
[2026-09-30T04:50:00.020+0000] {logging_mixin.py:188} INFO - [2026-09-30T04:50:00.019+0000] {dag.py:3089} INFO - Sync 1 DAGs
[2026-09-30T04:50:00.032+0000] {logging_mixin.py:188} INFO - [2026-09-30T04:50:00.032+0000] {dag.py:3947} INFO - Setting next_dagrun for dag_market_eod to 2026-09-29 22:00:00+00:00, run_after=2026-09-30 22:00:00+00:00
[2026-09-30T04:50:00.134+0000] {processor.py:183} INFO - Processing /opt/airflow/dags/dag_market_eod.py took 0.361 seconds
[2026-09-30T04:50:30.242+0000] {processor.py:161} INFO - Started process (PID=1122) to work on /opt/airflow/dags/dag_market_eod.py
[2026-09-30T04:50:30.243+0000] {processor.py:830} INFO - Processing file /opt/airflow/dags/dag_market_eod.py for tasks to queue
[2026-09-30T04:50:30.244+0000] {logging_mixin.py:188} INFO - [2026-09-30T04:50:30.244+0000] {dagbag.py:545} INFO - Filling up the DagBag from /opt/airflow/dags/dag_market_eod.py
[2026-09-30T04:50:30.482+0000] {processor.py:840} INFO - DAG(s) 'dag_market_eod' retrieved from /opt/airflow/dags/dag_market_eod.py
[2026-09-30T04:50:30.497+0000] {logging_mixin.py:188} INFO - [2026-09-30T04:50:30.496+0000] {dag.py:3089} INFO - Sync 1 DAGs
[2026-09-30T04:50:30.600+0000] {logging_mixin.py:188} INFO - [2026-09-30T04:50:30.600+0000] {dag.py:3947} INFO - Setting next_dagrun for dag_market_eod to 2026-09-29 22:00:00+00:00, run_after=2026-09-30 22:00:00+00:00
[2026-09-30T04:50:30.612+0000] {processor.py:183} INFO - Processing /opt/airflow/dags/dag_market_eod.py took 0.374 seconds
[2026-09-30T04:51:00.724+0000] {processor.py:161} INFO - Started process (PID=1128) to work on /opt/airflow/dags/dag_market_eod.py
[2026-09-30T04:51:00.724+0000] {processor.py:830} INFO - Processing file /opt/airflow/dags/dag_market_eod.py for tasks to queue
[2026-09-30T04:51:00.725+0000] {logging_mixin.py:188} INFO - [2026-09-30T04:51:00.725+0000] {dagbag.py:545} INFO - Filling up the DagBag from /opt/airflow/dags/dag_market_eod.py
[2026-09-30T04:51:00.945+0000] {processor.py:840} INFO - DAG(s) 'dag_market_eod' retrieved from /opt/airflow/dags/dag_market_eod.py
[2026-09-30T04:51:00.963+0000] {logging_mixin.py:188} INFO - [2026-09-30T04:51:00.963+0000] {dag.py:3089} INFO - Sync 1 DAGs
[2026-09-30T04:51:00.975+0000] {logging_mixin.py:188} INFO - [2026-09-30T04:51:00.974+0000] {dag.py:3947} INFO - Setting next_dagrun for dag_market_eod to 2026-09-29 22:00:00+00:00, run_after=2026-09-30 22:00:00+00:00
[2026-09-30T04:51:00.985+0000] {processor.py:183} INFO - Processing /opt/airflow/dags/dag_market_eod.py took 0.264 seconds
[2026-09-30T04:51:31.092+0000] {processor.py:161} INFO - Started process (PID=1134) to work on /opt/airflow/dags/dag_market_eod.py
[2026-09-30T04:51:31.094+0000] {processor.py:830} INFO - Processing file /opt/airflow/dags/dag_market_eod.py for tasks to queue
[2026-09-30T04:51:31.096+0000] {logging_mixin.py:188} INFO - [2026-09-30T04:51:31.095+0000] {dagbag.py:545} INFO - Filling up the DagBag from /opt/airflow/dags/dag_market_eod.py
[2026-09-30T04:51:31.323+0000] {processor.py:840} INFO - DAG(s) 'dag_market_eod' retrieved from /opt/airflow/dags/dag_market_eod.py
[2026-09-30T04:51:31.346+0000] {logging_mixin.py:188} INFO - [2026-09-30T04:51:31.346+0000] {dag.py:3089} INFO - Sync 1 DAGs
[2026-09-30T04:51:31.358+0000] {logging_mixin.py:188} INFO - [2026-09-30T04:51:31.358+0000] {dag.py:3947} INFO - Setting next_dagrun for dag_market_eod to 2026-09-29 22:00:00+00:00, run_after=2026-09-30 22:00:00+00:00
[2026-09-30T04:51:31.369+0000] {processor.py:183} INFO - Processing /opt/airflow/dags/dag_market_eod.py took 0.281 seconds
[2026-09-30T04:52:01.473+0000] {processor.py:161} INFO - Started process (PID=1140) to work on /opt/airflow/dags/dag_market_eod.py
[2026-09-30T04:52:01.473+0000] {processor.py:830} INFO - Processing file /opt/airflow/dags/dag_market_eod.py for tasks to queue
[2026-09-30T04:52:01.475+0000] {logging_mixin.py:188} INFO - [2026-09-30T04:52:01.474+0000] {dagbag.py:545} INFO - Filling up the DagBag from /opt/airflow/dags/dag_market_eod.py
[2026-09-30T04:52:01.702+0000] {processor.py:840} INFO - DAG(s) 'dag_market_eod' retrieved from /opt/airflow/dags/dag_market_eod.py
[2026-09-30T04:52:01.717+0000] {logging_mixin.py:188} INFO - [2026-09-30T04:52:01.717+0000] {dag.py:3089} INFO - Sync 1 DAGs
[2026-09-30T04:52:01.729+0000] {logging_mixin.py:188} INFO - [2026-09-30T04:52:01.729+0000] {dag.py:3947} INFO - Setting next_dagrun for dag_market_eod to 2026-09-29 22:00:00+00:00, run_after=2026-09-30 22:00:00+00:00
[2026-09-30T04:52:01.739+0000] {processor.py:183} INFO - Processing /opt/airflow/dags/dag_market_eod.py took 0.271 seconds
[2026-09-30T04:52:31.851+0000] {processor.py:161} INFO - Started process (PID=1146) to work on /opt/airflow/dags/dag_market_eod.py
[2026-09-30T04:52:31.853+0000] {processor.py:830} INFO - Processing file /opt/airflow/dags/dag_market_eod.py for tasks to queue
[2026-09-30T04:52:31.854+0000] {logging_mixin.py:188} INFO - [2026-09-30T04:52:31.854+0000] {dagbag.py:545} INFO - Filling up the DagBag from /opt/airflow/dags/dag_market_eod.py
[2026-09-30T04:52:32.181+0000] {processor.py:840} INFO - DAG(s) 'dag_market_eod' retrieved from /opt/airflow/dags/dag_market_eod.py
[2026-09-30T04:52:32.196+0000] {logging_mixin.py:188} INFO - [2026-09-30T04:52:32.196+0000] {dag.py:3089} INFO - Sync 1 DAGs
[2026-09-30T04:52:32.208+0000] {logging_mixin.py:188} INFO - [2026-09-30T04:52:32.208+0000] {dag.py:3947} INFO - Setting next_dagrun for dag_market_eod to 2026-09-29 22:00:00+00:00, run_after=2026-09-30 22:00:00+00:00
[2026-09-30T04:52:32.219+0000] {processor.py:183} INFO - Processing /opt/airflow/dags/dag_market_eod.py took 0.374 seconds
[2026-09-30T04:53:02.328+0000] {processor.py:161} INFO - Started process (PID=1152) to work on /opt/airflow/dags/dag_market_eod.py
[2026-09-30T04:53:02.329+0000] {processor.py:830} INFO - Processing file /opt/airflow/dags/dag_market_eod.py for tasks to queue
[2026-09-30T04:53:02.329+0000] {logging_mixin.py:188} INFO - [2026-09-30T04:53:02.329+0000] {dagbag.py:545} INFO - Filling up the DagBag from /opt/airflow/dags/dag_market_eod.py
[2026-09-30T04:53:02.645+0000] {processor.py:840} INFO - DAG(s) 'dag_market_eod' retrieved from /opt/airflow/dags/dag_market_eod.py
[2026-09-30T04:53:02.659+0000] {logging_mixin.py:188} INFO - [2026-09-30T04:53:02.659+0000] {dag.py:3089} INFO - Sync 1 DAGs
[2026-09-30T04:53:02.671+0000] {logging_mixin.py:188} INFO - [2026-09-30T04:53:02.671+0000] {dag.py:3947} INFO - Setting next_dagrun for dag_market_eod to 2026-09-29 22:00:00+00:00, run_after=2026-09-30 22:00:00+00:00
[2026-09-30T04:53:02.680+0000] {processor.py:183} INFO - Processing /opt/airflow/dags/dag_market_eod.py took 0.356 seconds
[2026-09-30T04:53:32.779+0000] {processor.py:161} INFO - Started process (PID=1158) to work on /opt/airflow/dags/dag_market_eod.py
[2026-09-30T04:53:32.780+0000] {processor.py:830} INFO - Processing file /opt/airflow/dags/dag_market_eod.py for tasks to queue
[2026-09-30T04:53:32.782+0000] {logging_mixin.py:188} INFO - [2026-09-30T04:53:32.782+0000] {dagbag.py:545} INFO - Filling up the DagBag from /opt/airflow/dags/dag_market_eod.py
[2026-09-30T04:53:33.002+0000] {processor.py:840} INFO - DAG(s) 'dag_market_eod' retrieved from /opt/airflow/dags/dag_market_eod.py
[2026-09-30T04:53:33.017+0000] {logging_mixin.py:188} INFO - [2026-09-30T04:53:33.017+0000] {dag.py:3089} INFO - Sync 1 DAGs
[2026-09-30T04:53:33.120+0000] {logging_mixin.py:188} INFO - [2026-09-30T04:53:33.120+0000] {dag.py:3947} INFO - Setting next_dagrun for dag_market_eod to 2026-09-29 22:00:00+00:00, run_after=2026-09-30 22:00:00+00:00
[2026-09-30T04:53:33.133+0000] {processor.py:183} INFO - Processing /opt/airflow/dags/dag_market_eod.py took 0.358 seconds
[2026-09-30T04:54:03.249+0000] {processor.py:161} INFO - Started process (PID=1164) to work on /opt/airflow/dags/dag_market_eod.py
[2026-09-30T04:54:03.249+0000] {processor.py:830} INFO - Processing file /opt/airflow/dags/dag_market_eod.py for tasks to queue
[2026-09-30T04:54:03.250+0000] {logging_mixin.py:188} INFO - [2026-09-30T04:54:03.250+0000] {dagbag.py:545} INFO - Filling up the DagBag from /opt/airflow/dags/dag_market_eod.py
[2026-09-30T04:54:03.469+0000] {processor.py:840} INFO - DAG(s) 'dag_market_eod' retrieved from /opt/airflow/dags/dag_market_eod.py
[2026-09-30T04:54:03.486+0000] {logging_mixin.py:188} INFO - [2026-09-30T04:54:03.486+0000] {dag.py:3089} INFO - Sync 1 DAGs
[2026-09-30T04:54:03.588+0000] {logging_mixin.py:188} INFO - [2026-09-30T04:54:03.588+0000] {dag.py:3947} INFO - Setting next_dagrun for dag_market_eod to 2026-09-29 22:00:00+00:00, run_after=2026-09-30 22:00:00+00:00
[2026-09-30T04:54:03.599+0000] {processor.py:183} INFO - Processing /opt/airflow/dags/dag_market_eod.py took 0.354 seconds
[2026-09-30T04:54:33.712+0000] {processor.py:161} INFO - Started process (PID=1170) to work on /opt/airflow/dags/dag_market_eod.py
[2026-09-30T04:54:33.714+0000] {processor.py:830} INFO - Processing file /opt/airflow/dags/dag_market_eod.py for tasks to queue
[2026-09-30T04:54:33.715+0000] {logging_mixin.py:188} INFO - [2026-09-30T04:54:33.715+0000] {dagbag.py:545} INFO - Filling up the DagBag from /opt/airflow/dags/dag_market_eod.py
[2026-09-30T04:54:33.938+0000] {processor.py:840} INFO - DAG(s) 'dag_market_eod' retrieved from /opt/airflow/dags/dag_market_eod.py
[2026-09-30T04:54:33.957+0000] {logging_mixin.py:188} INFO - [2026-09-30T04:54:33.957+0000] {dag.py:3089} INFO - Sync 1 DAGs
[2026-09-30T04:54:33.969+0000] {logging_mixin.py:188} INFO - [2026-09-30T04:54:33.969+0000] {dag.py:3947} INFO - Setting next_dagrun for dag_market_eod to 2026-09-29 22:00:00+00:00, run_after=2026-09-30 22:00:00+00:00
[2026-09-30T04:54:33.980+0000] {processor.py:183} INFO - Processing /opt/airflow/dags/dag_market_eod.py took 0.272 seconds
[2026-09-30T04:55:04.082+0000] {processor.py:161} INFO - Started process (PID=1176) to work on /opt/airflow/dags/dag_market_eod.py
[2026-09-30T04:55:04.083+0000] {processor.py:830} INFO - Processing file /opt/airflow/dags/dag_market_eod.py for tasks to queue
[2026-09-30T04:55:04.084+0000] {logging_mixin.py:188} INFO - [2026-09-30T04:55:04.083+0000] {dagbag.py:545} INFO - Filling up the DagBag from /opt/airflow/dags/dag_market_eod.py
[2026-09-30T04:55:04.311+0000] {processor.py:840} INFO - DAG(s) 'dag_market_eod' retrieved from /opt/airflow/dags/dag_market_eod.py
[2026-09-30T04:55:04.326+0000] {logging_mixin.py:188} INFO - [2026-09-30T04:55:04.326+0000] {dag.py:3089} INFO - Sync 1 DAGs
[2026-09-30T04:55:04.338+0000] {logging_mixin.py:188} INFO - [2026-09-30T04:55:04.338+0000] {dag.py:3947} INFO - Setting next_dagrun for dag_market_eod to 2026-09-29 22:00:00+00:00, run_after=2026-09-30 22:00:00+00:00
[2026-09-30T04:55:04.348+0000] {processor.py:183} INFO - Processing /opt/airflow/dags/dag_market_eod.py took 0.270 seconds
[2026-09-30T04:55:34.456+0000] {processor.py:161} INFO - Started process (PID=1182) to work on /opt/airflow/dags/dag_market_eod.py
[2026-09-30T04:55:34.457+0000] {processor.py:830} INFO - Processing file /opt/airflow/dags/dag_market_eod.py for tasks to queue
[2026-09-30T04:55:34.458+0000] {logging_mixin.py:188} INFO - [2026-09-30T04:55:34.458+0000] {dagbag.py:545} INFO - Filling up the DagBag from /opt/airflow/dags/dag_market_eod.py
[2026-09-30T04:55:34.766+0000] {processor.py:840} INFO - DAG(s) 'dag_market_eod' retrieved from /opt/airflow/dags/dag_market_eod.py
[2026-09-30T04:55:34.780+0000] {logging_mixin.py:188} INFO - [2026-09-30T04:55:34.780+0000] {dag.py:3089} INFO - Sync 1 DAGs
[2026-09-30T04:55:34.791+0000] {logging_mixin.py:188} INFO - [2026-09-30T04:55:34.791+0000] {dag.py:3947} INFO - Setting next_dagrun for dag_market_eod to 2026-09-29 22:00:00+00:00, run_after=2026-09-30 22:00:00+00:00
[2026-09-30T04:55:34.802+0000] {processor.py:183} INFO - Processing /opt/airflow/dags/dag_market_eod.py took 0.349 seconds
[2026-09-30T04:56:04.921+0000] {processor.py:161} INFO - Started process (PID=1188) to work on /opt/airflow/dags/dag_market_eod.py
[2026-09-30T04:56:04.921+0000] {processor.py:830} INFO - Processing file /opt/airflow/dags/dag_market_eod.py for tasks to queue
[2026-09-30T04:56:04.922+0000] {logging_mixin.py:188} INFO - [2026-09-30T04:56:04.922+0000] {dagbag.py:545} INFO - Filling up the DagBag from /opt/airflow/dags/dag_market_eod.py
[2026-09-30T04:56:05.235+0000] {processor.py:840} INFO - DAG(s) 'dag_market_eod' retrieved from /opt/airflow/dags/dag_market_eod.py
[2026-09-30T04:56:05.250+0000] {logging_mixin.py:188} INFO - [2026-09-30T04:56:05.250+0000] {dag.py:3089} INFO - Sync 1 DAGs
[2026-09-30T04:56:05.262+0000] {logging_mixin.py:188} INFO - [2026-09-30T04:56:05.262+0000] {dag.py:3947} INFO - Setting next_dagrun for dag_market_eod to 2026-09-29 22:00:00+00:00, run_after=2026-09-30 22:00:00+00:00
[2026-09-30T04:56:05.273+0000] {processor.py:183} INFO - Processing /opt/airflow/dags/dag_market_eod.py took 0.357 seconds
[2026-09-30T04:56:35.378+0000] {processor.py:161} INFO - Started process (PID=1194) to work on /opt/airflow/dags/dag_market_eod.py
[2026-09-30T04:56:35.379+0000] {processor.py:830} INFO - Processing file /opt/airflow/dags/dag_market_eod.py for tasks to queue
[2026-09-30T04:56:35.380+0000] {logging_mixin.py:188} INFO - [2026-09-30T04:56:35.380+0000] {dagbag.py:545} INFO - Filling up the DagBag from /opt/airflow/dags/dag_market_eod.py
[2026-09-30T04:56:35.609+0000] {processor.py:840} INFO - DAG(s) 'dag_market_eod' retrieved from /opt/airflow/dags/dag_market_eod.py
[2026-09-30T04:56:35.633+0000] {logging_mixin.py:188} INFO - [2026-09-30T04:56:35.632+0000] {dag.py:3089} INFO - Sync 1 DAGs
[2026-09-30T04:56:35.737+0000] {logging_mixin.py:188} INFO - [2026-09-30T04:56:35.737+0000] {dag.py:3947} INFO - Setting next_dagrun for dag_market_eod to 2026-09-29 22:00:00+00:00, run_after=2026-09-30 22:00:00+00:00
[2026-09-30T04:56:35.748+0000] {processor.py:183} INFO - Processing /opt/airflow/dags/dag_market_eod.py took 0.373 seconds
[2026-09-30T04:57:05.844+0000] {processor.py:161} INFO - Started process (PID=1200) to work on /opt/airflow/dags/dag_market_eod.py
[2026-09-30T04:57:05.844+0000] {processor.py:830} INFO - Processing file /opt/airflow/dags/dag_market_eod.py for tasks to queue
[2026-09-30T04:57:05.845+0000] {logging_mixin.py:188} INFO - [2026-09-30T04:57:05.845+0000] {dagbag.py:545} INFO - Filling up the DagBag from /opt/airflow/dags/dag_market_eod.py
[2026-09-30T04:57:06.072+0000] {processor.py:840} INFO - DAG(s) 'dag_market_eod' retrieved from /opt/airflow/dags/dag_market_eod.py
[2026-09-30T04:57:06.089+0000] {logging_mixin.py:188} INFO - [2026-09-30T04:57:06.089+0000] {dag.py:3089} INFO - Sync 1 DAGs
[2026-09-30T04:57:06.195+0000] {logging_mixin.py:188} INFO - [2026-09-30T04:57:06.195+0000] {dag.py:3947} INFO - Setting next_dagrun for dag_market_eod to 2026-09-29 22:00:00+00:00, run_after=2026-09-30 22:00:00+00:00
[2026-09-30T04:57:06.206+0000] {processor.py:183} INFO - Processing /opt/airflow/dags/dag_market_eod.py took 0.367 seconds
[2026-09-30T04:57:36.312+0000] {processor.py:161} INFO - Started process (PID=1206) to work on /opt/airflow/dags/dag_market_eod.py
[2026-09-30T04:57:36.314+0000] {processor.py:830} INFO - Processing file /opt/airflow/dags/dag_market_eod.py for tasks to queue
[2026-09-30T04:57:36.315+0000] {logging_mixin.py:188} INFO - [2026-09-30T04:57:36.315+0000] {dagbag.py:545} INFO - Filling up the DagBag from /opt/airflow/dags/dag_market_eod.py
[2026-09-30T04:57:36.552+0000] {processor.py:840} INFO - DAG(s) 'dag_market_eod' retrieved from /opt/airflow/dags/dag_market_eod.py
[2026-09-30T04:57:36.573+0000] {logging_mixin.py:188} INFO - [2026-09-30T04:57:36.573+0000] {dag.py:3089} INFO - Sync 1 DAGs
[2026-09-30T04:57:36.585+0000] {logging_mixin.py:188} INFO - [2026-09-30T04:57:36.585+0000] {dag.py:3947} INFO - Setting next_dagrun for dag_market_eod to 2026-09-29 22:00:00+00:00, run_after=2026-09-30 22:00:00+00:00
[2026-09-30T04:57:36.596+0000] {processor.py:183} INFO - Processing /opt/airflow/dags/dag_market_eod.py took 0.289 seconds
[2026-09-30T04:58:06.686+0000] {processor.py:161} INFO - Started process (PID=1212) to work on /opt/airflow/dags/dag_market_eod.py
[2026-09-30T04:58:06.686+0000] {processor.py:830} INFO - Processing file /opt/airflow/dags/dag_market_eod.py for tasks to queue
[2026-09-30T04:58:06.687+0000] {logging_mixin.py:188} INFO - [2026-09-30T04:58:06.687+0000] {dagbag.py:545} INFO - Filling up the DagBag from /opt/airflow/dags/dag_market_eod.py
[2026-09-30T04:58:07.017+0000] {processor.py:840} INFO - DAG(s) 'dag_market_eod' retrieved from /opt/airflow/dags/dag_market_eod.py
[2026-09-30T04:58:07.038+0000] {logging_mixin.py:188} INFO - [2026-09-30T04:58:07.038+0000] {dag.py:3089} INFO - Sync 1 DAGs
[2026-09-30T04:58:07.050+0000] {logging_mixin.py:188} INFO - [2026-09-30T04:58:07.050+0000] {dag.py:3947} INFO - Setting next_dagrun for dag_market_eod to 2026-09-29 22:00:00+00:00, run_after=2026-09-30 22:00:00+00:00
[2026-09-30T04:58:07.059+0000] {processor.py:183} INFO - Processing /opt/airflow/dags/dag_market_eod.py took 0.377 seconds
[2026-09-30T04:58:37.157+0000] {processor.py:161} INFO - Started process (PID=1218) to work on /opt/airflow/dags/dag_market_eod.py
[2026-09-30T04:58:37.158+0000] {processor.py:830} INFO - Processing file /opt/airflow/dags/dag_market_eod.py for tasks to queue
[2026-09-30T04:58:37.158+0000] {logging_mixin.py:188} INFO - [2026-09-30T04:58:37.158+0000] {dagbag.py:545} INFO - Filling up the DagBag from /opt/airflow/dags/dag_market_eod.py
[2026-09-30T04:58:37.486+0000] {processor.py:840} INFO - DAG(s) 'dag_market_eod' retrieved from /opt/airflow/dags/dag_market_eod.py
[2026-09-30T04:58:37.499+0000] {logging_mixin.py:188} INFO - [2026-09-30T04:58:37.499+0000] {dag.py:3089} INFO - Sync 1 DAGs
[2026-09-30T04:58:37.510+0000] {logging_mixin.py:188} INFO - [2026-09-30T04:58:37.510+0000] {dag.py:3947} INFO - Setting next_dagrun for dag_market_eod to 2026-09-29 22:00:00+00:00, run_after=2026-09-30 22:00:00+00:00
[2026-09-30T04:58:37.524+0000] {processor.py:183} INFO - Processing /opt/airflow/dags/dag_market_eod.py took 0.371 seconds
[2026-09-30T04:59:07.628+0000] {processor.py:161} INFO - Started process (PID=1224) to work on /opt/airflow/dags/dag_market_eod.py
[2026-09-30T04:59:07.628+0000] {processor.py:830} INFO - Processing file /opt/airflow/dags/dag_market_eod.py for tasks to queue
[2026-09-30T04:59:07.629+0000] {logging_mixin.py:188} INFO - [2026-09-30T04:59:07.629+0000] {dagbag.py:545} INFO - Filling up the DagBag from /opt/airflow/dags/dag_market_eod.py
[2026-09-30T04:59:07.870+0000] {processor.py:840} INFO - DAG(s) 'dag_market_eod' retrieved from /opt/airflow/dags/dag_market_eod.py
[2026-09-30T04:59:07.889+0000] {logging_mixin.py:188} INFO - [2026-09-30T04:59:07.889+0000] {dag.py:3089} INFO - Sync 1 DAGs
[2026-09-30T04:59:08.011+0000] {logging_mixin.py:188} INFO - [2026-09-30T04:59:08.010+0000] {dag.py:3947} INFO - Setting next_dagrun for dag_market_eod to 2026-09-29 22:00:00+00:00, run_after=2026-09-30 22:00:00+00:00
[2026-09-30T04:59:08.022+0000] {processor.py:183} INFO - Processing /opt/airflow/dags/dag_market_eod.py took 0.397 seconds
[2026-09-30T04:59:38.122+0000] {processor.py:161} INFO - Started process (PID=1230) to work on /opt/airflow/dags/dag_market_eod.py
[2026-09-30T04:59:38.124+0000] {processor.py:830} INFO - Processing file /opt/airflow/dags/dag_market_eod.py for tasks to queue
[2026-09-30T04:59:38.126+0000] {logging_mixin.py:188} INFO - [2026-09-30T04:59:38.125+0000] {dagbag.py:545} INFO - Filling up the DagBag from /opt/airflow/dags/dag_market_eod.py
[2026-09-30T04:59:38.356+0000] {processor.py:840} INFO - DAG(s) 'dag_market_eod' retrieved from /opt/airflow/dags/dag_market_eod.py
[2026-09-30T04:59:38.374+0000] {logging_mixin.py:188} INFO - [2026-09-30T04:59:38.373+0000] {dag.py:3089} INFO - Sync 1 DAGs
[2026-09-30T04:59:38.479+0000] {logging_mixin.py:188} INFO - [2026-09-30T04:59:38.478+0000] {dag.py:3947} INFO - Setting next_dagrun for dag_market_eod to 2026-09-29 22:00:00+00:00, run_after=2026-09-30 22:00:00+00:00
[2026-09-30T04:59:38.490+0000] {processor.py:183} INFO - Processing /opt/airflow/dags/dag_market_eod.py took 0.372 seconds
[2026-09-30T05:00:08.594+0000] {processor.py:161} INFO - Started process (PID=1236) to work on /opt/airflow/dags/dag_market_eod.py
[2026-09-30T05:00:08.595+0000] {processor.py:830} INFO - Processing file /opt/airflow/dags/dag_market_eod.py for tasks to queue
[2026-09-30T05:00:08.596+0000] {logging_mixin.py:188} INFO - [2026-09-30T05:00:08.596+0000] {dagbag.py:545} INFO - Filling up the DagBag from /opt/airflow/dags/dag_market_eod.py
[2026-09-30T05:00:08.828+0000] {processor.py:840} INFO - DAG(s) 'dag_market_eod' retrieved from /opt/airflow/dags/dag_market_eod.py
[2026-09-30T05:00:08.845+0000] {logging_mixin.py:188} INFO - [2026-09-30T05:00:08.844+0000] {dag.py:3089} INFO - Sync 1 DAGs
[2026-09-30T05:00:08.857+0000] {logging_mixin.py:188} INFO - [2026-09-30T05:00:08.857+0000] {dag.py:3947} INFO - Setting next_dagrun for dag_market_eod to 2026-09-29 22:00:00+00:00, run_after=2026-09-30 22:00:00+00:00
[2026-09-30T05:00:08.867+0000] {processor.py:183} INFO - Processing /opt/airflow/dags/dag_market_eod.py took 0.279 seconds
[2026-09-30T05:00:38.953+0000] {processor.py:161} INFO - Started process (PID=1242) to work on /opt/airflow/dags/dag_market_eod.py
[2026-09-30T05:00:38.954+0000] {processor.py:830} INFO - Processing file /opt/airflow/dags/dag_market_eod.py for tasks to queue
[2026-09-30T05:00:38.955+0000] {logging_mixin.py:188} INFO - [2026-09-30T05:00:38.955+0000] {dagbag.py:545} INFO - Filling up the DagBag from /opt/airflow/dags/dag_market_eod.py
[2026-09-30T05:00:39.186+0000] {processor.py:840} INFO - DAG(s) 'dag_market_eod' retrieved from /opt/airflow/dags/dag_market_eod.py
[2026-09-30T05:00:39.202+0000] {logging_mixin.py:188} INFO - [2026-09-30T05:00:39.202+0000] {dag.py:3089} INFO - Sync 1 DAGs
[2026-09-30T05:00:39.214+0000] {logging_mixin.py:188} INFO - [2026-09-30T05:00:39.214+0000] {dag.py:3947} INFO - Setting next_dagrun for dag_market_eod to 2026-09-29 22:00:00+00:00, run_after=2026-09-30 22:00:00+00:00
[2026-09-30T05:00:39.224+0000] {processor.py:183} INFO - Processing /opt/airflow/dags/dag_market_eod.py took 0.275 seconds
[2026-09-30T05:01:09.320+0000] {processor.py:161} INFO - Started process (PID=1248) to work on /opt/airflow/dags/dag_market_eod.py
[2026-09-30T05:01:09.321+0000] {processor.py:830} INFO - Processing file /opt/airflow/dags/dag_market_eod.py for tasks to queue
[2026-09-30T05:01:09.322+0000] {logging_mixin.py:188} INFO - [2026-09-30T05:01:09.322+0000] {dagbag.py:545} INFO - Filling up the DagBag from /opt/airflow/dags/dag_market_eod.py
[2026-09-30T05:01:09.658+0000] {processor.py:840} INFO - DAG(s) 'dag_market_eod' retrieved from /opt/airflow/dags/dag_market_eod.py
[2026-09-30T05:01:09.678+0000] {logging_mixin.py:188} INFO - [2026-09-30T05:01:09.678+0000] {dag.py:3089} INFO - Sync 1 DAGs
[2026-09-30T05:01:09.689+0000] {logging_mixin.py:188} INFO - [2026-09-30T05:01:09.689+0000] {dag.py:3947} INFO - Setting next_dagrun for dag_market_eod to 2026-09-29 22:00:00+00:00, run_after=2026-09-30 22:00:00+00:00
[2026-09-30T05:01:09.699+0000] {processor.py:183} INFO - Processing /opt/airflow/dags/dag_market_eod.py took 0.383 seconds
[2026-09-30T05:01:39.799+0000] {processor.py:161} INFO - Started process (PID=1254) to work on /opt/airflow/dags/dag_market_eod.py
[2026-09-30T05:01:39.801+0000] {processor.py:830} INFO - Processing file /opt/airflow/dags/dag_market_eod.py for tasks to queue
[2026-09-30T05:01:39.803+0000] {logging_mixin.py:188} INFO - [2026-09-30T05:01:39.802+0000] {dagbag.py:545} INFO - Filling up the DagBag from /opt/airflow/dags/dag_market_eod.py
[2026-09-30T05:01:40.139+0000] {processor.py:840} INFO - DAG(s) 'dag_market_eod' retrieved from /opt/airflow/dags/dag_market_eod.py
[2026-09-30T05:01:40.153+0000] {logging_mixin.py:188} INFO - [2026-09-30T05:01:40.153+0000] {dag.py:3089} INFO - Sync 1 DAGs
[2026-09-30T05:01:40.165+0000] {logging_mixin.py:188} INFO - [2026-09-30T05:01:40.165+0000] {dag.py:3947} INFO - Setting next_dagrun for dag_market_eod to 2026-09-29 22:00:00+00:00, run_after=2026-09-30 22:00:00+00:00
[2026-09-30T05:01:40.176+0000] {processor.py:183} INFO - Processing /opt/airflow/dags/dag_market_eod.py took 0.381 seconds
[2026-09-30T05:02:10.281+0000] {processor.py:161} INFO - Started process (PID=1260) to work on /opt/airflow/dags/dag_market_eod.py
[2026-09-30T05:02:10.281+0000] {processor.py:830} INFO - Processing file /opt/airflow/dags/dag_market_eod.py for tasks to queue
[2026-09-30T05:02:10.282+0000] {logging_mixin.py:188} INFO - [2026-09-30T05:02:10.282+0000] {dagbag.py:545} INFO - Filling up the DagBag from /opt/airflow/dags/dag_market_eod.py
[2026-09-30T05:02:10.520+0000] {processor.py:840} INFO - DAG(s) 'dag_market_eod' retrieved from /opt/airflow/dags/dag_market_eod.py
[2026-09-30T05:02:10.536+0000] {logging_mixin.py:188} INFO - [2026-09-30T05:02:10.535+0000] {dag.py:3089} INFO - Sync 1 DAGs
[2026-09-30T05:02:10.651+0000] {logging_mixin.py:188} INFO - [2026-09-30T05:02:10.651+0000] {dag.py:3947} INFO - Setting next_dagrun for dag_market_eod to 2026-09-29 22:00:00+00:00, run_after=2026-09-30 22:00:00+00:00
[2026-09-30T05:02:10.662+0000] {processor.py:183} INFO - Processing /opt/airflow/dags/dag_market_eod.py took 0.386 seconds
[2026-09-30T05:02:40.766+0000] {processor.py:161} INFO - Started process (PID=1266) to work on /opt/airflow/dags/dag_market_eod.py
[2026-09-30T05:02:40.768+0000] {processor.py:830} INFO - Processing file /opt/airflow/dags/dag_market_eod.py for tasks to queue
[2026-09-30T05:02:40.769+0000] {logging_mixin.py:188} INFO - [2026-09-30T05:02:40.769+0000] {dagbag.py:545} INFO - Filling up the DagBag from /opt/airflow/dags/dag_market_eod.py
[2026-09-30T05:02:41.013+0000] {processor.py:840} INFO - DAG(s) 'dag_market_eod' retrieved from /opt/airflow/dags/dag_market_eod.py
[2026-09-30T05:02:41.035+0000] {logging_mixin.py:188} INFO - [2026-09-30T05:02:41.034+0000] {dag.py:3089} INFO - Sync 1 DAGs
[2026-09-30T05:02:41.148+0000] {logging_mixin.py:188} INFO - [2026-09-30T05:02:41.148+0000] {dag.py:3947} INFO - Setting next_dagrun for dag_market_eod to 2026-09-29 22:00:00+00:00, run_after=2026-09-30 22:00:00+00:00
[2026-09-30T05:02:41.158+0000] {processor.py:183} INFO - Processing /opt/airflow/dags/dag_market_eod.py took 0.396 seconds
[2026-09-30T05:03:11.265+0000] {processor.py:161} INFO - Started process (PID=1272) to work on /opt/airflow/dags/dag_market_eod.py
[2026-09-30T05:03:11.266+0000] {processor.py:830} INFO - Processing file /opt/airflow/dags/dag_market_eod.py for tasks to queue
[2026-09-30T05:03:11.267+0000] {logging_mixin.py:188} INFO - [2026-09-30T05:03:11.267+0000] {dagbag.py:545} INFO - Filling up the DagBag from /opt/airflow/dags/dag_market_eod.py
[2026-09-30T05:03:11.502+0000] {processor.py:840} INFO - DAG(s) 'dag_market_eod' retrieved from /opt/airflow/dags/dag_market_eod.py
[2026-09-30T05:03:11.523+0000] {logging_mixin.py:188} INFO - [2026-09-30T05:03:11.523+0000] {dag.py:3089} INFO - Sync 1 DAGs
[2026-09-30T05:03:11.535+0000] {logging_mixin.py:188} INFO - [2026-09-30T05:03:11.535+0000] {dag.py:3947} INFO - Setting next_dagrun for dag_market_eod to 2026-09-29 22:00:00+00:00, run_after=2026-09-30 22:00:00+00:00
[2026-09-30T05:03:11.546+0000] {processor.py:183} INFO - Processing /opt/airflow/dags/dag_market_eod.py took 0.285 seconds
[2026-09-30T05:03:41.645+0000] {processor.py:161} INFO - Started process (PID=1278) to work on /opt/airflow/dags/dag_market_eod.py
[2026-09-30T05:03:41.647+0000] {processor.py:830} INFO - Processing file /opt/airflow/dags/dag_market_eod.py for tasks to queue
[2026-09-30T05:03:41.648+0000] {logging_mixin.py:188} INFO - [2026-09-30T05:03:41.648+0000] {dagbag.py:545} INFO - Filling up the DagBag from /opt/airflow/dags/dag_market_eod.py
[2026-09-30T05:03:41.887+0000] {processor.py:840} INFO - DAG(s) 'dag_market_eod' retrieved from /opt/airflow/dags/dag_market_eod.py
[2026-09-30T05:03:41.906+0000] {logging_mixin.py:188} INFO - [2026-09-30T05:03:41.906+0000] {dag.py:3089} INFO - Sync 1 DAGs
[2026-09-30T05:03:41.919+0000] {logging_mixin.py:188} INFO - [2026-09-30T05:03:41.919+0000] {dag.py:3947} INFO - Setting next_dagrun for dag_market_eod to 2026-09-29 22:00:00+00:00, run_after=2026-09-30 22:00:00+00:00
[2026-09-30T05:03:41.928+0000] {processor.py:183} INFO - Processing /opt/airflow/dags/dag_market_eod.py took 0.287 seconds
[2026-09-30T05:04:12.017+0000] {processor.py:161} INFO - Started process (PID=1284) to work on /opt/airflow/dags/dag_market_eod.py
[2026-09-30T05:04:12.018+0000] {processor.py:830} INFO - Processing file /opt/airflow/dags/dag_market_eod.py for tasks to queue
[2026-09-30T05:04:12.018+0000] {logging_mixin.py:188} INFO - [2026-09-30T05:04:12.018+0000] {dagbag.py:545} INFO - Filling up the DagBag from /opt/airflow/dags/dag_market_eod.py
[2026-09-30T05:04:12.344+0000] {processor.py:840} INFO - DAG(s) 'dag_market_eod' retrieved from /opt/airflow/dags/dag_market_eod.py
[2026-09-30T05:04:12.360+0000] {logging_mixin.py:188} INFO - [2026-09-30T05:04:12.359+0000] {dag.py:3089} INFO - Sync 1 DAGs
[2026-09-30T05:04:12.372+0000] {logging_mixin.py:188} INFO - [2026-09-30T05:04:12.372+0000] {dag.py:3947} INFO - Setting next_dagrun for dag_market_eod to 2026-09-29 22:00:00+00:00, run_after=2026-09-30 22:00:00+00:00
[2026-09-30T05:04:12.383+0000] {processor.py:183} INFO - Processing /opt/airflow/dags/dag_market_eod.py took 0.369 seconds
[2026-09-30T05:04:42.484+0000] {processor.py:161} INFO - Started process (PID=1290) to work on /opt/airflow/dags/dag_market_eod.py
[2026-09-30T05:04:42.486+0000] {processor.py:830} INFO - Processing file /opt/airflow/dags/dag_market_eod.py for tasks to queue
[2026-09-30T05:04:42.487+0000] {logging_mixin.py:188} INFO - [2026-09-30T05:04:42.487+0000] {dagbag.py:545} INFO - Filling up the DagBag from /opt/airflow/dags/dag_market_eod.py
[2026-09-30T05:04:42.812+0000] {processor.py:840} INFO - DAG(s) 'dag_market_eod' retrieved from /opt/airflow/dags/dag_market_eod.py
[2026-09-30T05:04:42.833+0000] {logging_mixin.py:188} INFO - [2026-09-30T05:04:42.832+0000] {dag.py:3089} INFO - Sync 1 DAGs
[2026-09-30T05:04:42.844+0000] {logging_mixin.py:188} INFO - [2026-09-30T05:04:42.844+0000] {dag.py:3947} INFO - Setting next_dagrun for dag_market_eod to 2026-09-29 22:00:00+00:00, run_after=2026-09-30 22:00:00+00:00
[2026-09-30T05:04:42.856+0000] {processor.py:183} INFO - Processing /opt/airflow/dags/dag_market_eod.py took 0.375 seconds
[2026-09-30T05:05:12.962+0000] {processor.py:161} INFO - Started process (PID=1296) to work on /opt/airflow/dags/dag_market_eod.py
[2026-09-30T05:05:12.962+0000] {processor.py:830} INFO - Processing file /opt/airflow/dags/dag_market_eod.py for tasks to queue
[2026-09-30T05:05:12.964+0000] {logging_mixin.py:188} INFO - [2026-09-30T05:05:12.963+0000] {dagbag.py:545} INFO - Filling up the DagBag from /opt/airflow/dags/dag_market_eod.py
[2026-09-30T05:05:13.195+0000] {processor.py:840} INFO - DAG(s) 'dag_market_eod' retrieved from /opt/airflow/dags/dag_market_eod.py
[2026-09-30T05:05:13.221+0000] {logging_mixin.py:188} INFO - [2026-09-30T05:05:13.220+0000] {dag.py:3089} INFO - Sync 1 DAGs
[2026-09-30T05:05:13.337+0000] {logging_mixin.py:188} INFO - [2026-09-30T05:05:13.337+0000] {dag.py:3947} INFO - Setting next_dagrun for dag_market_eod to 2026-09-29 22:00:00+00:00, run_after=2026-09-30 22:00:00+00:00
[2026-09-30T05:05:13.351+0000] {processor.py:183} INFO - Processing /opt/airflow/dags/dag_market_eod.py took 0.393 seconds
[2026-09-30T05:05:43.453+0000] {processor.py:161} INFO - Started process (PID=1302) to work on /opt/airflow/dags/dag_market_eod.py
[2026-09-30T05:05:43.455+0000] {processor.py:830} INFO - Processing file /opt/airflow/dags/dag_market_eod.py for tasks to queue
[2026-09-30T05:05:43.456+0000] {logging_mixin.py:188} INFO - [2026-09-30T05:05:43.456+0000] {dagbag.py:545} INFO - Filling up the DagBag from /opt/airflow/dags/dag_market_eod.py
[2026-09-30T05:05:43.685+0000] {processor.py:840} INFO - DAG(s) 'dag_market_eod' retrieved from /opt/airflow/dags/dag_market_eod.py
[2026-09-30T05:05:43.701+0000] {logging_mixin.py:188} INFO - [2026-09-30T05:05:43.701+0000] {dag.py:3089} INFO - Sync 1 DAGs
[2026-09-30T05:05:43.813+0000] {logging_mixin.py:188} INFO - [2026-09-30T05:05:43.813+0000] {dag.py:3947} INFO - Setting next_dagrun for dag_market_eod to 2026-09-29 22:00:00+00:00, run_after=2026-09-30 22:00:00+00:00
[2026-09-30T05:05:43.825+0000] {processor.py:183} INFO - Processing /opt/airflow/dags/dag_market_eod.py took 0.376 seconds
[2026-09-30T05:06:13.927+0000] {processor.py:161} INFO - Started process (PID=1308) to work on /opt/airflow/dags/dag_market_eod.py
[2026-09-30T05:06:13.927+0000] {processor.py:830} INFO - Processing file /opt/airflow/dags/dag_market_eod.py for tasks to queue
[2026-09-30T05:06:13.928+0000] {logging_mixin.py:188} INFO - [2026-09-30T05:06:13.928+0000] {dagbag.py:545} INFO - Filling up the DagBag from /opt/airflow/dags/dag_market_eod.py
[2026-09-30T05:06:14.163+0000] {processor.py:840} INFO - DAG(s) 'dag_market_eod' retrieved from /opt/airflow/dags/dag_market_eod.py
[2026-09-30T05:06:14.185+0000] {logging_mixin.py:188} INFO - [2026-09-30T05:06:14.185+0000] {dag.py:3089} INFO - Sync 1 DAGs
[2026-09-30T05:06:14.197+0000] {logging_mixin.py:188} INFO - [2026-09-30T05:06:14.197+0000] {dag.py:3947} INFO - Setting next_dagrun for dag_market_eod to 2026-09-29 22:00:00+00:00, run_after=2026-09-30 22:00:00+00:00
[2026-09-30T05:06:14.206+0000] {processor.py:183} INFO - Processing /opt/airflow/dags/dag_market_eod.py took 0.283 seconds
[2026-09-30T05:06:44.301+0000] {processor.py:161} INFO - Started process (PID=1314) to work on /opt/airflow/dags/dag_market_eod.py
[2026-09-30T05:06:44.303+0000] {processor.py:830} INFO - Processing file /opt/airflow/dags/dag_market_eod.py for tasks to queue
[2026-09-30T05:06:44.304+0000] {logging_mixin.py:188} INFO - [2026-09-30T05:06:44.304+0000] {dagbag.py:545} INFO - Filling up the DagBag from /opt/airflow/dags/dag_market_eod.py
[2026-09-30T05:06:44.542+0000] {processor.py:840} INFO - DAG(s) 'dag_market_eod' retrieved from /opt/airflow/dags/dag_market_eod.py
[2026-09-30T05:06:44.560+0000] {logging_mixin.py:188} INFO - [2026-09-30T05:06:44.560+0000] {dag.py:3089} INFO - Sync 1 DAGs
[2026-09-30T05:06:44.573+0000] {logging_mixin.py:188} INFO - [2026-09-30T05:06:44.572+0000] {dag.py:3947} INFO - Setting next_dagrun for dag_market_eod to 2026-09-29 22:00:00+00:00, run_after=2026-09-30 22:00:00+00:00
[2026-09-30T05:06:44.584+0000] {processor.py:183} INFO - Processing /opt/airflow/dags/dag_market_eod.py took 0.290 seconds
[2026-09-30T05:07:14.683+0000] {processor.py:161} INFO - Started process (PID=1320) to work on /opt/airflow/dags/dag_market_eod.py
[2026-09-30T05:07:14.683+0000] {processor.py:830} INFO - Processing file /opt/airflow/dags/dag_market_eod.py for tasks to queue
[2026-09-30T05:07:14.685+0000] {logging_mixin.py:188} INFO - [2026-09-30T05:07:14.685+0000] {dagbag.py:545} INFO - Filling up the DagBag from /opt/airflow/dags/dag_market_eod.py
[2026-09-30T05:07:15.022+0000] {processor.py:840} INFO - DAG(s) 'dag_market_eod' retrieved from /opt/airflow/dags/dag_market_eod.py
[2026-09-30T05:07:15.041+0000] {logging_mixin.py:188} INFO - [2026-09-30T05:07:15.041+0000] {dag.py:3089} INFO - Sync 1 DAGs
[2026-09-30T05:07:15.057+0000] {logging_mixin.py:188} INFO - [2026-09-30T05:07:15.057+0000] {dag.py:3947} INFO - Setting next_dagrun for dag_market_eod to 2026-09-29 22:00:00+00:00, run_after=2026-09-30 22:00:00+00:00
[2026-09-30T05:07:15.068+0000] {processor.py:183} INFO - Processing /opt/airflow/dags/dag_market_eod.py took 0.390 seconds
[2026-09-30T05:07:45.176+0000] {processor.py:161} INFO - Started process (PID=1326) to work on /opt/airflow/dags/dag_market_eod.py
[2026-09-30T05:07:45.178+0000] {processor.py:830} INFO - Processing file /opt/airflow/dags/dag_market_eod.py for tasks to queue
[2026-09-30T05:07:45.179+0000] {logging_mixin.py:188} INFO - [2026-09-30T05:07:45.178+0000] {dagbag.py:545} INFO - Filling up the DagBag from /opt/airflow/dags/dag_market_eod.py
[2026-09-30T05:07:45.515+0000] {processor.py:840} INFO - DAG(s) 'dag_market_eod' retrieved from /opt/airflow/dags/dag_market_eod.py
[2026-09-30T05:07:45.537+0000] {logging_mixin.py:188} INFO - [2026-09-30T05:07:45.537+0000] {dag.py:3089} INFO - Sync 1 DAGs
[2026-09-30T05:07:45.548+0000] {logging_mixin.py:188} INFO - [2026-09-30T05:07:45.548+0000] {dag.py:3947} INFO - Setting next_dagrun for dag_market_eod to 2026-09-29 22:00:00+00:00, run_after=2026-09-30 22:00:00+00:00
[2026-09-30T05:07:45.559+0000] {processor.py:183} INFO - Processing /opt/airflow/dags/dag_market_eod.py took 0.387 seconds
[2026-09-30T05:08:15.660+0000] {processor.py:161} INFO - Started process (PID=1332) to work on /opt/airflow/dags/dag_market_eod.py
[2026-09-30T05:08:15.660+0000] {processor.py:830} INFO - Processing file /opt/airflow/dags/dag_market_eod.py for tasks to queue
[2026-09-30T05:08:15.661+0000] {logging_mixin.py:188} INFO - [2026-09-30T05:08:15.661+0000] {dagbag.py:545} INFO - Filling up the DagBag from /opt/airflow/dags/dag_market_eod.py
[2026-09-30T05:08:15.895+0000] {processor.py:840} INFO - DAG(s) 'dag_market_eod' retrieved from /opt/airflow/dags/dag_market_eod.py
[2026-09-30T05:08:15.914+0000] {logging_mixin.py:188} INFO - [2026-09-30T05:08:15.913+0000] {dag.py:3089} INFO - Sync 1 DAGs
[2026-09-30T05:08:16.031+0000] {logging_mixin.py:188} INFO - [2026-09-30T05:08:16.030+0000] {dag.py:3947} INFO - Setting next_dagrun for dag_market_eod to 2026-09-29 22:00:00+00:00, run_after=2026-09-30 22:00:00+00:00
[2026-09-30T05:08:16.044+0000] {processor.py:183} INFO - Processing /opt/airflow/dags/dag_market_eod.py took 0.389 seconds
[2026-09-30T05:08:46.145+0000] {processor.py:161} INFO - Started process (PID=1338) to work on /opt/airflow/dags/dag_market_eod.py
[2026-09-30T05:08:46.148+0000] {processor.py:830} INFO - Processing file /opt/airflow/dags/dag_market_eod.py for tasks to queue
[2026-09-30T05:08:46.149+0000] {logging_mixin.py:188} INFO - [2026-09-30T05:08:46.148+0000] {dagbag.py:545} INFO - Filling up the DagBag from /opt/airflow/dags/dag_market_eod.py
[2026-09-30T05:08:46.384+0000] {processor.py:840} INFO - DAG(s) 'dag_market_eod' retrieved from /opt/airflow/dags/dag_market_eod.py
[2026-09-30T05:08:46.401+0000] {logging_mixin.py:188} INFO - [2026-09-30T05:08:46.401+0000] {dag.py:3089} INFO - Sync 1 DAGs
[2026-09-30T05:08:46.511+0000] {logging_mixin.py:188} INFO - [2026-09-30T05:08:46.510+0000] {dag.py:3947} INFO - Setting next_dagrun for dag_market_eod to 2026-09-29 22:00:00+00:00, run_after=2026-09-30 22:00:00+00:00
[2026-09-30T05:08:46.523+0000] {processor.py:183} INFO - Processing /opt/airflow/dags/dag_market_eod.py took 0.382 seconds
[2026-09-30T05:09:16.618+0000] {processor.py:161} INFO - Started process (PID=1344) to work on /opt/airflow/dags/dag_market_eod.py
[2026-09-30T05:09:16.619+0000] {processor.py:830} INFO - Processing file /opt/airflow/dags/dag_market_eod.py for tasks to queue
[2026-09-30T05:09:16.620+0000] {logging_mixin.py:188} INFO - [2026-09-30T05:09:16.620+0000] {dagbag.py:545} INFO - Filling up the DagBag from /opt/airflow/dags/dag_market_eod.py
[2026-09-30T05:09:16.848+0000] {processor.py:840} INFO - DAG(s) 'dag_market_eod' retrieved from /opt/airflow/dags/dag_market_eod.py
[2026-09-30T05:09:16.865+0000] {logging_mixin.py:188} INFO - [2026-09-30T05:09:16.864+0000] {dag.py:3089} INFO - Sync 1 DAGs
[2026-09-30T05:09:16.880+0000] {logging_mixin.py:188} INFO - [2026-09-30T05:09:16.880+0000] {dag.py:3947} INFO - Setting next_dagrun for dag_market_eod to 2026-09-29 22:00:00+00:00, run_after=2026-09-30 22:00:00+00:00
[2026-09-30T05:09:16.896+0000] {processor.py:183} INFO - Processing /opt/airflow/dags/dag_market_eod.py took 0.281 seconds
[2026-09-30T05:09:46.990+0000] {processor.py:161} INFO - Started process (PID=1350) to work on /opt/airflow/dags/dag_market_eod.py
[2026-09-30T05:09:46.991+0000] {processor.py:830} INFO - Processing file /opt/airflow/dags/dag_market_eod.py for tasks to queue
[2026-09-30T05:09:46.992+0000] {logging_mixin.py:188} INFO - [2026-09-30T05:09:46.992+0000] {dagbag.py:545} INFO - Filling up the DagBag from /opt/airflow/dags/dag_market_eod.py
[2026-09-30T05:09:47.222+0000] {processor.py:840} INFO - DAG(s) 'dag_market_eod' retrieved from /opt/airflow/dags/dag_market_eod.py
[2026-09-30T05:09:47.239+0000] {logging_mixin.py:188} INFO - [2026-09-30T05:09:47.239+0000] {dag.py:3089} INFO - Sync 1 DAGs
[2026-09-30T05:09:47.251+0000] {logging_mixin.py:188} INFO - [2026-09-30T05:09:47.251+0000] {dag.py:3947} INFO - Setting next_dagrun for dag_market_eod to 2026-09-29 22:00:00+00:00, run_after=2026-09-30 22:00:00+00:00
[2026-09-30T05:09:47.260+0000] {processor.py:183} INFO - Processing /opt/airflow/dags/dag_market_eod.py took 0.274 seconds
[2026-09-30T05:10:17.342+0000] {processor.py:161} INFO - Started process (PID=1356) to work on /opt/airflow/dags/dag_market_eod.py
[2026-09-30T05:10:17.343+0000] {processor.py:830} INFO - Processing file /opt/airflow/dags/dag_market_eod.py for tasks to queue
[2026-09-30T05:10:17.344+0000] {logging_mixin.py:188} INFO - [2026-09-30T05:10:17.344+0000] {dagbag.py:545} INFO - Filling up the DagBag from /opt/airflow/dags/dag_market_eod.py
[2026-09-30T05:10:17.673+0000] {processor.py:840} INFO - DAG(s) 'dag_market_eod' retrieved from /opt/airflow/dags/dag_market_eod.py
[2026-09-30T05:10:17.689+0000] {logging_mixin.py:188} INFO - [2026-09-30T05:10:17.688+0000] {dag.py:3089} INFO - Sync 1 DAGs
[2026-09-30T05:10:17.700+0000] {logging_mixin.py:188} INFO - [2026-09-30T05:10:17.699+0000] {dag.py:3947} INFO - Setting next_dagrun for dag_market_eod to 2026-09-29 22:00:00+00:00, run_after=2026-09-30 22:00:00+00:00
[2026-09-30T05:10:17.709+0000] {processor.py:183} INFO - Processing /opt/airflow/dags/dag_market_eod.py took 0.371 seconds
[2026-09-30T05:10:47.819+0000] {processor.py:161} INFO - Started process (PID=1362) to work on /opt/airflow/dags/dag_market_eod.py
[2026-09-30T05:10:47.821+0000] {processor.py:830} INFO - Processing file /opt/airflow/dags/dag_market_eod.py for tasks to queue
[2026-09-30T05:10:47.822+0000] {logging_mixin.py:188} INFO - [2026-09-30T05:10:47.822+0000] {dagbag.py:545} INFO - Filling up the DagBag from /opt/airflow/dags/dag_market_eod.py
[2026-09-30T05:10:48.147+0000] {processor.py:840} INFO - DAG(s) 'dag_market_eod' retrieved from /opt/airflow/dags/dag_market_eod.py
[2026-09-30T05:10:48.167+0000] {logging_mixin.py:188} INFO - [2026-09-30T05:10:48.166+0000] {dag.py:3089} INFO - Sync 1 DAGs
[2026-09-30T05:10:48.178+0000] {logging_mixin.py:188} INFO - [2026-09-30T05:10:48.178+0000] {dag.py:3947} INFO - Setting next_dagrun for dag_market_eod to 2026-09-29 22:00:00+00:00, run_after=2026-09-30 22:00:00+00:00
[2026-09-30T05:10:48.189+0000] {processor.py:183} INFO - Processing /opt/airflow/dags/dag_market_eod.py took 0.373 seconds
[2026-09-30T05:11:18.290+0000] {processor.py:161} INFO - Started process (PID=1368) to work on /opt/airflow/dags/dag_market_eod.py
[2026-09-30T05:11:18.291+0000] {processor.py:830} INFO - Processing file /opt/airflow/dags/dag_market_eod.py for tasks to queue
[2026-09-30T05:11:18.291+0000] {logging_mixin.py:188} INFO - [2026-09-30T05:11:18.291+0000] {dagbag.py:545} INFO - Filling up the DagBag from /opt/airflow/dags/dag_market_eod.py
[2026-09-30T05:11:18.521+0000] {processor.py:840} INFO - DAG(s) 'dag_market_eod' retrieved from /opt/airflow/dags/dag_market_eod.py
[2026-09-30T05:11:18.539+0000] {logging_mixin.py:188} INFO - [2026-09-30T05:11:18.539+0000] {dag.py:3089} INFO - Sync 1 DAGs
[2026-09-30T05:11:18.651+0000] {logging_mixin.py:188} INFO - [2026-09-30T05:11:18.651+0000] {dag.py:3947} INFO - Setting next_dagrun for dag_market_eod to 2026-09-29 22:00:00+00:00, run_after=2026-09-30 22:00:00+00:00
[2026-09-30T05:11:18.662+0000] {processor.py:183} INFO - Processing /opt/airflow/dags/dag_market_eod.py took 0.375 seconds
[2026-09-30T05:11:48.758+0000] {processor.py:161} INFO - Started process (PID=1374) to work on /opt/airflow/dags/dag_market_eod.py
[2026-09-30T05:11:48.760+0000] {processor.py:830} INFO - Processing file /opt/airflow/dags/dag_market_eod.py for tasks to queue
[2026-09-30T05:11:48.760+0000] {logging_mixin.py:188} INFO - [2026-09-30T05:11:48.760+0000] {dagbag.py:545} INFO - Filling up the DagBag from /opt/airflow/dags/dag_market_eod.py
[2026-09-30T05:11:48.990+0000] {processor.py:840} INFO - DAG(s) 'dag_market_eod' retrieved from /opt/airflow/dags/dag_market_eod.py
[2026-09-30T05:11:49.014+0000] {logging_mixin.py:188} INFO - [2026-09-30T05:11:49.014+0000] {dag.py:3089} INFO - Sync 1 DAGs
[2026-09-30T05:11:49.124+0000] {logging_mixin.py:188} INFO - [2026-09-30T05:11:49.124+0000] {dag.py:3947} INFO - Setting next_dagrun for dag_market_eod to 2026-09-29 22:00:00+00:00, run_after=2026-09-30 22:00:00+00:00
[2026-09-30T05:11:49.135+0000] {processor.py:183} INFO - Processing /opt/airflow/dags/dag_market_eod.py took 0.381 seconds
[2026-09-30T05:12:19.237+0000] {processor.py:161} INFO - Started process (PID=1380) to work on /opt/airflow/dags/dag_market_eod.py
[2026-09-30T05:12:19.238+0000] {processor.py:830} INFO - Processing file /opt/airflow/dags/dag_market_eod.py for tasks to queue
[2026-09-30T05:12:19.239+0000] {logging_mixin.py:188} INFO - [2026-09-30T05:12:19.239+0000] {dagbag.py:545} INFO - Filling up the DagBag from /opt/airflow/dags/dag_market_eod.py
[2026-09-30T05:12:19.472+0000] {processor.py:840} INFO - DAG(s) 'dag_market_eod' retrieved from /opt/airflow/dags/dag_market_eod.py
[2026-09-30T05:12:19.489+0000] {logging_mixin.py:188} INFO - [2026-09-30T05:12:19.488+0000] {dag.py:3089} INFO - Sync 1 DAGs
[2026-09-30T05:12:19.501+0000] {logging_mixin.py:188} INFO - [2026-09-30T05:12:19.501+0000] {dag.py:3947} INFO - Setting next_dagrun for dag_market_eod to 2026-09-29 22:00:00+00:00, run_after=2026-09-30 22:00:00+00:00
[2026-09-30T05:12:19.513+0000] {processor.py:183} INFO - Processing /opt/airflow/dags/dag_market_eod.py took 0.281 seconds
[2026-09-30T05:12:49.604+0000] {processor.py:161} INFO - Started process (PID=1386) to work on /opt/airflow/dags/dag_market_eod.py
[2026-09-30T05:12:49.606+0000] {processor.py:830} INFO - Processing file /opt/airflow/dags/dag_market_eod.py for tasks to queue
[2026-09-30T05:12:49.608+0000] {logging_mixin.py:188} INFO - [2026-09-30T05:12:49.607+0000] {dagbag.py:545} INFO - Filling up the DagBag from /opt/airflow/dags/dag_market_eod.py
[2026-09-30T05:12:49.838+0000] {processor.py:840} INFO - DAG(s) 'dag_market_eod' retrieved from /opt/airflow/dags/dag_market_eod.py
[2026-09-30T05:12:49.853+0000] {logging_mixin.py:188} INFO - [2026-09-30T05:12:49.853+0000] {dag.py:3089} INFO - Sync 1 DAGs
[2026-09-30T05:12:49.865+0000] {logging_mixin.py:188} INFO - [2026-09-30T05:12:49.865+0000] {dag.py:3947} INFO - Setting next_dagrun for dag_market_eod to 2026-09-29 22:00:00+00:00, run_after=2026-09-30 22:00:00+00:00
[2026-09-30T05:12:49.876+0000] {processor.py:183} INFO - Processing /opt/airflow/dags/dag_market_eod.py took 0.277 seconds
[2026-09-30T05:13:19.975+0000] {processor.py:161} INFO - Started process (PID=1392) to work on /opt/airflow/dags/dag_market_eod.py
[2026-09-30T05:13:19.975+0000] {processor.py:830} INFO - Processing file /opt/airflow/dags/dag_market_eod.py for tasks to queue
[2026-09-30T05:13:19.976+0000] {logging_mixin.py:188} INFO - [2026-09-30T05:13:19.976+0000] {dagbag.py:545} INFO - Filling up the DagBag from /opt/airflow/dags/dag_market_eod.py
[2026-09-30T05:13:20.304+0000] {processor.py:840} INFO - DAG(s) 'dag_market_eod' retrieved from /opt/airflow/dags/dag_market_eod.py
[2026-09-30T05:13:20.318+0000] {logging_mixin.py:188} INFO - [2026-09-30T05:13:20.318+0000] {dag.py:3089} INFO - Sync 1 DAGs
[2026-09-30T05:13:20.329+0000] {logging_mixin.py:188} INFO - [2026-09-30T05:13:20.329+0000] {dag.py:3947} INFO - Setting next_dagrun for dag_market_eod to 2026-09-29 22:00:00+00:00, run_after=2026-09-30 22:00:00+00:00
[2026-09-30T05:13:20.340+0000] {processor.py:183} INFO - Processing /opt/airflow/dags/dag_market_eod.py took 0.370 seconds
[2026-09-30T05:13:50.449+0000] {processor.py:161} INFO - Started process (PID=1398) to work on /opt/airflow/dags/dag_market_eod.py
[2026-09-30T05:13:50.451+0000] {processor.py:830} INFO - Processing file /opt/airflow/dags/dag_market_eod.py for tasks to queue
[2026-09-30T05:13:50.452+0000] {logging_mixin.py:188} INFO - [2026-09-30T05:13:50.452+0000] {dagbag.py:545} INFO - Filling up the DagBag from /opt/airflow/dags/dag_market_eod.py
[2026-09-30T05:13:50.775+0000] {processor.py:840} INFO - DAG(s) 'dag_market_eod' retrieved from /opt/airflow/dags/dag_market_eod.py
[2026-09-30T05:13:50.789+0000] {logging_mixin.py:188} INFO - [2026-09-30T05:13:50.789+0000] {dag.py:3089} INFO - Sync 1 DAGs
[2026-09-30T05:13:50.800+0000] {logging_mixin.py:188} INFO - [2026-09-30T05:13:50.800+0000] {dag.py:3947} INFO - Setting next_dagrun for dag_market_eod to 2026-09-29 22:00:00+00:00, run_after=2026-09-30 22:00:00+00:00
[2026-09-30T05:13:50.810+0000] {processor.py:183} INFO - Processing /opt/airflow/dags/dag_market_eod.py took 0.365 seconds
[2026-09-30T05:14:20.921+0000] {processor.py:161} INFO - Started process (PID=1404) to work on /opt/airflow/dags/dag_market_eod.py
[2026-09-30T05:14:20.922+0000] {processor.py:830} INFO - Processing file /opt/airflow/dags/dag_market_eod.py for tasks to queue
[2026-09-30T05:14:20.922+0000] {logging_mixin.py:188} INFO - [2026-09-30T05:14:20.922+0000] {dagbag.py:545} INFO - Filling up the DagBag from /opt/airflow/dags/dag_market_eod.py
[2026-09-30T05:14:21.159+0000] {processor.py:840} INFO - DAG(s) 'dag_market_eod' retrieved from /opt/airflow/dags/dag_market_eod.py
[2026-09-30T05:14:21.181+0000] {logging_mixin.py:188} INFO - [2026-09-30T05:14:21.181+0000] {dag.py:3089} INFO - Sync 1 DAGs
[2026-09-30T05:14:21.298+0000] {logging_mixin.py:188} INFO - [2026-09-30T05:14:21.298+0000] {dag.py:3947} INFO - Setting next_dagrun for dag_market_eod to 2026-09-29 22:00:00+00:00, run_after=2026-09-30 22:00:00+00:00
[2026-09-30T05:14:21.311+0000] {processor.py:183} INFO - Processing /opt/airflow/dags/dag_market_eod.py took 0.394 seconds
[2026-09-30T05:14:51.414+0000] {processor.py:161} INFO - Started process (PID=1410) to work on /opt/airflow/dags/dag_market_eod.py
[2026-09-30T05:14:51.416+0000] {processor.py:830} INFO - Processing file /opt/airflow/dags/dag_market_eod.py for tasks to queue
[2026-09-30T05:14:51.417+0000] {logging_mixin.py:188} INFO - [2026-09-30T05:14:51.417+0000] {dagbag.py:545} INFO - Filling up the DagBag from /opt/airflow/dags/dag_market_eod.py
[2026-09-30T05:14:51.656+0000] {processor.py:840} INFO - DAG(s) 'dag_market_eod' retrieved from /opt/airflow/dags/dag_market_eod.py
[2026-09-30T05:14:51.676+0000] {logging_mixin.py:188} INFO - [2026-09-30T05:14:51.676+0000] {dag.py:3089} INFO - Sync 1 DAGs
[2026-09-30T05:14:51.788+0000] {logging_mixin.py:188} INFO - [2026-09-30T05:14:51.788+0000] {dag.py:3947} INFO - Setting next_dagrun for dag_market_eod to 2026-09-29 22:00:00+00:00, run_after=2026-09-30 22:00:00+00:00
[2026-09-30T05:14:51.799+0000] {processor.py:183} INFO - Processing /opt/airflow/dags/dag_market_eod.py took 0.388 seconds
[2026-09-30T05:15:21.898+0000] {processor.py:161} INFO - Started process (PID=1416) to work on /opt/airflow/dags/dag_market_eod.py
[2026-09-30T05:15:21.898+0000] {processor.py:830} INFO - Processing file /opt/airflow/dags/dag_market_eod.py for tasks to queue
[2026-09-30T05:15:21.899+0000] {logging_mixin.py:188} INFO - [2026-09-30T05:15:21.899+0000] {dagbag.py:545} INFO - Filling up the DagBag from /opt/airflow/dags/dag_market_eod.py
[2026-09-30T05:15:22.130+0000] {processor.py:840} INFO - DAG(s) 'dag_market_eod' retrieved from /opt/airflow/dags/dag_market_eod.py
[2026-09-30T05:15:22.149+0000] {logging_mixin.py:188} INFO - [2026-09-30T05:15:22.149+0000] {dag.py:3089} INFO - Sync 1 DAGs
[2026-09-30T05:15:22.161+0000] {logging_mixin.py:188} INFO - [2026-09-30T05:15:22.161+0000] {dag.py:3947} INFO - Setting next_dagrun for dag_market_eod to 2026-09-29 22:00:00+00:00, run_after=2026-09-30 22:00:00+00:00
[2026-09-30T05:15:22.172+0000] {processor.py:183} INFO - Processing /opt/airflow/dags/dag_market_eod.py took 0.278 seconds
[2026-09-30T05:15:52.263+0000] {processor.py:161} INFO - Started process (PID=1422) to work on /opt/airflow/dags/dag_market_eod.py
[2026-09-30T05:15:52.265+0000] {processor.py:830} INFO - Processing file /opt/airflow/dags/dag_market_eod.py for tasks to queue
[2026-09-30T05:15:52.265+0000] {logging_mixin.py:188} INFO - [2026-09-30T05:15:52.265+0000] {dagbag.py:545} INFO - Filling up the DagBag from /opt/airflow/dags/dag_market_eod.py
[2026-09-30T05:15:52.499+0000] {processor.py:840} INFO - DAG(s) 'dag_market_eod' retrieved from /opt/airflow/dags/dag_market_eod.py
[2026-09-30T05:15:52.517+0000] {logging_mixin.py:188} INFO - [2026-09-30T05:15:52.517+0000] {dag.py:3089} INFO - Sync 1 DAGs
[2026-09-30T05:15:52.529+0000] {logging_mixin.py:188} INFO - [2026-09-30T05:15:52.529+0000] {dag.py:3947} INFO - Setting next_dagrun for dag_market_eod to 2026-09-29 22:00:00+00:00, run_after=2026-09-30 22:00:00+00:00
[2026-09-30T05:15:52.539+0000] {processor.py:183} INFO - Processing /opt/airflow/dags/dag_market_eod.py took 0.279 seconds
[2026-09-30T05:16:22.630+0000] {processor.py:161} INFO - Started process (PID=1428) to work on /opt/airflow/dags/dag_market_eod.py
[2026-09-30T05:16:22.630+0000] {processor.py:830} INFO - Processing file /opt/airflow/dags/dag_market_eod.py for tasks to queue
[2026-09-30T05:16:22.632+0000] {logging_mixin.py:188} INFO - [2026-09-30T05:16:22.632+0000] {dagbag.py:545} INFO - Filling up the DagBag from /opt/airflow/dags/dag_market_eod.py
[2026-09-30T05:16:22.965+0000] {processor.py:840} INFO - DAG(s) 'dag_market_eod' retrieved from /opt/airflow/dags/dag_market_eod.py
[2026-09-30T05:16:22.990+0000] {logging_mixin.py:188} INFO - [2026-09-30T05:16:22.989+0000] {dag.py:3089} INFO - Sync 1 DAGs
[2026-09-30T05:16:23.006+0000] {logging_mixin.py:188} INFO - [2026-09-30T05:16:23.006+0000] {dag.py:3947} INFO - Setting next_dagrun for dag_market_eod to 2026-09-29 22:00:00+00:00, run_after=2026-09-30 22:00:00+00:00
[2026-09-30T05:16:23.015+0000] {processor.py:183} INFO - Processing /opt/airflow/dags/dag_market_eod.py took 0.390 seconds
[2026-09-30T05:16:53.117+0000] {processor.py:161} INFO - Started process (PID=1434) to work on /opt/airflow/dags/dag_market_eod.py
[2026-09-30T05:16:53.119+0000] {processor.py:830} INFO - Processing file /opt/airflow/dags/dag_market_eod.py for tasks to queue
[2026-09-30T05:16:53.120+0000] {logging_mixin.py:188} INFO - [2026-09-30T05:16:53.119+0000] {dagbag.py:545} INFO - Filling up the DagBag from /opt/airflow/dags/dag_market_eod.py
[2026-09-30T05:16:53.448+0000] {processor.py:840} INFO - DAG(s) 'dag_market_eod' retrieved from /opt/airflow/dags/dag_market_eod.py
[2026-09-30T05:16:53.465+0000] {logging_mixin.py:188} INFO - [2026-09-30T05:16:53.465+0000] {dag.py:3089} INFO - Sync 1 DAGs
[2026-09-30T05:16:53.478+0000] {logging_mixin.py:188} INFO - [2026-09-30T05:16:53.477+0000] {dag.py:3947} INFO - Setting next_dagrun for dag_market_eod to 2026-09-29 22:00:00+00:00, run_after=2026-09-30 22:00:00+00:00
[2026-09-30T05:16:53.489+0000] {processor.py:183} INFO - Processing /opt/airflow/dags/dag_market_eod.py took 0.376 seconds
[2026-09-30T05:17:23.590+0000] {processor.py:161} INFO - Started process (PID=1440) to work on /opt/airflow/dags/dag_market_eod.py
[2026-09-30T05:17:23.591+0000] {processor.py:830} INFO - Processing file /opt/airflow/dags/dag_market_eod.py for tasks to queue
[2026-09-30T05:17:23.592+0000] {logging_mixin.py:188} INFO - [2026-09-30T05:17:23.592+0000] {dagbag.py:545} INFO - Filling up the DagBag from /opt/airflow/dags/dag_market_eod.py
[2026-09-30T05:17:23.828+0000] {processor.py:840} INFO - DAG(s) 'dag_market_eod' retrieved from /opt/airflow/dags/dag_market_eod.py
[2026-09-30T05:17:23.844+0000] {logging_mixin.py:188} INFO - [2026-09-30T05:17:23.844+0000] {dag.py:3089} INFO - Sync 1 DAGs
[2026-09-30T05:17:23.958+0000] {logging_mixin.py:188} INFO - [2026-09-30T05:17:23.958+0000] {dag.py:3947} INFO - Setting next_dagrun for dag_market_eod to 2026-09-29 22:00:00+00:00, run_after=2026-09-30 22:00:00+00:00
[2026-09-30T05:17:23.967+0000] {processor.py:183} INFO - Processing /opt/airflow/dags/dag_market_eod.py took 0.381 seconds
[2026-09-30T05:17:54.075+0000] {processor.py:161} INFO - Started process (PID=1446) to work on /opt/airflow/dags/dag_market_eod.py
[2026-09-30T05:17:54.077+0000] {processor.py:830} INFO - Processing file /opt/airflow/dags/dag_market_eod.py for tasks to queue
[2026-09-30T05:17:54.079+0000] {logging_mixin.py:188} INFO - [2026-09-30T05:17:54.078+0000] {dagbag.py:545} INFO - Filling up the DagBag from /opt/airflow/dags/dag_market_eod.py
[2026-09-30T05:17:54.310+0000] {processor.py:840} INFO - DAG(s) 'dag_market_eod' retrieved from /opt/airflow/dags/dag_market_eod.py
[2026-09-30T05:17:54.331+0000] {logging_mixin.py:188} INFO - [2026-09-30T05:17:54.331+0000] {dag.py:3089} INFO - Sync 1 DAGs
[2026-09-30T05:17:54.344+0000] {logging_mixin.py:188} INFO - [2026-09-30T05:17:54.344+0000] {dag.py:3947} INFO - Setting next_dagrun for dag_market_eod to 2026-09-29 22:00:00+00:00, run_after=2026-09-30 22:00:00+00:00
[2026-09-30T05:17:54.355+0000] {processor.py:183} INFO - Processing /opt/airflow/dags/dag_market_eod.py took 0.285 seconds
[2026-09-30T05:18:24.450+0000] {processor.py:161} INFO - Started process (PID=1452) to work on /opt/airflow/dags/dag_market_eod.py
[2026-09-30T05:18:24.451+0000] {processor.py:830} INFO - Processing file /opt/airflow/dags/dag_market_eod.py for tasks to queue
[2026-09-30T05:18:24.452+0000] {logging_mixin.py:188} INFO - [2026-09-30T05:18:24.452+0000] {dagbag.py:545} INFO - Filling up the DagBag from /opt/airflow/dags/dag_market_eod.py
[2026-09-30T05:18:24.685+0000] {processor.py:840} INFO - DAG(s) 'dag_market_eod' retrieved from /opt/airflow/dags/dag_market_eod.py
[2026-09-30T05:18:24.702+0000] {logging_mixin.py:188} INFO - [2026-09-30T05:18:24.702+0000] {dag.py:3089} INFO - Sync 1 DAGs
[2026-09-30T05:18:24.714+0000] {logging_mixin.py:188} INFO - [2026-09-30T05:18:24.714+0000] {dag.py:3947} INFO - Setting next_dagrun for dag_market_eod to 2026-09-29 22:00:00+00:00, run_after=2026-09-30 22:00:00+00:00
[2026-09-30T05:18:24.725+0000] {processor.py:183} INFO - Processing /opt/airflow/dags/dag_market_eod.py took 0.278 seconds
[2026-09-30T05:18:54.825+0000] {processor.py:161} INFO - Started process (PID=1458) to work on /opt/airflow/dags/dag_market_eod.py
[2026-09-30T05:18:54.827+0000] {processor.py:830} INFO - Processing file /opt/airflow/dags/dag_market_eod.py for tasks to queue
[2026-09-30T05:18:54.829+0000] {logging_mixin.py:188} INFO - [2026-09-30T05:18:54.828+0000] {dagbag.py:545} INFO - Filling up the DagBag from /opt/airflow/dags/dag_market_eod.py
[2026-09-30T05:18:55.181+0000] {processor.py:840} INFO - DAG(s) 'dag_market_eod' retrieved from /opt/airflow/dags/dag_market_eod.py
[2026-09-30T05:18:55.197+0000] {logging_mixin.py:188} INFO - [2026-09-30T05:18:55.196+0000] {dag.py:3089} INFO - Sync 1 DAGs
[2026-09-30T05:18:55.212+0000] {logging_mixin.py:188} INFO - [2026-09-30T05:18:55.212+0000] {dag.py:3947} INFO - Setting next_dagrun for dag_market_eod to 2026-09-29 22:00:00+00:00, run_after=2026-09-30 22:00:00+00:00
[2026-09-30T05:18:55.222+0000] {processor.py:183} INFO - Processing /opt/airflow/dags/dag_market_eod.py took 0.402 seconds
[2026-09-30T05:19:25.323+0000] {processor.py:161} INFO - Started process (PID=1464) to work on /opt/airflow/dags/dag_market_eod.py
[2026-09-30T05:19:25.323+0000] {processor.py:830} INFO - Processing file /opt/airflow/dags/dag_market_eod.py for tasks to queue
[2026-09-30T05:19:25.324+0000] {logging_mixin.py:188} INFO - [2026-09-30T05:19:25.324+0000] {dagbag.py:545} INFO - Filling up the DagBag from /opt/airflow/dags/dag_market_eod.py
[2026-09-30T05:19:25.657+0000] {processor.py:840} INFO - DAG(s) 'dag_market_eod' retrieved from /opt/airflow/dags/dag_market_eod.py
[2026-09-30T05:19:25.672+0000] {logging_mixin.py:188} INFO - [2026-09-30T05:19:25.672+0000] {dag.py:3089} INFO - Sync 1 DAGs
[2026-09-30T05:19:25.683+0000] {logging_mixin.py:188} INFO - [2026-09-30T05:19:25.683+0000] {dag.py:3947} INFO - Setting next_dagrun for dag_market_eod to 2026-09-29 22:00:00+00:00, run_after=2026-09-30 22:00:00+00:00
[2026-09-30T05:19:25.694+0000] {processor.py:183} INFO - Processing /opt/airflow/dags/dag_market_eod.py took 0.375 seconds
[2026-09-30T05:19:55.798+0000] {processor.py:161} INFO - Started process (PID=1470) to work on /opt/airflow/dags/dag_market_eod.py
[2026-09-30T05:19:55.799+0000] {processor.py:830} INFO - Processing file /opt/airflow/dags/dag_market_eod.py for tasks to queue
[2026-09-30T05:19:55.800+0000] {logging_mixin.py:188} INFO - [2026-09-30T05:19:55.800+0000] {dagbag.py:545} INFO - Filling up the DagBag from /opt/airflow/dags/dag_market_eod.py
[2026-09-30T05:19:56.137+0000] {processor.py:840} INFO - DAG(s) 'dag_market_eod' retrieved from /opt/airflow/dags/dag_market_eod.py
[2026-09-30T05:19:56.159+0000] {logging_mixin.py:188} INFO - [2026-09-30T05:19:56.158+0000] {dag.py:3089} INFO - Sync 1 DAGs
[2026-09-30T05:19:56.174+0000] {logging_mixin.py:188} INFO - [2026-09-30T05:19:56.174+0000] {dag.py:3947} INFO - Setting next_dagrun for dag_market_eod to 2026-09-29 22:00:00+00:00, run_after=2026-09-30 22:00:00+00:00
[2026-09-30T05:19:56.183+0000] {processor.py:183} INFO - Processing /opt/airflow/dags/dag_market_eod.py took 0.391 seconds
[2026-09-30T05:20:26.286+0000] {processor.py:161} INFO - Started process (PID=1476) to work on /opt/airflow/dags/dag_market_eod.py
[2026-09-30T05:20:26.286+0000] {processor.py:830} INFO - Processing file /opt/airflow/dags/dag_market_eod.py for tasks to queue
[2026-09-30T05:20:26.287+0000] {logging_mixin.py:188} INFO - [2026-09-30T05:20:26.287+0000] {dagbag.py:545} INFO - Filling up the DagBag from /opt/airflow/dags/dag_market_eod.py
[2026-09-30T05:20:26.520+0000] {processor.py:840} INFO - DAG(s) 'dag_market_eod' retrieved from /opt/airflow/dags/dag_market_eod.py
[2026-09-30T05:20:26.543+0000] {logging_mixin.py:188} INFO - [2026-09-30T05:20:26.542+0000] {dag.py:3089} INFO - Sync 1 DAGs
[2026-09-30T05:20:26.655+0000] {logging_mixin.py:188} INFO - [2026-09-30T05:20:26.655+0000] {dag.py:3947} INFO - Setting next_dagrun for dag_market_eod to 2026-09-29 22:00:00+00:00, run_after=2026-09-30 22:00:00+00:00
[2026-09-30T05:20:26.667+0000] {processor.py:183} INFO - Processing /opt/airflow/dags/dag_market_eod.py took 0.384 seconds
[2026-09-30T05:20:56.768+0000] {processor.py:161} INFO - Started process (PID=1482) to work on /opt/airflow/dags/dag_market_eod.py
[2026-09-30T05:20:56.770+0000] {processor.py:830} INFO - Processing file /opt/airflow/dags/dag_market_eod.py for tasks to queue
[2026-09-30T05:20:56.770+0000] {logging_mixin.py:188} INFO - [2026-09-30T05:20:56.770+0000] {dagbag.py:545} INFO - Filling up the DagBag from /opt/airflow/dags/dag_market_eod.py
[2026-09-30T05:20:56.998+0000] {processor.py:840} INFO - DAG(s) 'dag_market_eod' retrieved from /opt/airflow/dags/dag_market_eod.py
[2026-09-30T05:20:57.014+0000] {logging_mixin.py:188} INFO - [2026-09-30T05:20:57.014+0000] {dag.py:3089} INFO - Sync 1 DAGs
[2026-09-30T05:20:57.026+0000] {logging_mixin.py:188} INFO - [2026-09-30T05:20:57.026+0000] {dag.py:3947} INFO - Setting next_dagrun for dag_market_eod to 2026-09-29 22:00:00+00:00, run_after=2026-09-30 22:00:00+00:00
[2026-09-30T05:20:57.037+0000] {processor.py:183} INFO - Processing /opt/airflow/dags/dag_market_eod.py took 0.274 seconds
[2026-09-30T05:21:27.137+0000] {processor.py:161} INFO - Started process (PID=1488) to work on /opt/airflow/dags/dag_market_eod.py
[2026-09-30T05:21:27.137+0000] {processor.py:830} INFO - Processing file /opt/airflow/dags/dag_market_eod.py for tasks to queue
[2026-09-30T05:21:27.138+0000] {logging_mixin.py:188} INFO - [2026-09-30T05:21:27.138+0000] {dagbag.py:545} INFO - Filling up the DagBag from /opt/airflow/dags/dag_market_eod.py
[2026-09-30T05:21:27.372+0000] {processor.py:840} INFO - DAG(s) 'dag_market_eod' retrieved from /opt/airflow/dags/dag_market_eod.py
[2026-09-30T05:21:27.388+0000] {logging_mixin.py:188} INFO - [2026-09-30T05:21:27.387+0000] {dag.py:3089} INFO - Sync 1 DAGs
[2026-09-30T05:21:27.400+0000] {logging_mixin.py:188} INFO - [2026-09-30T05:21:27.400+0000] {dag.py:3947} INFO - Setting next_dagrun for dag_market_eod to 2026-09-29 22:00:00+00:00, run_after=2026-09-30 22:00:00+00:00
[2026-09-30T05:21:27.411+0000] {processor.py:183} INFO - Processing /opt/airflow/dags/dag_market_eod.py took 0.279 seconds
[2026-09-30T05:21:57.512+0000] {processor.py:161} INFO - Started process (PID=1494) to work on /opt/airflow/dags/dag_market_eod.py
[2026-09-30T05:21:57.514+0000] {processor.py:830} INFO - Processing file /opt/airflow/dags/dag_market_eod.py for tasks to queue
[2026-09-30T05:21:57.516+0000] {logging_mixin.py:188} INFO - [2026-09-30T05:21:57.515+0000] {dagbag.py:545} INFO - Filling up the DagBag from /opt/airflow/dags/dag_market_eod.py
[2026-09-30T05:21:57.842+0000] {processor.py:840} INFO - DAG(s) 'dag_market_eod' retrieved from /opt/airflow/dags/dag_market_eod.py
[2026-09-30T05:21:57.859+0000] {logging_mixin.py:188} INFO - [2026-09-30T05:21:57.859+0000] {dag.py:3089} INFO - Sync 1 DAGs
[2026-09-30T05:21:57.871+0000] {logging_mixin.py:188} INFO - [2026-09-30T05:21:57.870+0000] {dag.py:3947} INFO - Setting next_dagrun for dag_market_eod to 2026-09-29 22:00:00+00:00, run_after=2026-09-30 22:00:00+00:00
[2026-09-30T05:21:57.880+0000] {processor.py:183} INFO - Processing /opt/airflow/dags/dag_market_eod.py took 0.373 seconds
[2026-09-30T05:22:27.990+0000] {processor.py:161} INFO - Started process (PID=1500) to work on /opt/airflow/dags/dag_market_eod.py
[2026-09-30T05:22:27.990+0000] {processor.py:830} INFO - Processing file /opt/airflow/dags/dag_market_eod.py for tasks to queue
[2026-09-30T05:22:27.992+0000] {logging_mixin.py:188} INFO - [2026-09-30T05:22:27.991+0000] {dagbag.py:545} INFO - Filling up the DagBag from /opt/airflow/dags/dag_market_eod.py
[2026-09-30T05:22:28.336+0000] {processor.py:840} INFO - DAG(s) 'dag_market_eod' retrieved from /opt/airflow/dags/dag_market_eod.py
[2026-09-30T05:22:28.350+0000] {logging_mixin.py:188} INFO - [2026-09-30T05:22:28.350+0000] {dag.py:3089} INFO - Sync 1 DAGs
[2026-09-30T05:22:28.362+0000] {logging_mixin.py:188} INFO - [2026-09-30T05:22:28.362+0000] {dag.py:3947} INFO - Setting next_dagrun for dag_market_eod to 2026-09-29 22:00:00+00:00, run_after=2026-09-30 22:00:00+00:00
[2026-09-30T05:22:28.373+0000] {processor.py:183} INFO - Processing /opt/airflow/dags/dag_market_eod.py took 0.389 seconds
[2026-09-30T05:22:58.466+0000] {processor.py:161} INFO - Started process (PID=1506) to work on /opt/airflow/dags/dag_market_eod.py
[2026-09-30T05:22:58.467+0000] {processor.py:830} INFO - Processing file /opt/airflow/dags/dag_market_eod.py for tasks to queue
[2026-09-30T05:22:58.468+0000] {logging_mixin.py:188} INFO - [2026-09-30T05:22:58.468+0000] {dagbag.py:545} INFO - Filling up the DagBag from /opt/airflow/dags/dag_market_eod.py
[2026-09-30T05:22:58.806+0000] {processor.py:840} INFO - DAG(s) 'dag_market_eod' retrieved from /opt/airflow/dags/dag_market_eod.py
[2026-09-30T05:22:58.821+0000] {logging_mixin.py:188} INFO - [2026-09-30T05:22:58.821+0000] {dag.py:3089} INFO - Sync 1 DAGs
[2026-09-30T05:22:58.834+0000] {logging_mixin.py:188} INFO - [2026-09-30T05:22:58.833+0000] {dag.py:3947} INFO - Setting next_dagrun for dag_market_eod to 2026-09-29 22:00:00+00:00, run_after=2026-09-30 22:00:00+00:00
[2026-09-30T05:22:58.847+0000] {processor.py:183} INFO - Processing /opt/airflow/dags/dag_market_eod.py took 0.386 seconds
[2026-09-30T05:23:28.947+0000] {processor.py:161} INFO - Started process (PID=1512) to work on /opt/airflow/dags/dag_market_eod.py
[2026-09-30T05:23:28.948+0000] {processor.py:830} INFO - Processing file /opt/airflow/dags/dag_market_eod.py for tasks to queue
[2026-09-30T05:23:28.949+0000] {logging_mixin.py:188} INFO - [2026-09-30T05:23:28.948+0000] {dagbag.py:545} INFO - Filling up the DagBag from /opt/airflow/dags/dag_market_eod.py
[2026-09-30T05:23:29.184+0000] {processor.py:840} INFO - DAG(s) 'dag_market_eod' retrieved from /opt/airflow/dags/dag_market_eod.py
[2026-09-30T05:23:29.205+0000] {logging_mixin.py:188} INFO - [2026-09-30T05:23:29.204+0000] {dag.py:3089} INFO - Sync 1 DAGs
[2026-09-30T05:23:29.321+0000] {logging_mixin.py:188} INFO - [2026-09-30T05:23:29.321+0000] {dag.py:3947} INFO - Setting next_dagrun for dag_market_eod to 2026-09-29 22:00:00+00:00, run_after=2026-09-30 22:00:00+00:00
[2026-09-30T05:23:29.332+0000] {processor.py:183} INFO - Processing /opt/airflow/dags/dag_market_eod.py took 0.389 seconds
[2026-09-30T05:23:59.437+0000] {processor.py:161} INFO - Started process (PID=1518) to work on /opt/airflow/dags/dag_market_eod.py
[2026-09-30T05:23:59.439+0000] {processor.py:830} INFO - Processing file /opt/airflow/dags/dag_market_eod.py for tasks to queue
[2026-09-30T05:23:59.441+0000] {logging_mixin.py:188} INFO - [2026-09-30T05:23:59.441+0000] {dagbag.py:545} INFO - Filling up the DagBag from /opt/airflow/dags/dag_market_eod.py
[2026-09-30T05:23:59.679+0000] {processor.py:840} INFO - DAG(s) 'dag_market_eod' retrieved from /opt/airflow/dags/dag_market_eod.py
[2026-09-30T05:23:59.801+0000] {logging_mixin.py:188} INFO - [2026-09-30T05:23:59.800+0000] {dag.py:3089} INFO - Sync 1 DAGs
[2026-09-30T05:23:59.813+0000] {logging_mixin.py:188} INFO - [2026-09-30T05:23:59.813+0000] {dag.py:3947} INFO - Setting next_dagrun for dag_market_eod to 2026-09-29 22:00:00+00:00, run_after=2026-09-30 22:00:00+00:00
[2026-09-30T05:23:59.824+0000] {processor.py:183} INFO - Processing /opt/airflow/dags/dag_market_eod.py took 0.392 seconds
[2026-09-30T05:24:29.923+0000] {processor.py:161} INFO - Started process (PID=1524) to work on /opt/airflow/dags/dag_market_eod.py
[2026-09-30T05:24:29.924+0000] {processor.py:830} INFO - Processing file /opt/airflow/dags/dag_market_eod.py for tasks to queue
[2026-09-30T05:24:29.925+0000] {logging_mixin.py:188} INFO - [2026-09-30T05:24:29.924+0000] {dagbag.py:545} INFO - Filling up the DagBag from /opt/airflow/dags/dag_market_eod.py
[2026-09-30T05:24:30.156+0000] {processor.py:840} INFO - DAG(s) 'dag_market_eod' retrieved from /opt/airflow/dags/dag_market_eod.py
[2026-09-30T05:24:30.174+0000] {logging_mixin.py:188} INFO - [2026-09-30T05:24:30.173+0000] {dag.py:3089} INFO - Sync 1 DAGs
[2026-09-30T05:24:30.186+0000] {logging_mixin.py:188} INFO - [2026-09-30T05:24:30.186+0000] {dag.py:3947} INFO - Setting next_dagrun for dag_market_eod to 2026-09-29 22:00:00+00:00, run_after=2026-09-30 22:00:00+00:00
[2026-09-30T05:24:30.195+0000] {processor.py:183} INFO - Processing /opt/airflow/dags/dag_market_eod.py took 0.275 seconds
[2026-09-30T05:25:00.280+0000] {processor.py:161} INFO - Started process (PID=1530) to work on /opt/airflow/dags/dag_market_eod.py
[2026-09-30T05:25:00.280+0000] {processor.py:830} INFO - Processing file /opt/airflow/dags/dag_market_eod.py for tasks to queue
[2026-09-30T05:25:00.281+0000] {logging_mixin.py:188} INFO - [2026-09-30T05:25:00.281+0000] {dagbag.py:545} INFO - Filling up the DagBag from /opt/airflow/dags/dag_market_eod.py
[2026-09-30T05:25:00.613+0000] {processor.py:840} INFO - DAG(s) 'dag_market_eod' retrieved from /opt/airflow/dags/dag_market_eod.py
[2026-09-30T05:25:00.629+0000] {logging_mixin.py:188} INFO - [2026-09-30T05:25:00.629+0000] {dag.py:3089} INFO - Sync 1 DAGs
[2026-09-30T05:25:00.640+0000] {logging_mixin.py:188} INFO - [2026-09-30T05:25:00.640+0000] {dag.py:3947} INFO - Setting next_dagrun for dag_market_eod to 2026-09-29 22:00:00+00:00, run_after=2026-09-30 22:00:00+00:00
[2026-09-30T05:25:00.654+0000] {processor.py:183} INFO - Processing /opt/airflow/dags/dag_market_eod.py took 0.377 seconds
[2026-09-30T05:25:30.752+0000] {processor.py:161} INFO - Started process (PID=1536) to work on /opt/airflow/dags/dag_market_eod.py
[2026-09-30T05:25:30.752+0000] {processor.py:830} INFO - Processing file /opt/airflow/dags/dag_market_eod.py for tasks to queue
[2026-09-30T05:25:30.754+0000] {logging_mixin.py:188} INFO - [2026-09-30T05:25:30.753+0000] {dagbag.py:545} INFO - Filling up the DagBag from /opt/airflow/dags/dag_market_eod.py
[2026-09-30T05:25:31.084+0000] {processor.py:840} INFO - DAG(s) 'dag_market_eod' retrieved from /opt/airflow/dags/dag_market_eod.py
[2026-09-30T05:25:31.099+0000] {logging_mixin.py:188} INFO - [2026-09-30T05:25:31.099+0000] {dag.py:3089} INFO - Sync 1 DAGs
[2026-09-30T05:25:31.110+0000] {logging_mixin.py:188} INFO - [2026-09-30T05:25:31.110+0000] {dag.py:3947} INFO - Setting next_dagrun for dag_market_eod to 2026-09-29 22:00:00+00:00, run_after=2026-09-30 22:00:00+00:00
[2026-09-30T05:25:31.120+0000] {processor.py:183} INFO - Processing /opt/airflow/dags/dag_market_eod.py took 0.372 seconds
[2026-09-30T05:26:01.230+0000] {processor.py:161} INFO - Started process (PID=1542) to work on /opt/airflow/dags/dag_market_eod.py
[2026-09-30T05:26:01.232+0000] {processor.py:830} INFO - Processing file /opt/airflow/dags/dag_market_eod.py for tasks to queue
[2026-09-30T05:26:01.234+0000] {logging_mixin.py:188} INFO - [2026-09-30T05:26:01.233+0000] {dagbag.py:545} INFO - Filling up the DagBag from /opt/airflow/dags/dag_market_eod.py
[2026-09-30T05:26:01.633+0000] {processor.py:840} INFO - DAG(s) 'dag_market_eod' retrieved from /opt/airflow/dags/dag_market_eod.py
[2026-09-30T05:26:01.649+0000] {logging_mixin.py:188} INFO - [2026-09-30T05:26:01.649+0000] {dag.py:3089} INFO - Sync 1 DAGs
[2026-09-30T05:26:01.661+0000] {logging_mixin.py:188} INFO - [2026-09-30T05:26:01.661+0000] {dag.py:3947} INFO - Setting next_dagrun for dag_market_eod to 2026-09-29 22:00:00+00:00, run_after=2026-09-30 22:00:00+00:00
[2026-09-30T05:26:01.671+0000] {processor.py:183} INFO - Processing /opt/airflow/dags/dag_market_eod.py took 0.447 seconds
[2026-09-30T05:26:31.773+0000] {processor.py:161} INFO - Started process (PID=1548) to work on /opt/airflow/dags/dag_market_eod.py
[2026-09-30T05:26:31.774+0000] {processor.py:830} INFO - Processing file /opt/airflow/dags/dag_market_eod.py for tasks to queue
[2026-09-30T05:26:31.775+0000] {logging_mixin.py:188} INFO - [2026-09-30T05:26:31.775+0000] {dagbag.py:545} INFO - Filling up the DagBag from /opt/airflow/dags/dag_market_eod.py
[2026-09-30T05:26:32.009+0000] {processor.py:840} INFO - DAG(s) 'dag_market_eod' retrieved from /opt/airflow/dags/dag_market_eod.py
[2026-09-30T05:26:32.025+0000] {logging_mixin.py:188} INFO - [2026-09-30T05:26:32.025+0000] {dag.py:3089} INFO - Sync 1 DAGs
[2026-09-30T05:26:32.140+0000] {logging_mixin.py:188} INFO - [2026-09-30T05:26:32.140+0000] {dag.py:3947} INFO - Setting next_dagrun for dag_market_eod to 2026-09-29 22:00:00+00:00, run_after=2026-09-30 22:00:00+00:00
[2026-09-30T05:26:32.150+0000] {processor.py:183} INFO - Processing /opt/airflow/dags/dag_market_eod.py took 0.382 seconds
[2026-09-30T05:27:02.254+0000] {processor.py:161} INFO - Started process (PID=1554) to work on /opt/airflow/dags/dag_market_eod.py
[2026-09-30T05:27:02.256+0000] {processor.py:830} INFO - Processing file /opt/airflow/dags/dag_market_eod.py for tasks to queue
[2026-09-30T05:27:02.257+0000] {logging_mixin.py:188} INFO - [2026-09-30T05:27:02.257+0000] {dagbag.py:545} INFO - Filling up the DagBag from /opt/airflow/dags/dag_market_eod.py
[2026-09-30T05:27:02.492+0000] {processor.py:840} INFO - DAG(s) 'dag_market_eod' retrieved from /opt/airflow/dags/dag_market_eod.py
[2026-09-30T05:27:02.607+0000] {logging_mixin.py:188} INFO - [2026-09-30T05:27:02.606+0000] {dag.py:3089} INFO - Sync 1 DAGs
[2026-09-30T05:27:02.620+0000] {logging_mixin.py:188} INFO - [2026-09-30T05:27:02.619+0000] {dag.py:3947} INFO - Setting next_dagrun for dag_market_eod to 2026-09-29 22:00:00+00:00, run_after=2026-09-30 22:00:00+00:00
[2026-09-30T05:27:02.630+0000] {processor.py:183} INFO - Processing /opt/airflow/dags/dag_market_eod.py took 0.379 seconds
[2026-09-30T05:27:32.734+0000] {processor.py:161} INFO - Started process (PID=1560) to work on /opt/airflow/dags/dag_market_eod.py
[2026-09-30T05:27:32.735+0000] {processor.py:830} INFO - Processing file /opt/airflow/dags/dag_market_eod.py for tasks to queue
[2026-09-30T05:27:32.737+0000] {logging_mixin.py:188} INFO - [2026-09-30T05:27:32.737+0000] {dagbag.py:545} INFO - Filling up the DagBag from /opt/airflow/dags/dag_market_eod.py
[2026-09-30T05:27:32.977+0000] {processor.py:840} INFO - DAG(s) 'dag_market_eod' retrieved from /opt/airflow/dags/dag_market_eod.py
[2026-09-30T05:27:32.993+0000] {logging_mixin.py:188} INFO - [2026-09-30T05:27:32.993+0000] {dag.py:3089} INFO - Sync 1 DAGs
[2026-09-30T05:27:33.006+0000] {logging_mixin.py:188} INFO - [2026-09-30T05:27:33.006+0000] {dag.py:3947} INFO - Setting next_dagrun for dag_market_eod to 2026-09-29 22:00:00+00:00, run_after=2026-09-30 22:00:00+00:00
[2026-09-30T05:27:33.015+0000] {processor.py:183} INFO - Processing /opt/airflow/dags/dag_market_eod.py took 0.285 seconds
[2026-09-30T05:28:03.110+0000] {processor.py:161} INFO - Started process (PID=1566) to work on /opt/airflow/dags/dag_market_eod.py
[2026-09-30T05:28:03.112+0000] {processor.py:830} INFO - Processing file /opt/airflow/dags/dag_market_eod.py for tasks to queue
[2026-09-30T05:28:03.113+0000] {logging_mixin.py:188} INFO - [2026-09-30T05:28:03.113+0000] {dagbag.py:545} INFO - Filling up the DagBag from /opt/airflow/dags/dag_market_eod.py
[2026-09-30T05:28:03.449+0000] {processor.py:840} INFO - DAG(s) 'dag_market_eod' retrieved from /opt/airflow/dags/dag_market_eod.py
[2026-09-30T05:28:03.469+0000] {logging_mixin.py:188} INFO - [2026-09-30T05:28:03.469+0000] {dag.py:3089} INFO - Sync 1 DAGs
[2026-09-30T05:28:03.480+0000] {logging_mixin.py:188} INFO - [2026-09-30T05:28:03.480+0000] {dag.py:3947} INFO - Setting next_dagrun for dag_market_eod to 2026-09-29 22:00:00+00:00, run_after=2026-09-30 22:00:00+00:00
[2026-09-30T05:28:03.491+0000] {processor.py:183} INFO - Processing /opt/airflow/dags/dag_market_eod.py took 0.385 seconds
[2026-09-30T05:28:33.600+0000] {processor.py:161} INFO - Started process (PID=1572) to work on /opt/airflow/dags/dag_market_eod.py
[2026-09-30T05:28:33.600+0000] {processor.py:830} INFO - Processing file /opt/airflow/dags/dag_market_eod.py for tasks to queue
[2026-09-30T05:28:33.601+0000] {logging_mixin.py:188} INFO - [2026-09-30T05:28:33.601+0000] {dagbag.py:545} INFO - Filling up the DagBag from /opt/airflow/dags/dag_market_eod.py
[2026-09-30T05:28:33.938+0000] {processor.py:840} INFO - DAG(s) 'dag_market_eod' retrieved from /opt/airflow/dags/dag_market_eod.py
[2026-09-30T05:28:33.954+0000] {logging_mixin.py:188} INFO - [2026-09-30T05:28:33.954+0000] {dag.py:3089} INFO - Sync 1 DAGs
[2026-09-30T05:28:33.966+0000] {logging_mixin.py:188} INFO - [2026-09-30T05:28:33.966+0000] {dag.py:3947} INFO - Setting next_dagrun for dag_market_eod to 2026-09-29 22:00:00+00:00, run_after=2026-09-30 22:00:00+00:00
[2026-09-30T05:28:33.977+0000] {processor.py:183} INFO - Processing /opt/airflow/dags/dag_market_eod.py took 0.380 seconds
[2026-09-30T05:29:04.077+0000] {processor.py:161} INFO - Started process (PID=1578) to work on /opt/airflow/dags/dag_market_eod.py
[2026-09-30T05:29:04.079+0000] {processor.py:830} INFO - Processing file /opt/airflow/dags/dag_market_eod.py for tasks to queue
[2026-09-30T05:29:04.080+0000] {logging_mixin.py:188} INFO - [2026-09-30T05:29:04.080+0000] {dagbag.py:545} INFO - Filling up the DagBag from /opt/airflow/dags/dag_market_eod.py
[2026-09-30T05:29:04.310+0000] {processor.py:840} INFO - DAG(s) 'dag_market_eod' retrieved from /opt/airflow/dags/dag_market_eod.py
[2026-09-30T05:29:04.329+0000] {logging_mixin.py:188} INFO - [2026-09-30T05:29:04.329+0000] {dag.py:3089} INFO - Sync 1 DAGs
[2026-09-30T05:29:04.443+0000] {logging_mixin.py:188} INFO - [2026-09-30T05:29:04.443+0000] {dag.py:3947} INFO - Setting next_dagrun for dag_market_eod to 2026-09-29 22:00:00+00:00, run_after=2026-09-30 22:00:00+00:00
[2026-09-30T05:29:04.455+0000] {processor.py:183} INFO - Processing /opt/airflow/dags/dag_market_eod.py took 0.382 seconds
[2026-09-30T05:29:34.554+0000] {processor.py:161} INFO - Started process (PID=1584) to work on /opt/airflow/dags/dag_market_eod.py
[2026-09-30T05:29:34.554+0000] {processor.py:830} INFO - Processing file /opt/airflow/dags/dag_market_eod.py for tasks to queue
[2026-09-30T05:29:34.555+0000] {logging_mixin.py:188} INFO - [2026-09-30T05:29:34.555+0000] {dagbag.py:545} INFO - Filling up the DagBag from /opt/airflow/dags/dag_market_eod.py
[2026-09-30T05:29:34.789+0000] {processor.py:840} INFO - DAG(s) 'dag_market_eod' retrieved from /opt/airflow/dags/dag_market_eod.py
[2026-09-30T05:29:34.807+0000] {logging_mixin.py:188} INFO - [2026-09-30T05:29:34.806+0000] {dag.py:3089} INFO - Sync 1 DAGs
[2026-09-30T05:29:34.917+0000] {logging_mixin.py:188} INFO - [2026-09-30T05:29:34.916+0000] {dag.py:3947} INFO - Setting next_dagrun for dag_market_eod to 2026-09-29 22:00:00+00:00, run_after=2026-09-30 22:00:00+00:00
[2026-09-30T05:29:34.927+0000] {processor.py:183} INFO - Processing /opt/airflow/dags/dag_market_eod.py took 0.378 seconds
[2026-09-30T05:30:05.029+0000] {processor.py:161} INFO - Started process (PID=1590) to work on /opt/airflow/dags/dag_market_eod.py
[2026-09-30T05:30:05.031+0000] {processor.py:830} INFO - Processing file /opt/airflow/dags/dag_market_eod.py for tasks to queue
[2026-09-30T05:30:05.031+0000] {logging_mixin.py:188} INFO - [2026-09-30T05:30:05.031+0000] {dagbag.py:545} INFO - Filling up the DagBag from /opt/airflow/dags/dag_market_eod.py
[2026-09-30T05:30:05.261+0000] {processor.py:840} INFO - DAG(s) 'dag_market_eod' retrieved from /opt/airflow/dags/dag_market_eod.py
[2026-09-30T05:30:05.278+0000] {logging_mixin.py:188} INFO - [2026-09-30T05:30:05.277+0000] {dag.py:3089} INFO - Sync 1 DAGs
[2026-09-30T05:30:05.290+0000] {logging_mixin.py:188} INFO - [2026-09-30T05:30:05.290+0000] {dag.py:3947} INFO - Setting next_dagrun for dag_market_eod to 2026-09-29 22:00:00+00:00, run_after=2026-09-30 22:00:00+00:00
[2026-09-30T05:30:05.301+0000] {processor.py:183} INFO - Processing /opt/airflow/dags/dag_market_eod.py took 0.276 seconds
[2026-09-30T05:30:35.397+0000] {processor.py:161} INFO - Started process (PID=1596) to work on /opt/airflow/dags/dag_market_eod.py
[2026-09-30T05:30:35.397+0000] {processor.py:830} INFO - Processing file /opt/airflow/dags/dag_market_eod.py for tasks to queue
[2026-09-30T05:30:35.398+0000] {logging_mixin.py:188} INFO - [2026-09-30T05:30:35.398+0000] {dagbag.py:545} INFO - Filling up the DagBag from /opt/airflow/dags/dag_market_eod.py
[2026-09-30T05:30:35.632+0000] {processor.py:840} INFO - DAG(s) 'dag_market_eod' retrieved from /opt/airflow/dags/dag_market_eod.py
[2026-09-30T05:30:35.648+0000] {logging_mixin.py:188} INFO - [2026-09-30T05:30:35.648+0000] {dag.py:3089} INFO - Sync 1 DAGs
[2026-09-30T05:30:35.660+0000] {logging_mixin.py:188} INFO - [2026-09-30T05:30:35.660+0000] {dag.py:3947} INFO - Setting next_dagrun for dag_market_eod to 2026-09-29 22:00:00+00:00, run_after=2026-09-30 22:00:00+00:00
[2026-09-30T05:30:35.670+0000] {processor.py:183} INFO - Processing /opt/airflow/dags/dag_market_eod.py took 0.277 seconds
[2026-09-30T05:31:05.764+0000] {processor.py:161} INFO - Started process (PID=1602) to work on /opt/airflow/dags/dag_market_eod.py
[2026-09-30T05:31:05.766+0000] {processor.py:830} INFO - Processing file /opt/airflow/dags/dag_market_eod.py for tasks to queue
[2026-09-30T05:31:05.767+0000] {logging_mixin.py:188} INFO - [2026-09-30T05:31:05.767+0000] {dagbag.py:545} INFO - Filling up the DagBag from /opt/airflow/dags/dag_market_eod.py
[2026-09-30T05:31:06.094+0000] {processor.py:840} INFO - DAG(s) 'dag_market_eod' retrieved from /opt/airflow/dags/dag_market_eod.py
[2026-09-30T05:31:06.110+0000] {logging_mixin.py:188} INFO - [2026-09-30T05:31:06.110+0000] {dag.py:3089} INFO - Sync 1 DAGs
[2026-09-30T05:31:06.121+0000] {logging_mixin.py:188} INFO - [2026-09-30T05:31:06.121+0000] {dag.py:3947} INFO - Setting next_dagrun for dag_market_eod to 2026-09-29 22:00:00+00:00, run_after=2026-09-30 22:00:00+00:00
[2026-09-30T05:31:06.133+0000] {processor.py:183} INFO - Processing /opt/airflow/dags/dag_market_eod.py took 0.373 seconds
[2026-09-30T05:31:36.235+0000] {processor.py:161} INFO - Started process (PID=1608) to work on /opt/airflow/dags/dag_market_eod.py
[2026-09-30T05:31:36.236+0000] {processor.py:830} INFO - Processing file /opt/airflow/dags/dag_market_eod.py for tasks to queue
[2026-09-30T05:31:36.237+0000] {logging_mixin.py:188} INFO - [2026-09-30T05:31:36.237+0000] {dagbag.py:545} INFO - Filling up the DagBag from /opt/airflow/dags/dag_market_eod.py
[2026-09-30T05:31:36.572+0000] {processor.py:840} INFO - DAG(s) 'dag_market_eod' retrieved from /opt/airflow/dags/dag_market_eod.py
[2026-09-30T05:31:36.587+0000] {logging_mixin.py:188} INFO - [2026-09-30T05:31:36.586+0000] {dag.py:3089} INFO - Sync 1 DAGs
[2026-09-30T05:31:36.598+0000] {logging_mixin.py:188} INFO - [2026-09-30T05:31:36.598+0000] {dag.py:3947} INFO - Setting next_dagrun for dag_market_eod to 2026-09-29 22:00:00+00:00, run_after=2026-09-30 22:00:00+00:00
[2026-09-30T05:31:36.609+0000] {processor.py:183} INFO - Processing /opt/airflow/dags/dag_market_eod.py took 0.378 seconds
[2026-09-30T05:32:06.709+0000] {processor.py:161} INFO - Started process (PID=1614) to work on /opt/airflow/dags/dag_market_eod.py
[2026-09-30T05:32:06.711+0000] {processor.py:830} INFO - Processing file /opt/airflow/dags/dag_market_eod.py for tasks to queue
[2026-09-30T05:32:06.712+0000] {logging_mixin.py:188} INFO - [2026-09-30T05:32:06.712+0000] {dagbag.py:545} INFO - Filling up the DagBag from /opt/airflow/dags/dag_market_eod.py
[2026-09-30T05:32:06.945+0000] {processor.py:840} INFO - DAG(s) 'dag_market_eod' retrieved from /opt/airflow/dags/dag_market_eod.py
[2026-09-30T05:32:06.961+0000] {logging_mixin.py:188} INFO - [2026-09-30T05:32:06.961+0000] {dag.py:3089} INFO - Sync 1 DAGs
[2026-09-30T05:32:07.073+0000] {logging_mixin.py:188} INFO - [2026-09-30T05:32:07.073+0000] {dag.py:3947} INFO - Setting next_dagrun for dag_market_eod to 2026-09-29 22:00:00+00:00, run_after=2026-09-30 22:00:00+00:00
[2026-09-30T05:32:07.085+0000] {processor.py:183} INFO - Processing /opt/airflow/dags/dag_market_eod.py took 0.379 seconds
[2026-09-30T05:32:37.193+0000] {processor.py:161} INFO - Started process (PID=1620) to work on /opt/airflow/dags/dag_market_eod.py
[2026-09-30T05:32:37.194+0000] {processor.py:830} INFO - Processing file /opt/airflow/dags/dag_market_eod.py for tasks to queue
[2026-09-30T05:32:37.195+0000] {logging_mixin.py:188} INFO - [2026-09-30T05:32:37.194+0000] {dagbag.py:545} INFO - Filling up the DagBag from /opt/airflow/dags/dag_market_eod.py
[2026-09-30T05:32:37.429+0000] {processor.py:840} INFO - DAG(s) 'dag_market_eod' retrieved from /opt/airflow/dags/dag_market_eod.py
[2026-09-30T05:32:37.446+0000] {logging_mixin.py:188} INFO - [2026-09-30T05:32:37.446+0000] {dag.py:3089} INFO - Sync 1 DAGs
[2026-09-30T05:32:37.560+0000] {logging_mixin.py:188} INFO - [2026-09-30T05:32:37.560+0000] {dag.py:3947} INFO - Setting next_dagrun for dag_market_eod to 2026-09-29 22:00:00+00:00, run_after=2026-09-30 22:00:00+00:00
[2026-09-30T05:32:37.572+0000] {processor.py:183} INFO - Processing /opt/airflow/dags/dag_market_eod.py took 0.382 seconds
[2026-09-30T05:33:07.673+0000] {processor.py:161} INFO - Started process (PID=1626) to work on /opt/airflow/dags/dag_market_eod.py
[2026-09-30T05:33:07.676+0000] {processor.py:830} INFO - Processing file /opt/airflow/dags/dag_market_eod.py for tasks to queue
[2026-09-30T05:33:07.677+0000] {logging_mixin.py:188} INFO - [2026-09-30T05:33:07.677+0000] {dagbag.py:545} INFO - Filling up the DagBag from /opt/airflow/dags/dag_market_eod.py
[2026-09-30T05:33:07.908+0000] {processor.py:840} INFO - DAG(s) 'dag_market_eod' retrieved from /opt/airflow/dags/dag_market_eod.py
[2026-09-30T05:33:07.924+0000] {logging_mixin.py:188} INFO - [2026-09-30T05:33:07.923+0000] {dag.py:3089} INFO - Sync 1 DAGs
[2026-09-30T05:33:07.936+0000] {logging_mixin.py:188} INFO - [2026-09-30T05:33:07.936+0000] {dag.py:3947} INFO - Setting next_dagrun for dag_market_eod to 2026-09-29 22:00:00+00:00, run_after=2026-09-30 22:00:00+00:00
[2026-09-30T05:33:07.945+0000] {processor.py:183} INFO - Processing /opt/airflow/dags/dag_market_eod.py took 0.276 seconds
[2026-09-30T05:33:38.037+0000] {processor.py:161} INFO - Started process (PID=1632) to work on /opt/airflow/dags/dag_market_eod.py
[2026-09-30T05:33:38.038+0000] {processor.py:830} INFO - Processing file /opt/airflow/dags/dag_market_eod.py for tasks to queue
[2026-09-30T05:33:38.039+0000] {logging_mixin.py:188} INFO - [2026-09-30T05:33:38.039+0000] {dagbag.py:545} INFO - Filling up the DagBag from /opt/airflow/dags/dag_market_eod.py
[2026-09-30T05:33:38.270+0000] {processor.py:840} INFO - DAG(s) 'dag_market_eod' retrieved from /opt/airflow/dags/dag_market_eod.py
[2026-09-30T05:33:38.289+0000] {logging_mixin.py:188} INFO - [2026-09-30T05:33:38.289+0000] {dag.py:3089} INFO - Sync 1 DAGs
[2026-09-30T05:33:38.302+0000] {logging_mixin.py:188} INFO - [2026-09-30T05:33:38.302+0000] {dag.py:3947} INFO - Setting next_dagrun for dag_market_eod to 2026-09-29 22:00:00+00:00, run_after=2026-09-30 22:00:00+00:00
[2026-09-30T05:33:38.312+0000] {processor.py:183} INFO - Processing /opt/airflow/dags/dag_market_eod.py took 0.279 seconds
[2026-09-30T05:34:08.400+0000] {processor.py:161} INFO - Started process (PID=1638) to work on /opt/airflow/dags/dag_market_eod.py
[2026-09-30T05:34:08.402+0000] {processor.py:830} INFO - Processing file /opt/airflow/dags/dag_market_eod.py for tasks to queue
[2026-09-30T05:34:08.403+0000] {logging_mixin.py:188} INFO - [2026-09-30T05:34:08.403+0000] {dagbag.py:545} INFO - Filling up the DagBag from /opt/airflow/dags/dag_market_eod.py
[2026-09-30T05:34:08.729+0000] {processor.py:840} INFO - DAG(s) 'dag_market_eod' retrieved from /opt/airflow/dags/dag_market_eod.py
[2026-09-30T05:34:08.745+0000] {logging_mixin.py:188} INFO - [2026-09-30T05:34:08.745+0000] {dag.py:3089} INFO - Sync 1 DAGs
[2026-09-30T05:34:08.757+0000] {logging_mixin.py:188} INFO - [2026-09-30T05:34:08.756+0000] {dag.py:3947} INFO - Setting next_dagrun for dag_market_eod to 2026-09-29 22:00:00+00:00, run_after=2026-09-30 22:00:00+00:00
[2026-09-30T05:34:08.767+0000] {processor.py:183} INFO - Processing /opt/airflow/dags/dag_market_eod.py took 0.371 seconds
[2026-09-30T05:34:38.873+0000] {processor.py:161} INFO - Started process (PID=1644) to work on /opt/airflow/dags/dag_market_eod.py
[2026-09-30T05:34:38.873+0000] {processor.py:830} INFO - Processing file /opt/airflow/dags/dag_market_eod.py for tasks to queue
[2026-09-30T05:34:38.874+0000] {logging_mixin.py:188} INFO - [2026-09-30T05:34:38.874+0000] {dagbag.py:545} INFO - Filling up the DagBag from /opt/airflow/dags/dag_market_eod.py
[2026-09-30T05:34:39.212+0000] {processor.py:840} INFO - DAG(s) 'dag_market_eod' retrieved from /opt/airflow/dags/dag_market_eod.py
[2026-09-30T05:34:39.235+0000] {logging_mixin.py:188} INFO - [2026-09-30T05:34:39.234+0000] {dag.py:3089} INFO - Sync 1 DAGs
[2026-09-30T05:34:39.249+0000] {logging_mixin.py:188} INFO - [2026-09-30T05:34:39.249+0000] {dag.py:3947} INFO - Setting next_dagrun for dag_market_eod to 2026-09-29 22:00:00+00:00, run_after=2026-09-30 22:00:00+00:00
[2026-09-30T05:34:39.260+0000] {processor.py:183} INFO - Processing /opt/airflow/dags/dag_market_eod.py took 0.391 seconds
[2026-09-30T05:35:09.359+0000] {processor.py:161} INFO - Started process (PID=1650) to work on /opt/airflow/dags/dag_market_eod.py
[2026-09-30T05:35:09.360+0000] {processor.py:830} INFO - Processing file /opt/airflow/dags/dag_market_eod.py for tasks to queue
[2026-09-30T05:35:09.361+0000] {logging_mixin.py:188} INFO - [2026-09-30T05:35:09.360+0000] {dagbag.py:545} INFO - Filling up the DagBag from /opt/airflow/dags/dag_market_eod.py
[2026-09-30T05:35:09.589+0000] {processor.py:840} INFO - DAG(s) 'dag_market_eod' retrieved from /opt/airflow/dags/dag_market_eod.py
[2026-09-30T05:35:09.604+0000] {logging_mixin.py:188} INFO - [2026-09-30T05:35:09.604+0000] {dag.py:3089} INFO - Sync 1 DAGs
[2026-09-30T05:35:09.717+0000] {logging_mixin.py:188} INFO - [2026-09-30T05:35:09.717+0000] {dag.py:3947} INFO - Setting next_dagrun for dag_market_eod to 2026-09-29 22:00:00+00:00, run_after=2026-09-30 22:00:00+00:00
[2026-09-30T05:35:09.726+0000] {processor.py:183} INFO - Processing /opt/airflow/dags/dag_market_eod.py took 0.370 seconds
[2026-09-30T05:35:39.831+0000] {processor.py:161} INFO - Started process (PID=1656) to work on /opt/airflow/dags/dag_market_eod.py
[2026-09-30T05:35:39.831+0000] {processor.py:830} INFO - Processing file /opt/airflow/dags/dag_market_eod.py for tasks to queue
[2026-09-30T05:35:39.833+0000] {logging_mixin.py:188} INFO - [2026-09-30T05:35:39.832+0000] {dagbag.py:545} INFO - Filling up the DagBag from /opt/airflow/dags/dag_market_eod.py
[2026-09-30T05:35:40.088+0000] {processor.py:840} INFO - DAG(s) 'dag_market_eod' retrieved from /opt/airflow/dags/dag_market_eod.py
[2026-09-30T05:35:40.106+0000] {logging_mixin.py:188} INFO - [2026-09-30T05:35:40.106+0000] {dag.py:3089} INFO - Sync 1 DAGs
[2026-09-30T05:35:40.233+0000] {logging_mixin.py:188} INFO - [2026-09-30T05:35:40.233+0000] {dag.py:3947} INFO - Setting next_dagrun for dag_market_eod to 2026-09-29 22:00:00+00:00, run_after=2026-09-30 22:00:00+00:00
[2026-09-30T05:35:40.243+0000] {processor.py:183} INFO - Processing /opt/airflow/dags/dag_market_eod.py took 0.418 seconds
[2026-09-30T05:36:10.343+0000] {processor.py:161} INFO - Started process (PID=1662) to work on /opt/airflow/dags/dag_market_eod.py
[2026-09-30T05:36:10.345+0000] {processor.py:830} INFO - Processing file /opt/airflow/dags/dag_market_eod.py for tasks to queue
[2026-09-30T05:36:10.346+0000] {logging_mixin.py:188} INFO - [2026-09-30T05:36:10.346+0000] {dagbag.py:545} INFO - Filling up the DagBag from /opt/airflow/dags/dag_market_eod.py
[2026-09-30T05:36:10.595+0000] {processor.py:840} INFO - DAG(s) 'dag_market_eod' retrieved from /opt/airflow/dags/dag_market_eod.py
[2026-09-30T05:36:10.615+0000] {logging_mixin.py:188} INFO - [2026-09-30T05:36:10.614+0000] {dag.py:3089} INFO - Sync 1 DAGs
[2026-09-30T05:36:10.627+0000] {logging_mixin.py:188} INFO - [2026-09-30T05:36:10.626+0000] {dag.py:3947} INFO - Setting next_dagrun for dag_market_eod to 2026-09-29 22:00:00+00:00, run_after=2026-09-30 22:00:00+00:00
[2026-09-30T05:36:10.636+0000] {processor.py:183} INFO - Processing /opt/airflow/dags/dag_market_eod.py took 0.299 seconds
[2026-09-30T05:36:40.733+0000] {processor.py:161} INFO - Started process (PID=1668) to work on /opt/airflow/dags/dag_market_eod.py
[2026-09-30T05:36:40.734+0000] {processor.py:830} INFO - Processing file /opt/airflow/dags/dag_market_eod.py for tasks to queue
[2026-09-30T05:36:40.734+0000] {logging_mixin.py:188} INFO - [2026-09-30T05:36:40.734+0000] {dagbag.py:545} INFO - Filling up the DagBag from /opt/airflow/dags/dag_market_eod.py
[2026-09-30T05:36:40.968+0000] {processor.py:840} INFO - DAG(s) 'dag_market_eod' retrieved from /opt/airflow/dags/dag_market_eod.py
[2026-09-30T05:36:40.983+0000] {logging_mixin.py:188} INFO - [2026-09-30T05:36:40.983+0000] {dag.py:3089} INFO - Sync 1 DAGs
[2026-09-30T05:36:40.995+0000] {logging_mixin.py:188} INFO - [2026-09-30T05:36:40.995+0000] {dag.py:3947} INFO - Setting next_dagrun for dag_market_eod to 2026-09-29 22:00:00+00:00, run_after=2026-09-30 22:00:00+00:00
[2026-09-30T05:36:41.006+0000] {processor.py:183} INFO - Processing /opt/airflow/dags/dag_market_eod.py took 0.276 seconds
[2026-09-30T05:37:11.098+0000] {processor.py:161} INFO - Started process (PID=1674) to work on /opt/airflow/dags/dag_market_eod.py
[2026-09-30T05:37:11.100+0000] {processor.py:830} INFO - Processing file /opt/airflow/dags/dag_market_eod.py for tasks to queue
[2026-09-30T05:37:11.101+0000] {logging_mixin.py:188} INFO - [2026-09-30T05:37:11.101+0000] {dagbag.py:545} INFO - Filling up the DagBag from /opt/airflow/dags/dag_market_eod.py
[2026-09-30T05:37:11.444+0000] {processor.py:840} INFO - DAG(s) 'dag_market_eod' retrieved from /opt/airflow/dags/dag_market_eod.py
[2026-09-30T05:37:11.459+0000] {logging_mixin.py:188} INFO - [2026-09-30T05:37:11.459+0000] {dag.py:3089} INFO - Sync 1 DAGs
[2026-09-30T05:37:11.470+0000] {logging_mixin.py:188} INFO - [2026-09-30T05:37:11.470+0000] {dag.py:3947} INFO - Setting next_dagrun for dag_market_eod to 2026-09-29 22:00:00+00:00, run_after=2026-09-30 22:00:00+00:00
[2026-09-30T05:37:11.480+0000] {processor.py:183} INFO - Processing /opt/airflow/dags/dag_market_eod.py took 0.385 seconds
[2026-09-30T05:37:41.587+0000] {processor.py:161} INFO - Started process (PID=1680) to work on /opt/airflow/dags/dag_market_eod.py
[2026-09-30T05:37:41.587+0000] {processor.py:830} INFO - Processing file /opt/airflow/dags/dag_market_eod.py for tasks to queue
[2026-09-30T05:37:41.588+0000] {logging_mixin.py:188} INFO - [2026-09-30T05:37:41.588+0000] {dagbag.py:545} INFO - Filling up the DagBag from /opt/airflow/dags/dag_market_eod.py
[2026-09-30T05:37:41.920+0000] {processor.py:840} INFO - DAG(s) 'dag_market_eod' retrieved from /opt/airflow/dags/dag_market_eod.py
[2026-09-30T05:37:41.935+0000] {logging_mixin.py:188} INFO - [2026-09-30T05:37:41.934+0000] {dag.py:3089} INFO - Sync 1 DAGs
[2026-09-30T05:37:41.947+0000] {logging_mixin.py:188} INFO - [2026-09-30T05:37:41.947+0000] {dag.py:3947} INFO - Setting next_dagrun for dag_market_eod to 2026-09-29 22:00:00+00:00, run_after=2026-09-30 22:00:00+00:00
[2026-09-30T05:37:41.957+0000] {processor.py:183} INFO - Processing /opt/airflow/dags/dag_market_eod.py took 0.374 seconds
[2026-09-30T05:38:12.056+0000] {processor.py:161} INFO - Started process (PID=1686) to work on /opt/airflow/dags/dag_market_eod.py
[2026-09-30T05:38:12.058+0000] {processor.py:830} INFO - Processing file /opt/airflow/dags/dag_market_eod.py for tasks to queue
[2026-09-30T05:38:12.059+0000] {logging_mixin.py:188} INFO - [2026-09-30T05:38:12.059+0000] {dagbag.py:545} INFO - Filling up the DagBag from /opt/airflow/dags/dag_market_eod.py
[2026-09-30T05:38:12.293+0000] {processor.py:840} INFO - DAG(s) 'dag_market_eod' retrieved from /opt/airflow/dags/dag_market_eod.py
[2026-09-30T05:38:12.313+0000] {logging_mixin.py:188} INFO - [2026-09-30T05:38:12.312+0000] {dag.py:3089} INFO - Sync 1 DAGs
[2026-09-30T05:38:12.423+0000] {logging_mixin.py:188} INFO - [2026-09-30T05:38:12.423+0000] {dag.py:3947} INFO - Setting next_dagrun for dag_market_eod to 2026-09-29 22:00:00+00:00, run_after=2026-09-30 22:00:00+00:00
[2026-09-30T05:38:12.435+0000] {processor.py:183} INFO - Processing /opt/airflow/dags/dag_market_eod.py took 0.382 seconds
[2026-09-30T05:38:42.542+0000] {processor.py:161} INFO - Started process (PID=1692) to work on /opt/airflow/dags/dag_market_eod.py
[2026-09-30T05:38:42.543+0000] {processor.py:830} INFO - Processing file /opt/airflow/dags/dag_market_eod.py for tasks to queue
[2026-09-30T05:38:42.544+0000] {logging_mixin.py:188} INFO - [2026-09-30T05:38:42.543+0000] {dagbag.py:545} INFO - Filling up the DagBag from /opt/airflow/dags/dag_market_eod.py
[2026-09-30T05:38:42.775+0000] {processor.py:840} INFO - DAG(s) 'dag_market_eod' retrieved from /opt/airflow/dags/dag_market_eod.py
[2026-09-30T05:38:42.898+0000] {logging_mixin.py:188} INFO - [2026-09-30T05:38:42.898+0000] {dag.py:3089} INFO - Sync 1 DAGs
[2026-09-30T05:38:42.911+0000] {logging_mixin.py:188} INFO - [2026-09-30T05:38:42.910+0000] {dag.py:3947} INFO - Setting next_dagrun for dag_market_eod to 2026-09-29 22:00:00+00:00, run_after=2026-09-30 22:00:00+00:00
[2026-09-30T05:38:42.921+0000] {processor.py:183} INFO - Processing /opt/airflow/dags/dag_market_eod.py took 0.384 seconds
[2026-09-30T05:39:13.022+0000] {processor.py:161} INFO - Started process (PID=1698) to work on /opt/airflow/dags/dag_market_eod.py
[2026-09-30T05:39:13.024+0000] {processor.py:830} INFO - Processing file /opt/airflow/dags/dag_market_eod.py for tasks to queue
[2026-09-30T05:39:13.024+0000] {logging_mixin.py:188} INFO - [2026-09-30T05:39:13.024+0000] {dagbag.py:545} INFO - Filling up the DagBag from /opt/airflow/dags/dag_market_eod.py
[2026-09-30T05:39:13.258+0000] {processor.py:840} INFO - DAG(s) 'dag_market_eod' retrieved from /opt/airflow/dags/dag_market_eod.py
[2026-09-30T05:39:13.273+0000] {logging_mixin.py:188} INFO - [2026-09-30T05:39:13.273+0000] {dag.py:3089} INFO - Sync 1 DAGs
[2026-09-30T05:39:13.285+0000] {logging_mixin.py:188} INFO - [2026-09-30T05:39:13.285+0000] {dag.py:3947} INFO - Setting next_dagrun for dag_market_eod to 2026-09-29 22:00:00+00:00, run_after=2026-09-30 22:00:00+00:00
[2026-09-30T05:39:13.295+0000] {processor.py:183} INFO - Processing /opt/airflow/dags/dag_market_eod.py took 0.277 seconds
[2026-09-30T05:39:43.387+0000] {processor.py:161} INFO - Started process (PID=1704) to work on /opt/airflow/dags/dag_market_eod.py
[2026-09-30T05:39:43.388+0000] {processor.py:830} INFO - Processing file /opt/airflow/dags/dag_market_eod.py for tasks to queue
[2026-09-30T05:39:43.389+0000] {logging_mixin.py:188} INFO - [2026-09-30T05:39:43.389+0000] {dagbag.py:545} INFO - Filling up the DagBag from /opt/airflow/dags/dag_market_eod.py
[2026-09-30T05:39:43.717+0000] {processor.py:840} INFO - DAG(s) 'dag_market_eod' retrieved from /opt/airflow/dags/dag_market_eod.py
[2026-09-30T05:39:43.734+0000] {logging_mixin.py:188} INFO - [2026-09-30T05:39:43.733+0000] {dag.py:3089} INFO - Sync 1 DAGs
[2026-09-30T05:39:43.745+0000] {logging_mixin.py:188} INFO - [2026-09-30T05:39:43.744+0000] {dag.py:3947} INFO - Setting next_dagrun for dag_market_eod to 2026-09-29 22:00:00+00:00, run_after=2026-09-30 22:00:00+00:00
[2026-09-30T05:39:43.755+0000] {processor.py:183} INFO - Processing /opt/airflow/dags/dag_market_eod.py took 0.370 seconds
[2026-09-30T05:40:13.853+0000] {processor.py:161} INFO - Started process (PID=1710) to work on /opt/airflow/dags/dag_market_eod.py
[2026-09-30T05:40:13.854+0000] {processor.py:830} INFO - Processing file /opt/airflow/dags/dag_market_eod.py for tasks to queue
[2026-09-30T05:40:13.854+0000] {logging_mixin.py:188} INFO - [2026-09-30T05:40:13.854+0000] {dagbag.py:545} INFO - Filling up the DagBag from /opt/airflow/dags/dag_market_eod.py
[2026-09-30T05:40:14.196+0000] {processor.py:840} INFO - DAG(s) 'dag_market_eod' retrieved from /opt/airflow/dags/dag_market_eod.py
[2026-09-30T05:40:14.211+0000] {logging_mixin.py:188} INFO - [2026-09-30T05:40:14.211+0000] {dag.py:3089} INFO - Sync 1 DAGs
[2026-09-30T05:40:14.223+0000] {logging_mixin.py:188} INFO - [2026-09-30T05:40:14.223+0000] {dag.py:3947} INFO - Setting next_dagrun for dag_market_eod to 2026-09-29 22:00:00+00:00, run_after=2026-09-30 22:00:00+00:00
[2026-09-30T05:40:14.232+0000] {processor.py:183} INFO - Processing /opt/airflow/dags/dag_market_eod.py took 0.383 seconds
[2026-09-30T05:40:44.337+0000] {processor.py:161} INFO - Started process (PID=1716) to work on /opt/airflow/dags/dag_market_eod.py
[2026-09-30T05:40:44.340+0000] {processor.py:830} INFO - Processing file /opt/airflow/dags/dag_market_eod.py for tasks to queue
[2026-09-30T05:40:44.341+0000] {logging_mixin.py:188} INFO - [2026-09-30T05:40:44.341+0000] {dagbag.py:545} INFO - Filling up the DagBag from /opt/airflow/dags/dag_market_eod.py
[2026-09-30T05:40:44.673+0000] {processor.py:840} INFO - DAG(s) 'dag_market_eod' retrieved from /opt/airflow/dags/dag_market_eod.py
[2026-09-30T05:40:44.690+0000] {logging_mixin.py:188} INFO - [2026-09-30T05:40:44.690+0000] {dag.py:3089} INFO - Sync 1 DAGs
[2026-09-30T05:40:44.703+0000] {logging_mixin.py:188} INFO - [2026-09-30T05:40:44.703+0000] {dag.py:3947} INFO - Setting next_dagrun for dag_market_eod to 2026-09-29 22:00:00+00:00, run_after=2026-09-30 22:00:00+00:00
[2026-09-30T05:40:44.714+0000] {processor.py:183} INFO - Processing /opt/airflow/dags/dag_market_eod.py took 0.381 seconds
[2026-09-30T05:41:14.823+0000] {processor.py:161} INFO - Started process (PID=1722) to work on /opt/airflow/dags/dag_market_eod.py
[2026-09-30T05:41:14.823+0000] {processor.py:830} INFO - Processing file /opt/airflow/dags/dag_market_eod.py for tasks to queue
[2026-09-30T05:41:14.824+0000] {logging_mixin.py:188} INFO - [2026-09-30T05:41:14.824+0000] {dagbag.py:545} INFO - Filling up the DagBag from /opt/airflow/dags/dag_market_eod.py
[2026-09-30T05:41:15.051+0000] {processor.py:840} INFO - DAG(s) 'dag_market_eod' retrieved from /opt/airflow/dags/dag_market_eod.py
[2026-09-30T05:41:15.071+0000] {logging_mixin.py:188} INFO - [2026-09-30T05:41:15.071+0000] {dag.py:3089} INFO - Sync 1 DAGs
[2026-09-30T05:41:15.182+0000] {logging_mixin.py:188} INFO - [2026-09-30T05:41:15.182+0000] {dag.py:3947} INFO - Setting next_dagrun for dag_market_eod to 2026-09-29 22:00:00+00:00, run_after=2026-09-30 22:00:00+00:00
[2026-09-30T05:41:15.192+0000] {processor.py:183} INFO - Processing /opt/airflow/dags/dag_market_eod.py took 0.372 seconds
[2026-09-30T05:41:45.282+0000] {processor.py:161} INFO - Started process (PID=1728) to work on /opt/airflow/dags/dag_market_eod.py
[2026-09-30T05:41:45.283+0000] {processor.py:830} INFO - Processing file /opt/airflow/dags/dag_market_eod.py for tasks to queue
[2026-09-30T05:41:45.285+0000] {logging_mixin.py:188} INFO - [2026-09-30T05:41:45.284+0000] {dagbag.py:545} INFO - Filling up the DagBag from /opt/airflow/dags/dag_market_eod.py
[2026-09-30T05:41:45.513+0000] {processor.py:840} INFO - DAG(s) 'dag_market_eod' retrieved from /opt/airflow/dags/dag_market_eod.py
[2026-09-30T05:41:45.628+0000] {logging_mixin.py:188} INFO - [2026-09-30T05:41:45.628+0000] {dag.py:3089} INFO - Sync 1 DAGs
[2026-09-30T05:41:45.640+0000] {logging_mixin.py:188} INFO - [2026-09-30T05:41:45.639+0000] {dag.py:3947} INFO - Setting next_dagrun for dag_market_eod to 2026-09-29 22:00:00+00:00, run_after=2026-09-30 22:00:00+00:00
[2026-09-30T05:41:45.649+0000] {processor.py:183} INFO - Processing /opt/airflow/dags/dag_market_eod.py took 0.371 seconds
[2026-09-30T05:42:15.752+0000] {processor.py:161} INFO - Started process (PID=1734) to work on /opt/airflow/dags/dag_market_eod.py
[2026-09-30T05:42:15.753+0000] {processor.py:830} INFO - Processing file /opt/airflow/dags/dag_market_eod.py for tasks to queue
[2026-09-30T05:42:15.754+0000] {logging_mixin.py:188} INFO - [2026-09-30T05:42:15.753+0000] {dagbag.py:545} INFO - Filling up the DagBag from /opt/airflow/dags/dag_market_eod.py
[2026-09-30T05:42:15.987+0000] {processor.py:840} INFO - DAG(s) 'dag_market_eod' retrieved from /opt/airflow/dags/dag_market_eod.py
[2026-09-30T05:42:16.003+0000] {logging_mixin.py:188} INFO - [2026-09-30T05:42:16.003+0000] {dag.py:3089} INFO - Sync 1 DAGs
[2026-09-30T05:42:16.015+0000] {logging_mixin.py:188} INFO - [2026-09-30T05:42:16.015+0000] {dag.py:3947} INFO - Setting next_dagrun for dag_market_eod to 2026-09-29 22:00:00+00:00, run_after=2026-09-30 22:00:00+00:00
[2026-09-30T05:42:16.025+0000] {processor.py:183} INFO - Processing /opt/airflow/dags/dag_market_eod.py took 0.277 seconds
[2026-09-30T05:42:46.116+0000] {processor.py:161} INFO - Started process (PID=1740) to work on /opt/airflow/dags/dag_market_eod.py
[2026-09-30T05:42:46.119+0000] {processor.py:830} INFO - Processing file /opt/airflow/dags/dag_market_eod.py for tasks to queue
[2026-09-30T05:42:46.120+0000] {logging_mixin.py:188} INFO - [2026-09-30T05:42:46.120+0000] {dagbag.py:545} INFO - Filling up the DagBag from /opt/airflow/dags/dag_market_eod.py
[2026-09-30T05:42:46.444+0000] {processor.py:840} INFO - DAG(s) 'dag_market_eod' retrieved from /opt/airflow/dags/dag_market_eod.py
[2026-09-30T05:42:46.463+0000] {logging_mixin.py:188} INFO - [2026-09-30T05:42:46.463+0000] {dag.py:3089} INFO - Sync 1 DAGs
[2026-09-30T05:42:46.474+0000] {logging_mixin.py:188} INFO - [2026-09-30T05:42:46.474+0000] {dag.py:3947} INFO - Setting next_dagrun for dag_market_eod to 2026-09-29 22:00:00+00:00, run_after=2026-09-30 22:00:00+00:00
[2026-09-30T05:42:46.484+0000] {processor.py:183} INFO - Processing /opt/airflow/dags/dag_market_eod.py took 0.372 seconds
[2026-09-30T05:43:16.584+0000] {processor.py:161} INFO - Started process (PID=1746) to work on /opt/airflow/dags/dag_market_eod.py
[2026-09-30T05:43:16.585+0000] {processor.py:830} INFO - Processing file /opt/airflow/dags/dag_market_eod.py for tasks to queue
[2026-09-30T05:43:16.586+0000] {logging_mixin.py:188} INFO - [2026-09-30T05:43:16.586+0000] {dagbag.py:545} INFO - Filling up the DagBag from /opt/airflow/dags/dag_market_eod.py
[2026-09-30T05:43:16.976+0000] {processor.py:840} INFO - DAG(s) 'dag_market_eod' retrieved from /opt/airflow/dags/dag_market_eod.py
[2026-09-30T05:43:17.001+0000] {logging_mixin.py:188} INFO - [2026-09-30T05:43:17.000+0000] {dag.py:3089} INFO - Sync 1 DAGs
[2026-09-30T05:43:17.018+0000] {logging_mixin.py:188} INFO - [2026-09-30T05:43:17.018+0000] {dag.py:3947} INFO - Setting next_dagrun for dag_market_eod to 2026-09-29 22:00:00+00:00, run_after=2026-09-30 22:00:00+00:00
[2026-09-30T05:43:17.034+0000] {processor.py:183} INFO - Processing /opt/airflow/dags/dag_market_eod.py took 0.456 seconds
[2026-09-30T05:43:47.138+0000] {processor.py:161} INFO - Started process (PID=1752) to work on /opt/airflow/dags/dag_market_eod.py
[2026-09-30T05:43:47.139+0000] {processor.py:830} INFO - Processing file /opt/airflow/dags/dag_market_eod.py for tasks to queue
[2026-09-30T05:43:47.140+0000] {logging_mixin.py:188} INFO - [2026-09-30T05:43:47.140+0000] {dagbag.py:545} INFO - Filling up the DagBag from /opt/airflow/dags/dag_market_eod.py
[2026-09-30T05:43:47.466+0000] {processor.py:840} INFO - DAG(s) 'dag_market_eod' retrieved from /opt/airflow/dags/dag_market_eod.py
[2026-09-30T05:43:47.481+0000] {logging_mixin.py:188} INFO - [2026-09-30T05:43:47.481+0000] {dag.py:3089} INFO - Sync 1 DAGs
[2026-09-30T05:43:47.493+0000] {logging_mixin.py:188} INFO - [2026-09-30T05:43:47.493+0000] {dag.py:3947} INFO - Setting next_dagrun for dag_market_eod to 2026-09-29 22:00:00+00:00, run_after=2026-09-30 22:00:00+00:00
[2026-09-30T05:43:47.503+0000] {processor.py:183} INFO - Processing /opt/airflow/dags/dag_market_eod.py took 0.369 seconds
[2026-09-30T05:44:17.606+0000] {processor.py:161} INFO - Started process (PID=1758) to work on /opt/airflow/dags/dag_market_eod.py
[2026-09-30T05:44:17.606+0000] {processor.py:830} INFO - Processing file /opt/airflow/dags/dag_market_eod.py for tasks to queue
[2026-09-30T05:44:17.607+0000] {logging_mixin.py:188} INFO - [2026-09-30T05:44:17.607+0000] {dagbag.py:545} INFO - Filling up the DagBag from /opt/airflow/dags/dag_market_eod.py
[2026-09-30T05:44:17.842+0000] {processor.py:840} INFO - DAG(s) 'dag_market_eod' retrieved from /opt/airflow/dags/dag_market_eod.py
[2026-09-30T05:44:17.868+0000] {logging_mixin.py:188} INFO - [2026-09-30T05:44:17.867+0000] {dag.py:3089} INFO - Sync 1 DAGs
[2026-09-30T05:44:18.004+0000] {logging_mixin.py:188} INFO - [2026-09-30T05:44:18.003+0000] {dag.py:3947} INFO - Setting next_dagrun for dag_market_eod to 2026-09-29 22:00:00+00:00, run_after=2026-09-30 22:00:00+00:00
[2026-09-30T05:44:18.017+0000] {processor.py:183} INFO - Processing /opt/airflow/dags/dag_market_eod.py took 0.416 seconds
[2026-09-30T05:44:48.114+0000] {processor.py:161} INFO - Started process (PID=1764) to work on /opt/airflow/dags/dag_market_eod.py
[2026-09-30T05:44:48.116+0000] {processor.py:830} INFO - Processing file /opt/airflow/dags/dag_market_eod.py for tasks to queue
[2026-09-30T05:44:48.117+0000] {logging_mixin.py:188} INFO - [2026-09-30T05:44:48.117+0000] {dagbag.py:545} INFO - Filling up the DagBag from /opt/airflow/dags/dag_market_eod.py
[2026-09-30T05:44:48.351+0000] {processor.py:840} INFO - DAG(s) 'dag_market_eod' retrieved from /opt/airflow/dags/dag_market_eod.py
[2026-09-30T05:44:48.465+0000] {logging_mixin.py:188} INFO - [2026-09-30T05:44:48.465+0000] {dag.py:3089} INFO - Sync 1 DAGs
[2026-09-30T05:44:48.477+0000] {logging_mixin.py:188} INFO - [2026-09-30T05:44:48.477+0000] {dag.py:3947} INFO - Setting next_dagrun for dag_market_eod to 2026-09-29 22:00:00+00:00, run_after=2026-09-30 22:00:00+00:00
[2026-09-30T05:44:48.488+0000] {processor.py:183} INFO - Processing /opt/airflow/dags/dag_market_eod.py took 0.378 seconds
[2026-09-30T05:45:18.585+0000] {processor.py:161} INFO - Started process (PID=1770) to work on /opt/airflow/dags/dag_market_eod.py
[2026-09-30T05:45:18.586+0000] {processor.py:830} INFO - Processing file /opt/airflow/dags/dag_market_eod.py for tasks to queue
[2026-09-30T05:45:18.587+0000] {logging_mixin.py:188} INFO - [2026-09-30T05:45:18.587+0000] {dagbag.py:545} INFO - Filling up the DagBag from /opt/airflow/dags/dag_market_eod.py
[2026-09-30T05:45:18.826+0000] {processor.py:840} INFO - DAG(s) 'dag_market_eod' retrieved from /opt/airflow/dags/dag_market_eod.py
[2026-09-30T05:45:18.843+0000] {logging_mixin.py:188} INFO - [2026-09-30T05:45:18.842+0000] {dag.py:3089} INFO - Sync 1 DAGs
[2026-09-30T05:45:18.855+0000] {logging_mixin.py:188} INFO - [2026-09-30T05:45:18.855+0000] {dag.py:3947} INFO - Setting next_dagrun for dag_market_eod to 2026-09-29 22:00:00+00:00, run_after=2026-09-30 22:00:00+00:00
[2026-09-30T05:45:18.865+0000] {processor.py:183} INFO - Processing /opt/airflow/dags/dag_market_eod.py took 0.285 seconds
[2026-09-30T05:45:48.967+0000] {processor.py:161} INFO - Started process (PID=1776) to work on /opt/airflow/dags/dag_market_eod.py
[2026-09-30T05:45:48.969+0000] {processor.py:830} INFO - Processing file /opt/airflow/dags/dag_market_eod.py for tasks to queue
[2026-09-30T05:45:48.971+0000] {logging_mixin.py:188} INFO - [2026-09-30T05:45:48.970+0000] {dagbag.py:545} INFO - Filling up the DagBag from /opt/airflow/dags/dag_market_eod.py
[2026-09-30T05:45:49.307+0000] {processor.py:840} INFO - DAG(s) 'dag_market_eod' retrieved from /opt/airflow/dags/dag_market_eod.py
[2026-09-30T05:45:49.323+0000] {logging_mixin.py:188} INFO - [2026-09-30T05:45:49.323+0000] {dag.py:3089} INFO - Sync 1 DAGs
[2026-09-30T05:45:49.334+0000] {logging_mixin.py:188} INFO - [2026-09-30T05:45:49.334+0000] {dag.py:3947} INFO - Setting next_dagrun for dag_market_eod to 2026-09-29 22:00:00+00:00, run_after=2026-09-30 22:00:00+00:00
[2026-09-30T05:45:49.344+0000] {processor.py:183} INFO - Processing /opt/airflow/dags/dag_market_eod.py took 0.382 seconds
[2026-09-30T05:46:19.449+0000] {processor.py:161} INFO - Started process (PID=1782) to work on /opt/airflow/dags/dag_market_eod.py
[2026-09-30T05:46:19.449+0000] {processor.py:830} INFO - Processing file /opt/airflow/dags/dag_market_eod.py for tasks to queue
[2026-09-30T05:46:19.450+0000] {logging_mixin.py:188} INFO - [2026-09-30T05:46:19.450+0000] {dagbag.py:545} INFO - Filling up the DagBag from /opt/airflow/dags/dag_market_eod.py
[2026-09-30T05:46:19.788+0000] {processor.py:840} INFO - DAG(s) 'dag_market_eod' retrieved from /opt/airflow/dags/dag_market_eod.py
[2026-09-30T05:46:19.805+0000] {logging_mixin.py:188} INFO - [2026-09-30T05:46:19.805+0000] {dag.py:3089} INFO - Sync 1 DAGs
[2026-09-30T05:46:19.817+0000] {logging_mixin.py:188} INFO - [2026-09-30T05:46:19.817+0000] {dag.py:3947} INFO - Setting next_dagrun for dag_market_eod to 2026-09-29 22:00:00+00:00, run_after=2026-09-30 22:00:00+00:00
[2026-09-30T05:46:19.827+0000] {processor.py:183} INFO - Processing /opt/airflow/dags/dag_market_eod.py took 0.383 seconds
[2026-09-30T05:46:49.927+0000] {processor.py:161} INFO - Started process (PID=1788) to work on /opt/airflow/dags/dag_market_eod.py
[2026-09-30T05:46:49.928+0000] {processor.py:830} INFO - Processing file /opt/airflow/dags/dag_market_eod.py for tasks to queue
[2026-09-30T05:46:49.929+0000] {logging_mixin.py:188} INFO - [2026-09-30T05:46:49.929+0000] {dagbag.py:545} INFO - Filling up the DagBag from /opt/airflow/dags/dag_market_eod.py
[2026-09-30T05:46:50.258+0000] {processor.py:840} INFO - DAG(s) 'dag_market_eod' retrieved from /opt/airflow/dags/dag_market_eod.py
[2026-09-30T05:46:50.277+0000] {logging_mixin.py:188} INFO - [2026-09-30T05:46:50.277+0000] {dag.py:3089} INFO - Sync 1 DAGs
[2026-09-30T05:46:50.289+0000] {logging_mixin.py:188} INFO - [2026-09-30T05:46:50.289+0000] {dag.py:3947} INFO - Setting next_dagrun for dag_market_eod to 2026-09-29 22:00:00+00:00, run_after=2026-09-30 22:00:00+00:00
[2026-09-30T05:46:50.299+0000] {processor.py:183} INFO - Processing /opt/airflow/dags/dag_market_eod.py took 0.375 seconds
[2026-09-30T05:47:20.401+0000] {processor.py:161} INFO - Started process (PID=1794) to work on /opt/airflow/dags/dag_market_eod.py
[2026-09-30T05:47:20.401+0000] {processor.py:830} INFO - Processing file /opt/airflow/dags/dag_market_eod.py for tasks to queue
[2026-09-30T05:47:20.402+0000] {logging_mixin.py:188} INFO - [2026-09-30T05:47:20.402+0000] {dagbag.py:545} INFO - Filling up the DagBag from /opt/airflow/dags/dag_market_eod.py
[2026-09-30T05:47:20.642+0000] {processor.py:840} INFO - DAG(s) 'dag_market_eod' retrieved from /opt/airflow/dags/dag_market_eod.py
[2026-09-30T05:47:20.667+0000] {logging_mixin.py:188} INFO - [2026-09-30T05:47:20.667+0000] {dag.py:3089} INFO - Sync 1 DAGs
[2026-09-30T05:47:20.786+0000] {logging_mixin.py:188} INFO - [2026-09-30T05:47:20.786+0000] {dag.py:3947} INFO - Setting next_dagrun for dag_market_eod to 2026-09-29 22:00:00+00:00, run_after=2026-09-30 22:00:00+00:00
[2026-09-30T05:47:20.797+0000] {processor.py:183} INFO - Processing /opt/airflow/dags/dag_market_eod.py took 0.400 seconds
[2026-09-30T05:47:50.903+0000] {processor.py:161} INFO - Started process (PID=1800) to work on /opt/airflow/dags/dag_market_eod.py
[2026-09-30T05:47:50.905+0000] {processor.py:830} INFO - Processing file /opt/airflow/dags/dag_market_eod.py for tasks to queue
[2026-09-30T05:47:50.906+0000] {logging_mixin.py:188} INFO - [2026-09-30T05:47:50.906+0000] {dagbag.py:545} INFO - Filling up the DagBag from /opt/airflow/dags/dag_market_eod.py
[2026-09-30T05:47:51.139+0000] {processor.py:840} INFO - DAG(s) 'dag_market_eod' retrieved from /opt/airflow/dags/dag_market_eod.py
[2026-09-30T05:47:51.156+0000] {logging_mixin.py:188} INFO - [2026-09-30T05:47:51.156+0000] {dag.py:3089} INFO - Sync 1 DAGs
[2026-09-30T05:47:51.168+0000] {logging_mixin.py:188} INFO - [2026-09-30T05:47:51.168+0000] {dag.py:3947} INFO - Setting next_dagrun for dag_market_eod to 2026-09-29 22:00:00+00:00, run_after=2026-09-30 22:00:00+00:00
[2026-09-30T05:47:51.177+0000] {processor.py:183} INFO - Processing /opt/airflow/dags/dag_market_eod.py took 0.278 seconds
[2026-09-30T05:48:21.268+0000] {processor.py:161} INFO - Started process (PID=1806) to work on /opt/airflow/dags/dag_market_eod.py
[2026-09-30T05:48:21.269+0000] {processor.py:830} INFO - Processing file /opt/airflow/dags/dag_market_eod.py for tasks to queue
[2026-09-30T05:48:21.270+0000] {logging_mixin.py:188} INFO - [2026-09-30T05:48:21.270+0000] {dagbag.py:545} INFO - Filling up the DagBag from /opt/airflow/dags/dag_market_eod.py
[2026-09-30T05:48:21.503+0000] {processor.py:840} INFO - DAG(s) 'dag_market_eod' retrieved from /opt/airflow/dags/dag_market_eod.py
[2026-09-30T05:48:21.520+0000] {logging_mixin.py:188} INFO - [2026-09-30T05:48:21.520+0000] {dag.py:3089} INFO - Sync 1 DAGs
[2026-09-30T05:48:21.532+0000] {logging_mixin.py:188} INFO - [2026-09-30T05:48:21.532+0000] {dag.py:3947} INFO - Setting next_dagrun for dag_market_eod to 2026-09-29 22:00:00+00:00, run_after=2026-09-30 22:00:00+00:00
[2026-09-30T05:48:21.542+0000] {processor.py:183} INFO - Processing /opt/airflow/dags/dag_market_eod.py took 0.278 seconds
[2026-09-30T05:48:51.633+0000] {processor.py:161} INFO - Started process (PID=1812) to work on /opt/airflow/dags/dag_market_eod.py
[2026-09-30T05:48:51.635+0000] {processor.py:830} INFO - Processing file /opt/airflow/dags/dag_market_eod.py for tasks to queue
[2026-09-30T05:48:51.636+0000] {logging_mixin.py:188} INFO - [2026-09-30T05:48:51.635+0000] {dagbag.py:545} INFO - Filling up the DagBag from /opt/airflow/dags/dag_market_eod.py
[2026-09-30T05:48:51.977+0000] {processor.py:840} INFO - DAG(s) 'dag_market_eod' retrieved from /opt/airflow/dags/dag_market_eod.py
[2026-09-30T05:48:51.994+0000] {logging_mixin.py:188} INFO - [2026-09-30T05:48:51.994+0000] {dag.py:3089} INFO - Sync 1 DAGs
[2026-09-30T05:48:52.006+0000] {logging_mixin.py:188} INFO - [2026-09-30T05:48:52.006+0000] {dag.py:3947} INFO - Setting next_dagrun for dag_market_eod to 2026-09-29 22:00:00+00:00, run_after=2026-09-30 22:00:00+00:00
[2026-09-30T05:48:52.016+0000] {processor.py:183} INFO - Processing /opt/airflow/dags/dag_market_eod.py took 0.386 seconds
[2026-09-30T05:49:22.120+0000] {processor.py:161} INFO - Started process (PID=1818) to work on /opt/airflow/dags/dag_market_eod.py
[2026-09-30T05:49:22.120+0000] {processor.py:830} INFO - Processing file /opt/airflow/dags/dag_market_eod.py for tasks to queue
[2026-09-30T05:49:22.122+0000] {logging_mixin.py:188} INFO - [2026-09-30T05:49:22.121+0000] {dagbag.py:545} INFO - Filling up the DagBag from /opt/airflow/dags/dag_market_eod.py
[2026-09-30T05:49:22.448+0000] {processor.py:840} INFO - DAG(s) 'dag_market_eod' retrieved from /opt/airflow/dags/dag_market_eod.py
[2026-09-30T05:49:22.468+0000] {logging_mixin.py:188} INFO - [2026-09-30T05:49:22.468+0000] {dag.py:3089} INFO - Sync 1 DAGs
[2026-09-30T05:49:22.481+0000] {logging_mixin.py:188} INFO - [2026-09-30T05:49:22.481+0000] {dag.py:3947} INFO - Setting next_dagrun for dag_market_eod to 2026-09-29 22:00:00+00:00, run_after=2026-09-30 22:00:00+00:00
[2026-09-30T05:49:22.493+0000] {processor.py:183} INFO - Processing /opt/airflow/dags/dag_market_eod.py took 0.378 seconds
[2026-09-30T05:49:52.592+0000] {processor.py:161} INFO - Started process (PID=1824) to work on /opt/airflow/dags/dag_market_eod.py
[2026-09-30T05:49:52.594+0000] {processor.py:830} INFO - Processing file /opt/airflow/dags/dag_market_eod.py for tasks to queue
[2026-09-30T05:49:52.595+0000] {logging_mixin.py:188} INFO - [2026-09-30T05:49:52.595+0000] {dagbag.py:545} INFO - Filling up the DagBag from /opt/airflow/dags/dag_market_eod.py
[2026-09-30T05:49:52.919+0000] {processor.py:840} INFO - DAG(s) 'dag_market_eod' retrieved from /opt/airflow/dags/dag_market_eod.py
[2026-09-30T05:49:52.935+0000] {logging_mixin.py:188} INFO - [2026-09-30T05:49:52.935+0000] {dag.py:3089} INFO - Sync 1 DAGs
[2026-09-30T05:49:52.947+0000] {logging_mixin.py:188} INFO - [2026-09-30T05:49:52.947+0000] {dag.py:3947} INFO - Setting next_dagrun for dag_market_eod to 2026-09-29 22:00:00+00:00, run_after=2026-09-30 22:00:00+00:00
[2026-09-30T05:49:52.958+0000] {processor.py:183} INFO - Processing /opt/airflow/dags/dag_market_eod.py took 0.369 seconds
[2026-09-30T05:50:23.060+0000] {processor.py:161} INFO - Started process (PID=1830) to work on /opt/airflow/dags/dag_market_eod.py
[2026-09-30T05:50:23.060+0000] {processor.py:830} INFO - Processing file /opt/airflow/dags/dag_market_eod.py for tasks to queue
[2026-09-30T05:50:23.061+0000] {logging_mixin.py:188} INFO - [2026-09-30T05:50:23.061+0000] {dagbag.py:545} INFO - Filling up the DagBag from /opt/airflow/dags/dag_market_eod.py
[2026-09-30T05:50:23.290+0000] {processor.py:840} INFO - DAG(s) 'dag_market_eod' retrieved from /opt/airflow/dags/dag_market_eod.py
[2026-09-30T05:50:23.311+0000] {logging_mixin.py:188} INFO - [2026-09-30T05:50:23.311+0000] {dag.py:3089} INFO - Sync 1 DAGs
[2026-09-30T05:50:23.421+0000] {logging_mixin.py:188} INFO - [2026-09-30T05:50:23.421+0000] {dag.py:3947} INFO - Setting next_dagrun for dag_market_eod to 2026-09-29 22:00:00+00:00, run_after=2026-09-30 22:00:00+00:00
[2026-09-30T05:50:23.431+0000] {processor.py:183} INFO - Processing /opt/airflow/dags/dag_market_eod.py took 0.374 seconds
[2026-09-30T05:50:53.524+0000] {processor.py:161} INFO - Started process (PID=1836) to work on /opt/airflow/dags/dag_market_eod.py
[2026-09-30T05:50:53.526+0000] {processor.py:830} INFO - Processing file /opt/airflow/dags/dag_market_eod.py for tasks to queue
[2026-09-30T05:50:53.527+0000] {logging_mixin.py:188} INFO - [2026-09-30T05:50:53.526+0000] {dagbag.py:545} INFO - Filling up the DagBag from /opt/airflow/dags/dag_market_eod.py
[2026-09-30T05:50:53.758+0000] {processor.py:840} INFO - DAG(s) 'dag_market_eod' retrieved from /opt/airflow/dags/dag_market_eod.py
[2026-09-30T05:50:53.875+0000] {logging_mixin.py:188} INFO - [2026-09-30T05:50:53.875+0000] {dag.py:3089} INFO - Sync 1 DAGs
[2026-09-30T05:50:53.887+0000] {logging_mixin.py:188} INFO - [2026-09-30T05:50:53.887+0000] {dag.py:3947} INFO - Setting next_dagrun for dag_market_eod to 2026-09-29 22:00:00+00:00, run_after=2026-09-30 22:00:00+00:00
[2026-09-30T05:50:53.897+0000] {processor.py:183} INFO - Processing /opt/airflow/dags/dag_market_eod.py took 0.376 seconds
[2026-09-30T05:51:23.998+0000] {processor.py:161} INFO - Started process (PID=1842) to work on /opt/airflow/dags/dag_market_eod.py
[2026-09-30T05:51:23.998+0000] {processor.py:830} INFO - Processing file /opt/airflow/dags/dag_market_eod.py for tasks to queue
[2026-09-30T05:51:23.999+0000] {logging_mixin.py:188} INFO - [2026-09-30T05:51:23.999+0000] {dagbag.py:545} INFO - Filling up the DagBag from /opt/airflow/dags/dag_market_eod.py
[2026-09-30T05:51:24.226+0000] {processor.py:840} INFO - DAG(s) 'dag_market_eod' retrieved from /opt/airflow/dags/dag_market_eod.py
[2026-09-30T05:51:24.241+0000] {logging_mixin.py:188} INFO - [2026-09-30T05:51:24.241+0000] {dag.py:3089} INFO - Sync 1 DAGs
[2026-09-30T05:51:24.253+0000] {logging_mixin.py:188} INFO - [2026-09-30T05:51:24.253+0000] {dag.py:3947} INFO - Setting next_dagrun for dag_market_eod to 2026-09-29 22:00:00+00:00, run_after=2026-09-30 22:00:00+00:00
[2026-09-30T05:51:24.263+0000] {processor.py:183} INFO - Processing /opt/airflow/dags/dag_market_eod.py took 0.269 seconds
[2026-09-30T05:51:54.351+0000] {processor.py:161} INFO - Started process (PID=1848) to work on /opt/airflow/dags/dag_market_eod.py
[2026-09-30T05:51:54.352+0000] {processor.py:830} INFO - Processing file /opt/airflow/dags/dag_market_eod.py for tasks to queue
[2026-09-30T05:51:54.352+0000] {logging_mixin.py:188} INFO - [2026-09-30T05:51:54.352+0000] {dagbag.py:545} INFO - Filling up the DagBag from /opt/airflow/dags/dag_market_eod.py
[2026-09-30T05:51:54.673+0000] {processor.py:840} INFO - DAG(s) 'dag_market_eod' retrieved from /opt/airflow/dags/dag_market_eod.py
[2026-09-30T05:51:54.691+0000] {logging_mixin.py:188} INFO - [2026-09-30T05:51:54.691+0000] {dag.py:3089} INFO - Sync 1 DAGs
[2026-09-30T05:51:54.702+0000] {logging_mixin.py:188} INFO - [2026-09-30T05:51:54.702+0000] {dag.py:3947} INFO - Setting next_dagrun for dag_market_eod to 2026-09-29 22:00:00+00:00, run_after=2026-09-30 22:00:00+00:00
[2026-09-30T05:51:54.713+0000] {processor.py:183} INFO - Processing /opt/airflow/dags/dag_market_eod.py took 0.366 seconds
[2026-09-30T05:52:24.808+0000] {processor.py:161} INFO - Started process (PID=1854) to work on /opt/airflow/dags/dag_market_eod.py
[2026-09-30T05:52:24.809+0000] {processor.py:830} INFO - Processing file /opt/airflow/dags/dag_market_eod.py for tasks to queue
[2026-09-30T05:52:24.810+0000] {logging_mixin.py:188} INFO - [2026-09-30T05:52:24.809+0000] {dagbag.py:545} INFO - Filling up the DagBag from /opt/airflow/dags/dag_market_eod.py
[2026-09-30T05:52:25.147+0000] {processor.py:840} INFO - DAG(s) 'dag_market_eod' retrieved from /opt/airflow/dags/dag_market_eod.py
[2026-09-30T05:52:25.162+0000] {logging_mixin.py:188} INFO - [2026-09-30T05:52:25.162+0000] {dag.py:3089} INFO - Sync 1 DAGs
[2026-09-30T05:52:25.174+0000] {logging_mixin.py:188} INFO - [2026-09-30T05:52:25.174+0000] {dag.py:3947} INFO - Setting next_dagrun for dag_market_eod to 2026-09-29 22:00:00+00:00, run_after=2026-09-30 22:00:00+00:00
[2026-09-30T05:52:25.185+0000] {processor.py:183} INFO - Processing /opt/airflow/dags/dag_market_eod.py took 0.380 seconds
[2026-09-30T05:52:55.291+0000] {processor.py:161} INFO - Started process (PID=1860) to work on /opt/airflow/dags/dag_market_eod.py
[2026-09-30T05:52:55.294+0000] {processor.py:830} INFO - Processing file /opt/airflow/dags/dag_market_eod.py for tasks to queue
[2026-09-30T05:52:55.294+0000] {logging_mixin.py:188} INFO - [2026-09-30T05:52:55.294+0000] {dagbag.py:545} INFO - Filling up the DagBag from /opt/airflow/dags/dag_market_eod.py
[2026-09-30T05:52:55.619+0000] {processor.py:840} INFO - DAG(s) 'dag_market_eod' retrieved from /opt/airflow/dags/dag_market_eod.py
[2026-09-30T05:52:55.638+0000] {logging_mixin.py:188} INFO - [2026-09-30T05:52:55.638+0000] {dag.py:3089} INFO - Sync 1 DAGs
[2026-09-30T05:52:55.651+0000] {logging_mixin.py:188} INFO - [2026-09-30T05:52:55.650+0000] {dag.py:3947} INFO - Setting next_dagrun for dag_market_eod to 2026-09-29 22:00:00+00:00, run_after=2026-09-30 22:00:00+00:00
[2026-09-30T05:52:55.659+0000] {processor.py:183} INFO - Processing /opt/airflow/dags/dag_market_eod.py took 0.372 seconds
[2026-09-30T05:53:25.758+0000] {processor.py:161} INFO - Started process (PID=1866) to work on /opt/airflow/dags/dag_market_eod.py
[2026-09-30T05:53:25.758+0000] {processor.py:830} INFO - Processing file /opt/airflow/dags/dag_market_eod.py for tasks to queue
[2026-09-30T05:53:25.759+0000] {logging_mixin.py:188} INFO - [2026-09-30T05:53:25.759+0000] {dagbag.py:545} INFO - Filling up the DagBag from /opt/airflow/dags/dag_market_eod.py
[2026-09-30T05:53:25.985+0000] {processor.py:840} INFO - DAG(s) 'dag_market_eod' retrieved from /opt/airflow/dags/dag_market_eod.py
[2026-09-30T05:53:26.001+0000] {logging_mixin.py:188} INFO - [2026-09-30T05:53:26.000+0000] {dag.py:3089} INFO - Sync 1 DAGs
[2026-09-30T05:53:26.113+0000] {logging_mixin.py:188} INFO - [2026-09-30T05:53:26.112+0000] {dag.py:3947} INFO - Setting next_dagrun for dag_market_eod to 2026-09-29 22:00:00+00:00, run_after=2026-09-30 22:00:00+00:00
[2026-09-30T05:53:26.123+0000] {processor.py:183} INFO - Processing /opt/airflow/dags/dag_market_eod.py took 0.369 seconds
[2026-09-30T05:53:56.223+0000] {processor.py:161} INFO - Started process (PID=1872) to work on /opt/airflow/dags/dag_market_eod.py
[2026-09-30T05:53:56.225+0000] {processor.py:830} INFO - Processing file /opt/airflow/dags/dag_market_eod.py for tasks to queue
[2026-09-30T05:53:56.226+0000] {logging_mixin.py:188} INFO - [2026-09-30T05:53:56.225+0000] {dagbag.py:545} INFO - Filling up the DagBag from /opt/airflow/dags/dag_market_eod.py
[2026-09-30T05:53:56.456+0000] {processor.py:840} INFO - DAG(s) 'dag_market_eod' retrieved from /opt/airflow/dags/dag_market_eod.py
[2026-09-30T05:53:56.572+0000] {logging_mixin.py:188} INFO - [2026-09-30T05:53:56.572+0000] {dag.py:3089} INFO - Sync 1 DAGs
[2026-09-30T05:53:56.584+0000] {logging_mixin.py:188} INFO - [2026-09-30T05:53:56.584+0000] {dag.py:3947} INFO - Setting next_dagrun for dag_market_eod to 2026-09-29 22:00:00+00:00, run_after=2026-09-30 22:00:00+00:00
[2026-09-30T05:53:56.595+0000] {processor.py:183} INFO - Processing /opt/airflow/dags/dag_market_eod.py took 0.375 seconds
[2026-09-30T05:54:26.697+0000] {processor.py:161} INFO - Started process (PID=1878) to work on /opt/airflow/dags/dag_market_eod.py
[2026-09-30T05:54:26.698+0000] {processor.py:830} INFO - Processing file /opt/airflow/dags/dag_market_eod.py for tasks to queue
[2026-09-30T05:54:26.699+0000] {logging_mixin.py:188} INFO - [2026-09-30T05:54:26.699+0000] {dagbag.py:545} INFO - Filling up the DagBag from /opt/airflow/dags/dag_market_eod.py
[2026-09-30T05:54:26.929+0000] {processor.py:840} INFO - DAG(s) 'dag_market_eod' retrieved from /opt/airflow/dags/dag_market_eod.py
[2026-09-30T05:54:26.948+0000] {logging_mixin.py:188} INFO - [2026-09-30T05:54:26.948+0000] {dag.py:3089} INFO - Sync 1 DAGs
[2026-09-30T05:54:26.960+0000] {logging_mixin.py:188} INFO - [2026-09-30T05:54:26.960+0000] {dag.py:3947} INFO - Setting next_dagrun for dag_market_eod to 2026-09-29 22:00:00+00:00, run_after=2026-09-30 22:00:00+00:00
[2026-09-30T05:54:26.972+0000] {processor.py:183} INFO - Processing /opt/airflow/dags/dag_market_eod.py took 0.277 seconds
[2026-09-30T05:54:57.069+0000] {processor.py:161} INFO - Started process (PID=1884) to work on /opt/airflow/dags/dag_market_eod.py
[2026-09-30T05:54:57.071+0000] {processor.py:830} INFO - Processing file /opt/airflow/dags/dag_market_eod.py for tasks to queue
[2026-09-30T05:54:57.072+0000] {logging_mixin.py:188} INFO - [2026-09-30T05:54:57.072+0000] {dagbag.py:545} INFO - Filling up the DagBag from /opt/airflow/dags/dag_market_eod.py
[2026-09-30T05:54:57.396+0000] {processor.py:840} INFO - DAG(s) 'dag_market_eod' retrieved from /opt/airflow/dags/dag_market_eod.py
[2026-09-30T05:54:57.413+0000] {logging_mixin.py:188} INFO - [2026-09-30T05:54:57.412+0000] {dag.py:3089} INFO - Sync 1 DAGs
[2026-09-30T05:54:57.424+0000] {logging_mixin.py:188} INFO - [2026-09-30T05:54:57.424+0000] {dag.py:3947} INFO - Setting next_dagrun for dag_market_eod to 2026-09-29 22:00:00+00:00, run_after=2026-09-30 22:00:00+00:00
[2026-09-30T05:54:57.434+0000] {processor.py:183} INFO - Processing /opt/airflow/dags/dag_market_eod.py took 0.369 seconds
[2026-09-30T05:55:27.529+0000] {processor.py:161} INFO - Started process (PID=1890) to work on /opt/airflow/dags/dag_market_eod.py
[2026-09-30T05:55:27.529+0000] {processor.py:830} INFO - Processing file /opt/airflow/dags/dag_market_eod.py for tasks to queue
[2026-09-30T05:55:27.530+0000] {logging_mixin.py:188} INFO - [2026-09-30T05:55:27.530+0000] {dagbag.py:545} INFO - Filling up the DagBag from /opt/airflow/dags/dag_market_eod.py
[2026-09-30T05:55:27.857+0000] {processor.py:840} INFO - DAG(s) 'dag_market_eod' retrieved from /opt/airflow/dags/dag_market_eod.py
[2026-09-30T05:55:27.877+0000] {logging_mixin.py:188} INFO - [2026-09-30T05:55:27.877+0000] {dag.py:3089} INFO - Sync 1 DAGs
[2026-09-30T05:55:27.888+0000] {logging_mixin.py:188} INFO - [2026-09-30T05:55:27.888+0000] {dag.py:3947} INFO - Setting next_dagrun for dag_market_eod to 2026-09-29 22:00:00+00:00, run_after=2026-09-30 22:00:00+00:00
[2026-09-30T05:55:27.902+0000] {processor.py:183} INFO - Processing /opt/airflow/dags/dag_market_eod.py took 0.377 seconds
[2026-09-30T05:55:58.008+0000] {processor.py:161} INFO - Started process (PID=1896) to work on /opt/airflow/dags/dag_market_eod.py
[2026-09-30T05:55:58.008+0000] {processor.py:830} INFO - Processing file /opt/airflow/dags/dag_market_eod.py for tasks to queue
[2026-09-30T05:55:58.009+0000] {logging_mixin.py:188} INFO - [2026-09-30T05:55:58.009+0000] {dagbag.py:545} INFO - Filling up the DagBag from /opt/airflow/dags/dag_market_eod.py
[2026-09-30T05:55:58.327+0000] {processor.py:840} INFO - DAG(s) 'dag_market_eod' retrieved from /opt/airflow/dags/dag_market_eod.py
[2026-09-30T05:55:58.341+0000] {logging_mixin.py:188} INFO - [2026-09-30T05:55:58.341+0000] {dag.py:3089} INFO - Sync 1 DAGs
[2026-09-30T05:55:58.353+0000] {logging_mixin.py:188} INFO - [2026-09-30T05:55:58.353+0000] {dag.py:3947} INFO - Setting next_dagrun for dag_market_eod to 2026-09-29 22:00:00+00:00, run_after=2026-09-30 22:00:00+00:00
[2026-09-30T05:55:58.362+0000] {processor.py:183} INFO - Processing /opt/airflow/dags/dag_market_eod.py took 0.359 seconds
[2026-09-30T05:56:28.469+0000] {processor.py:161} INFO - Started process (PID=1902) to work on /opt/airflow/dags/dag_market_eod.py
[2026-09-30T05:56:28.469+0000] {processor.py:830} INFO - Processing file /opt/airflow/dags/dag_market_eod.py for tasks to queue
[2026-09-30T05:56:28.470+0000] {logging_mixin.py:188} INFO - [2026-09-30T05:56:28.470+0000] {dagbag.py:545} INFO - Filling up the DagBag from /opt/airflow/dags/dag_market_eod.py
[2026-09-30T05:56:28.703+0000] {processor.py:840} INFO - DAG(s) 'dag_market_eod' retrieved from /opt/airflow/dags/dag_market_eod.py
[2026-09-30T05:56:28.721+0000] {logging_mixin.py:188} INFO - [2026-09-30T05:56:28.721+0000] {dag.py:3089} INFO - Sync 1 DAGs
[2026-09-30T05:56:28.828+0000] {logging_mixin.py:188} INFO - [2026-09-30T05:56:28.828+0000] {dag.py:3947} INFO - Setting next_dagrun for dag_market_eod to 2026-09-29 22:00:00+00:00, run_after=2026-09-30 22:00:00+00:00
[2026-09-30T05:56:28.839+0000] {processor.py:183} INFO - Processing /opt/airflow/dags/dag_market_eod.py took 0.373 seconds
[2026-09-30T05:56:58.936+0000] {processor.py:161} INFO - Started process (PID=1908) to work on /opt/airflow/dags/dag_market_eod.py
[2026-09-30T05:56:58.939+0000] {processor.py:830} INFO - Processing file /opt/airflow/dags/dag_market_eod.py for tasks to queue
[2026-09-30T05:56:58.940+0000] {logging_mixin.py:188} INFO - [2026-09-30T05:56:58.939+0000] {dagbag.py:545} INFO - Filling up the DagBag from /opt/airflow/dags/dag_market_eod.py
[2026-09-30T05:56:59.172+0000] {processor.py:840} INFO - DAG(s) 'dag_market_eod' retrieved from /opt/airflow/dags/dag_market_eod.py
[2026-09-30T05:56:59.286+0000] {logging_mixin.py:188} INFO - [2026-09-30T05:56:59.286+0000] {dag.py:3089} INFO - Sync 1 DAGs
[2026-09-30T05:56:59.299+0000] {logging_mixin.py:188} INFO - [2026-09-30T05:56:59.298+0000] {dag.py:3947} INFO - Setting next_dagrun for dag_market_eod to 2026-09-29 22:00:00+00:00, run_after=2026-09-30 22:00:00+00:00
[2026-09-30T05:56:59.310+0000] {processor.py:183} INFO - Processing /opt/airflow/dags/dag_market_eod.py took 0.378 seconds
[2026-09-30T05:57:29.414+0000] {processor.py:161} INFO - Started process (PID=1914) to work on /opt/airflow/dags/dag_market_eod.py
[2026-09-30T05:57:29.415+0000] {processor.py:830} INFO - Processing file /opt/airflow/dags/dag_market_eod.py for tasks to queue
[2026-09-30T05:57:29.416+0000] {logging_mixin.py:188} INFO - [2026-09-30T05:57:29.416+0000] {dagbag.py:545} INFO - Filling up the DagBag from /opt/airflow/dags/dag_market_eod.py
[2026-09-30T05:57:29.658+0000] {processor.py:840} INFO - DAG(s) 'dag_market_eod' retrieved from /opt/airflow/dags/dag_market_eod.py
[2026-09-30T05:57:29.677+0000] {logging_mixin.py:188} INFO - [2026-09-30T05:57:29.677+0000] {dag.py:3089} INFO - Sync 1 DAGs
[2026-09-30T05:57:29.689+0000] {logging_mixin.py:188} INFO - [2026-09-30T05:57:29.689+0000] {dag.py:3947} INFO - Setting next_dagrun for dag_market_eod to 2026-09-29 22:00:00+00:00, run_after=2026-09-30 22:00:00+00:00
[2026-09-30T05:57:29.699+0000] {processor.py:183} INFO - Processing /opt/airflow/dags/dag_market_eod.py took 0.290 seconds
[2026-09-30T05:57:59.789+0000] {processor.py:161} INFO - Started process (PID=1920) to work on /opt/airflow/dags/dag_market_eod.py
[2026-09-30T05:57:59.790+0000] {processor.py:830} INFO - Processing file /opt/airflow/dags/dag_market_eod.py for tasks to queue
[2026-09-30T05:57:59.791+0000] {logging_mixin.py:188} INFO - [2026-09-30T05:57:59.791+0000] {dagbag.py:545} INFO - Filling up the DagBag from /opt/airflow/dags/dag_market_eod.py
[2026-09-30T05:58:00.116+0000] {processor.py:840} INFO - DAG(s) 'dag_market_eod' retrieved from /opt/airflow/dags/dag_market_eod.py
[2026-09-30T05:58:00.130+0000] {logging_mixin.py:188} INFO - [2026-09-30T05:58:00.130+0000] {dag.py:3089} INFO - Sync 1 DAGs
[2026-09-30T05:58:00.142+0000] {logging_mixin.py:188} INFO - [2026-09-30T05:58:00.142+0000] {dag.py:3947} INFO - Setting next_dagrun for dag_market_eod to 2026-09-29 22:00:00+00:00, run_after=2026-09-30 22:00:00+00:00
[2026-09-30T05:58:00.153+0000] {processor.py:183} INFO - Processing /opt/airflow/dags/dag_market_eod.py took 0.367 seconds
[2026-09-30T05:58:30.260+0000] {processor.py:161} INFO - Started process (PID=1926) to work on /opt/airflow/dags/dag_market_eod.py
[2026-09-30T05:58:30.260+0000] {processor.py:830} INFO - Processing file /opt/airflow/dags/dag_market_eod.py for tasks to queue
[2026-09-30T05:58:30.262+0000] {logging_mixin.py:188} INFO - [2026-09-30T05:58:30.261+0000] {dagbag.py:545} INFO - Filling up the DagBag from /opt/airflow/dags/dag_market_eod.py
[2026-09-30T05:58:30.593+0000] {processor.py:840} INFO - DAG(s) 'dag_market_eod' retrieved from /opt/airflow/dags/dag_market_eod.py
[2026-09-30T05:58:30.610+0000] {logging_mixin.py:188} INFO - [2026-09-30T05:58:30.610+0000] {dag.py:3089} INFO - Sync 1 DAGs
[2026-09-30T05:58:30.622+0000] {logging_mixin.py:188} INFO - [2026-09-30T05:58:30.622+0000] {dag.py:3947} INFO - Setting next_dagrun for dag_market_eod to 2026-09-29 22:00:00+00:00, run_after=2026-09-30 22:00:00+00:00
[2026-09-30T05:58:30.632+0000] {processor.py:183} INFO - Processing /opt/airflow/dags/dag_market_eod.py took 0.376 seconds
[2026-09-30T05:59:00.735+0000] {processor.py:161} INFO - Started process (PID=1932) to work on /opt/airflow/dags/dag_market_eod.py
[2026-09-30T05:59:00.737+0000] {processor.py:830} INFO - Processing file /opt/airflow/dags/dag_market_eod.py for tasks to queue
[2026-09-30T05:59:00.738+0000] {logging_mixin.py:188} INFO - [2026-09-30T05:59:00.738+0000] {dagbag.py:545} INFO - Filling up the DagBag from /opt/airflow/dags/dag_market_eod.py
[2026-09-30T05:59:00.971+0000] {processor.py:840} INFO - DAG(s) 'dag_market_eod' retrieved from /opt/airflow/dags/dag_market_eod.py
[2026-09-30T05:59:00.988+0000] {logging_mixin.py:188} INFO - [2026-09-30T05:59:00.987+0000] {dag.py:3089} INFO - Sync 1 DAGs
[2026-09-30T05:59:01.099+0000] {logging_mixin.py:188} INFO - [2026-09-30T05:59:01.099+0000] {dag.py:3947} INFO - Setting next_dagrun for dag_market_eod to 2026-09-29 22:00:00+00:00, run_after=2026-09-30 22:00:00+00:00
[2026-09-30T05:59:01.110+0000] {processor.py:183} INFO - Processing /opt/airflow/dags/dag_market_eod.py took 0.380 seconds
[2026-09-30T05:59:31.212+0000] {processor.py:161} INFO - Started process (PID=1938) to work on /opt/airflow/dags/dag_market_eod.py
[2026-09-30T05:59:31.212+0000] {processor.py:830} INFO - Processing file /opt/airflow/dags/dag_market_eod.py for tasks to queue
[2026-09-30T05:59:31.213+0000] {logging_mixin.py:188} INFO - [2026-09-30T05:59:31.213+0000] {dagbag.py:545} INFO - Filling up the DagBag from /opt/airflow/dags/dag_market_eod.py
[2026-09-30T05:59:31.453+0000] {processor.py:840} INFO - DAG(s) 'dag_market_eod' retrieved from /opt/airflow/dags/dag_market_eod.py
[2026-09-30T05:59:31.575+0000] {logging_mixin.py:188} INFO - [2026-09-30T05:59:31.575+0000] {dag.py:3089} INFO - Sync 1 DAGs
[2026-09-30T05:59:31.588+0000] {logging_mixin.py:188} INFO - [2026-09-30T05:59:31.588+0000] {dag.py:3947} INFO - Setting next_dagrun for dag_market_eod to 2026-09-29 22:00:00+00:00, run_after=2026-09-30 22:00:00+00:00
[2026-09-30T05:59:31.600+0000] {processor.py:183} INFO - Processing /opt/airflow/dags/dag_market_eod.py took 0.392 seconds
[2026-09-30T06:00:01.696+0000] {processor.py:161} INFO - Started process (PID=1944) to work on /opt/airflow/dags/dag_market_eod.py
[2026-09-30T06:00:01.697+0000] {processor.py:830} INFO - Processing file /opt/airflow/dags/dag_market_eod.py for tasks to queue
[2026-09-30T06:00:01.698+0000] {logging_mixin.py:188} INFO - [2026-09-30T06:00:01.698+0000] {dagbag.py:545} INFO - Filling up the DagBag from /opt/airflow/dags/dag_market_eod.py
[2026-09-30T06:00:01.941+0000] {processor.py:840} INFO - DAG(s) 'dag_market_eod' retrieved from /opt/airflow/dags/dag_market_eod.py
[2026-09-30T06:00:02.056+0000] {logging_mixin.py:188} INFO - [2026-09-30T06:00:02.056+0000] {dag.py:3089} INFO - Sync 1 DAGs
[2026-09-30T06:00:02.069+0000] {logging_mixin.py:188} INFO - [2026-09-30T06:00:02.069+0000] {dag.py:3947} INFO - Setting next_dagrun for dag_market_eod to 2026-09-29 22:00:00+00:00, run_after=2026-09-30 22:00:00+00:00
[2026-09-30T06:00:02.079+0000] {processor.py:183} INFO - Processing /opt/airflow/dags/dag_market_eod.py took 0.388 seconds
[2026-09-30T06:00:32.187+0000] {processor.py:161} INFO - Started process (PID=1950) to work on /opt/airflow/dags/dag_market_eod.py
[2026-09-30T06:00:32.188+0000] {processor.py:830} INFO - Processing file /opt/airflow/dags/dag_market_eod.py for tasks to queue
[2026-09-30T06:00:32.189+0000] {logging_mixin.py:188} INFO - [2026-09-30T06:00:32.189+0000] {dagbag.py:545} INFO - Filling up the DagBag from /opt/airflow/dags/dag_market_eod.py
[2026-09-30T06:00:32.519+0000] {processor.py:840} INFO - DAG(s) 'dag_market_eod' retrieved from /opt/airflow/dags/dag_market_eod.py
[2026-09-30T06:00:32.536+0000] {logging_mixin.py:188} INFO - [2026-09-30T06:00:32.536+0000] {dag.py:3089} INFO - Sync 1 DAGs
[2026-09-30T06:00:32.547+0000] {logging_mixin.py:188} INFO - [2026-09-30T06:00:32.547+0000] {dag.py:3947} INFO - Setting next_dagrun for dag_market_eod to 2026-09-29 22:00:00+00:00, run_after=2026-09-30 22:00:00+00:00
[2026-09-30T06:00:32.557+0000] {processor.py:183} INFO - Processing /opt/airflow/dags/dag_market_eod.py took 0.375 seconds
[2026-09-30T06:01:02.660+0000] {processor.py:161} INFO - Started process (PID=1956) to work on /opt/airflow/dags/dag_market_eod.py
[2026-09-30T06:01:02.662+0000] {processor.py:830} INFO - Processing file /opt/airflow/dags/dag_market_eod.py for tasks to queue
[2026-09-30T06:01:02.663+0000] {logging_mixin.py:188} INFO - [2026-09-30T06:01:02.663+0000] {dagbag.py:545} INFO - Filling up the DagBag from /opt/airflow/dags/dag_market_eod.py
[2026-09-30T06:01:02.995+0000] {processor.py:840} INFO - DAG(s) 'dag_market_eod' retrieved from /opt/airflow/dags/dag_market_eod.py
[2026-09-30T06:01:03.015+0000] {logging_mixin.py:188} INFO - [2026-09-30T06:01:03.015+0000] {dag.py:3089} INFO - Sync 1 DAGs
[2026-09-30T06:01:03.031+0000] {logging_mixin.py:188} INFO - [2026-09-30T06:01:03.031+0000] {dag.py:3947} INFO - Setting next_dagrun for dag_market_eod to 2026-09-29 22:00:00+00:00, run_after=2026-09-30 22:00:00+00:00
[2026-09-30T06:01:03.042+0000] {processor.py:183} INFO - Processing /opt/airflow/dags/dag_market_eod.py took 0.387 seconds
[2026-09-30T06:01:33.141+0000] {processor.py:161} INFO - Started process (PID=1962) to work on /opt/airflow/dags/dag_market_eod.py
[2026-09-30T06:01:33.142+0000] {processor.py:830} INFO - Processing file /opt/airflow/dags/dag_market_eod.py for tasks to queue
[2026-09-30T06:01:33.143+0000] {logging_mixin.py:188} INFO - [2026-09-30T06:01:33.143+0000] {dagbag.py:545} INFO - Filling up the DagBag from /opt/airflow/dags/dag_market_eod.py
[2026-09-30T06:01:33.477+0000] {processor.py:840} INFO - DAG(s) 'dag_market_eod' retrieved from /opt/airflow/dags/dag_market_eod.py
[2026-09-30T06:01:33.496+0000] {logging_mixin.py:188} INFO - [2026-09-30T06:01:33.496+0000] {dag.py:3089} INFO - Sync 1 DAGs
[2026-09-30T06:01:33.508+0000] {logging_mixin.py:188} INFO - [2026-09-30T06:01:33.508+0000] {dag.py:3947} INFO - Setting next_dagrun for dag_market_eod to 2026-09-29 22:00:00+00:00, run_after=2026-09-30 22:00:00+00:00
[2026-09-30T06:01:33.519+0000] {processor.py:183} INFO - Processing /opt/airflow/dags/dag_market_eod.py took 0.382 seconds
[2026-09-30T06:02:03.614+0000] {processor.py:161} INFO - Started process (PID=1968) to work on /opt/airflow/dags/dag_market_eod.py
[2026-09-30T06:02:03.616+0000] {processor.py:830} INFO - Processing file /opt/airflow/dags/dag_market_eod.py for tasks to queue
[2026-09-30T06:02:03.617+0000] {logging_mixin.py:188} INFO - [2026-09-30T06:02:03.617+0000] {dagbag.py:545} INFO - Filling up the DagBag from /opt/airflow/dags/dag_market_eod.py
[2026-09-30T06:02:03.846+0000] {processor.py:840} INFO - DAG(s) 'dag_market_eod' retrieved from /opt/airflow/dags/dag_market_eod.py
[2026-09-30T06:02:03.866+0000] {logging_mixin.py:188} INFO - [2026-09-30T06:02:03.865+0000] {dag.py:3089} INFO - Sync 1 DAGs
[2026-09-30T06:02:03.986+0000] {logging_mixin.py:188} INFO - [2026-09-30T06:02:03.986+0000] {dag.py:3947} INFO - Setting next_dagrun for dag_market_eod to 2026-09-29 22:00:00+00:00, run_after=2026-09-30 22:00:00+00:00
[2026-09-30T06:02:03.996+0000] {processor.py:183} INFO - Processing /opt/airflow/dags/dag_market_eod.py took 0.385 seconds
[2026-09-30T06:02:34.100+0000] {processor.py:161} INFO - Started process (PID=1974) to work on /opt/airflow/dags/dag_market_eod.py
[2026-09-30T06:02:34.101+0000] {processor.py:830} INFO - Processing file /opt/airflow/dags/dag_market_eod.py for tasks to queue
[2026-09-30T06:02:34.102+0000] {logging_mixin.py:188} INFO - [2026-09-30T06:02:34.102+0000] {dagbag.py:545} INFO - Filling up the DagBag from /opt/airflow/dags/dag_market_eod.py
[2026-09-30T06:02:34.336+0000] {processor.py:840} INFO - DAG(s) 'dag_market_eod' retrieved from /opt/airflow/dags/dag_market_eod.py
[2026-09-30T06:02:34.453+0000] {logging_mixin.py:188} INFO - [2026-09-30T06:02:34.452+0000] {dag.py:3089} INFO - Sync 1 DAGs
[2026-09-30T06:02:34.465+0000] {logging_mixin.py:188} INFO - [2026-09-30T06:02:34.465+0000] {dag.py:3947} INFO - Setting next_dagrun for dag_market_eod to 2026-09-29 22:00:00+00:00, run_after=2026-09-30 22:00:00+00:00
[2026-09-30T06:02:34.476+0000] {processor.py:183} INFO - Processing /opt/airflow/dags/dag_market_eod.py took 0.380 seconds
[2026-09-30T06:03:04.577+0000] {processor.py:161} INFO - Started process (PID=1980) to work on /opt/airflow/dags/dag_market_eod.py
[2026-09-30T06:03:04.578+0000] {processor.py:830} INFO - Processing file /opt/airflow/dags/dag_market_eod.py for tasks to queue
[2026-09-30T06:03:04.579+0000] {logging_mixin.py:188} INFO - [2026-09-30T06:03:04.579+0000] {dagbag.py:545} INFO - Filling up the DagBag from /opt/airflow/dags/dag_market_eod.py
[2026-09-30T06:03:04.811+0000] {processor.py:840} INFO - DAG(s) 'dag_market_eod' retrieved from /opt/airflow/dags/dag_market_eod.py
[2026-09-30T06:03:04.934+0000] {logging_mixin.py:188} INFO - [2026-09-30T06:03:04.933+0000] {dag.py:3089} INFO - Sync 1 DAGs
[2026-09-30T06:03:04.945+0000] {logging_mixin.py:188} INFO - [2026-09-30T06:03:04.945+0000] {dag.py:3947} INFO - Setting next_dagrun for dag_market_eod to 2026-09-29 22:00:00+00:00, run_after=2026-09-30 22:00:00+00:00
[2026-09-30T06:03:04.956+0000] {processor.py:183} INFO - Processing /opt/airflow/dags/dag_market_eod.py took 0.382 seconds
[2026-09-30T06:03:35.064+0000] {processor.py:161} INFO - Started process (PID=1986) to work on /opt/airflow/dags/dag_market_eod.py
[2026-09-30T06:03:35.064+0000] {processor.py:830} INFO - Processing file /opt/airflow/dags/dag_market_eod.py for tasks to queue
[2026-09-30T06:03:35.065+0000] {logging_mixin.py:188} INFO - [2026-09-30T06:03:35.065+0000] {dagbag.py:545} INFO - Filling up the DagBag from /opt/airflow/dags/dag_market_eod.py
[2026-09-30T06:03:35.389+0000] {processor.py:840} INFO - DAG(s) 'dag_market_eod' retrieved from /opt/airflow/dags/dag_market_eod.py
[2026-09-30T06:03:35.408+0000] {logging_mixin.py:188} INFO - [2026-09-30T06:03:35.407+0000] {dag.py:3089} INFO - Sync 1 DAGs
[2026-09-30T06:03:35.419+0000] {logging_mixin.py:188} INFO - [2026-09-30T06:03:35.419+0000] {dag.py:3947} INFO - Setting next_dagrun for dag_market_eod to 2026-09-29 22:00:00+00:00, run_after=2026-09-30 22:00:00+00:00
[2026-09-30T06:03:35.429+0000] {processor.py:183} INFO - Processing /opt/airflow/dags/dag_market_eod.py took 0.370 seconds
[2026-09-30T06:04:05.536+0000] {processor.py:161} INFO - Started process (PID=1992) to work on /opt/airflow/dags/dag_market_eod.py
[2026-09-30T06:04:05.538+0000] {processor.py:830} INFO - Processing file /opt/airflow/dags/dag_market_eod.py for tasks to queue
[2026-09-30T06:04:05.538+0000] {logging_mixin.py:188} INFO - [2026-09-30T06:04:05.538+0000] {dagbag.py:545} INFO - Filling up the DagBag from /opt/airflow/dags/dag_market_eod.py
[2026-09-30T06:04:05.869+0000] {processor.py:840} INFO - DAG(s) 'dag_market_eod' retrieved from /opt/airflow/dags/dag_market_eod.py
[2026-09-30T06:04:05.888+0000] {logging_mixin.py:188} INFO - [2026-09-30T06:04:05.888+0000] {dag.py:3089} INFO - Sync 1 DAGs
[2026-09-30T06:04:05.900+0000] {logging_mixin.py:188} INFO - [2026-09-30T06:04:05.900+0000] {dag.py:3947} INFO - Setting next_dagrun for dag_market_eod to 2026-09-29 22:00:00+00:00, run_after=2026-09-30 22:00:00+00:00
[2026-09-30T06:04:05.910+0000] {processor.py:183} INFO - Processing /opt/airflow/dags/dag_market_eod.py took 0.379 seconds
[2026-09-30T06:04:36.004+0000] {processor.py:161} INFO - Started process (PID=1998) to work on /opt/airflow/dags/dag_market_eod.py
[2026-09-30T06:04:36.004+0000] {processor.py:830} INFO - Processing file /opt/airflow/dags/dag_market_eod.py for tasks to queue
[2026-09-30T06:04:36.005+0000] {logging_mixin.py:188} INFO - [2026-09-30T06:04:36.005+0000] {dagbag.py:545} INFO - Filling up the DagBag from /opt/airflow/dags/dag_market_eod.py
[2026-09-30T06:04:36.340+0000] {processor.py:840} INFO - DAG(s) 'dag_market_eod' retrieved from /opt/airflow/dags/dag_market_eod.py
[2026-09-30T06:04:36.357+0000] {logging_mixin.py:188} INFO - [2026-09-30T06:04:36.357+0000] {dag.py:3089} INFO - Sync 1 DAGs
[2026-09-30T06:04:36.371+0000] {logging_mixin.py:188} INFO - [2026-09-30T06:04:36.371+0000] {dag.py:3947} INFO - Setting next_dagrun for dag_market_eod to 2026-09-29 22:00:00+00:00, run_after=2026-09-30 22:00:00+00:00
[2026-09-30T06:04:36.380+0000] {processor.py:183} INFO - Processing /opt/airflow/dags/dag_market_eod.py took 0.380 seconds
[2026-09-30T06:05:06.483+0000] {processor.py:161} INFO - Started process (PID=2004) to work on /opt/airflow/dags/dag_market_eod.py
[2026-09-30T06:05:06.485+0000] {processor.py:830} INFO - Processing file /opt/airflow/dags/dag_market_eod.py for tasks to queue
[2026-09-30T06:05:06.486+0000] {logging_mixin.py:188} INFO - [2026-09-30T06:05:06.486+0000] {dagbag.py:545} INFO - Filling up the DagBag from /opt/airflow/dags/dag_market_eod.py
[2026-09-30T06:05:06.721+0000] {processor.py:840} INFO - DAG(s) 'dag_market_eod' retrieved from /opt/airflow/dags/dag_market_eod.py
[2026-09-30T06:05:06.736+0000] {logging_mixin.py:188} INFO - [2026-09-30T06:05:06.736+0000] {dag.py:3089} INFO - Sync 1 DAGs
[2026-09-30T06:05:06.850+0000] {logging_mixin.py:188} INFO - [2026-09-30T06:05:06.849+0000] {dag.py:3947} INFO - Setting next_dagrun for dag_market_eod to 2026-09-29 22:00:00+00:00, run_after=2026-09-30 22:00:00+00:00
[2026-09-30T06:05:06.860+0000] {processor.py:183} INFO - Processing /opt/airflow/dags/dag_market_eod.py took 0.381 seconds
[2026-09-30T06:05:36.971+0000] {processor.py:161} INFO - Started process (PID=2010) to work on /opt/airflow/dags/dag_market_eod.py
[2026-09-30T06:05:36.971+0000] {processor.py:830} INFO - Processing file /opt/airflow/dags/dag_market_eod.py for tasks to queue
[2026-09-30T06:05:36.972+0000] {logging_mixin.py:188} INFO - [2026-09-30T06:05:36.972+0000] {dagbag.py:545} INFO - Filling up the DagBag from /opt/airflow/dags/dag_market_eod.py
[2026-09-30T06:05:37.201+0000] {processor.py:840} INFO - DAG(s) 'dag_market_eod' retrieved from /opt/airflow/dags/dag_market_eod.py
[2026-09-30T06:05:37.316+0000] {logging_mixin.py:188} INFO - [2026-09-30T06:05:37.315+0000] {dag.py:3089} INFO - Sync 1 DAGs
[2026-09-30T06:05:37.328+0000] {logging_mixin.py:188} INFO - [2026-09-30T06:05:37.328+0000] {dag.py:3947} INFO - Setting next_dagrun for dag_market_eod to 2026-09-29 22:00:00+00:00, run_after=2026-09-30 22:00:00+00:00
[2026-09-30T06:05:37.339+0000] {processor.py:183} INFO - Processing /opt/airflow/dags/dag_market_eod.py took 0.373 seconds
[2026-09-30T06:06:07.435+0000] {processor.py:161} INFO - Started process (PID=2016) to work on /opt/airflow/dags/dag_market_eod.py
[2026-09-30T06:06:07.437+0000] {processor.py:830} INFO - Processing file /opt/airflow/dags/dag_market_eod.py for tasks to queue
[2026-09-30T06:06:07.438+0000] {logging_mixin.py:188} INFO - [2026-09-30T06:06:07.437+0000] {dagbag.py:545} INFO - Filling up the DagBag from /opt/airflow/dags/dag_market_eod.py
[2026-09-30T06:06:07.665+0000] {processor.py:840} INFO - DAG(s) 'dag_market_eod' retrieved from /opt/airflow/dags/dag_market_eod.py
[2026-09-30T06:06:07.778+0000] {logging_mixin.py:188} INFO - [2026-09-30T06:06:07.778+0000] {dag.py:3089} INFO - Sync 1 DAGs
[2026-09-30T06:06:07.791+0000] {logging_mixin.py:188} INFO - [2026-09-30T06:06:07.790+0000] {dag.py:3947} INFO - Setting next_dagrun for dag_market_eod to 2026-09-29 22:00:00+00:00, run_after=2026-09-30 22:00:00+00:00
[2026-09-30T06:06:07.802+0000] {processor.py:183} INFO - Processing /opt/airflow/dags/dag_market_eod.py took 0.370 seconds
[2026-09-30T06:06:37.910+0000] {processor.py:161} INFO - Started process (PID=2022) to work on /opt/airflow/dags/dag_market_eod.py
[2026-09-30T06:06:37.911+0000] {processor.py:830} INFO - Processing file /opt/airflow/dags/dag_market_eod.py for tasks to queue
[2026-09-30T06:06:37.912+0000] {logging_mixin.py:188} INFO - [2026-09-30T06:06:37.912+0000] {dagbag.py:545} INFO - Filling up the DagBag from /opt/airflow/dags/dag_market_eod.py
[2026-09-30T06:06:38.232+0000] {processor.py:840} INFO - DAG(s) 'dag_market_eod' retrieved from /opt/airflow/dags/dag_market_eod.py
[2026-09-30T06:06:38.246+0000] {logging_mixin.py:188} INFO - [2026-09-30T06:06:38.246+0000] {dag.py:3089} INFO - Sync 1 DAGs
[2026-09-30T06:06:38.258+0000] {logging_mixin.py:188} INFO - [2026-09-30T06:06:38.258+0000] {dag.py:3947} INFO - Setting next_dagrun for dag_market_eod to 2026-09-29 22:00:00+00:00, run_after=2026-09-30 22:00:00+00:00
[2026-09-30T06:06:38.268+0000] {processor.py:183} INFO - Processing /opt/airflow/dags/dag_market_eod.py took 0.361 seconds
[2026-09-30T06:07:08.370+0000] {processor.py:161} INFO - Started process (PID=2028) to work on /opt/airflow/dags/dag_market_eod.py
[2026-09-30T06:07:08.372+0000] {processor.py:830} INFO - Processing file /opt/airflow/dags/dag_market_eod.py for tasks to queue
[2026-09-30T06:07:08.373+0000] {logging_mixin.py:188} INFO - [2026-09-30T06:07:08.373+0000] {dagbag.py:545} INFO - Filling up the DagBag from /opt/airflow/dags/dag_market_eod.py
[2026-09-30T06:07:08.714+0000] {processor.py:840} INFO - DAG(s) 'dag_market_eod' retrieved from /opt/airflow/dags/dag_market_eod.py
[2026-09-30T06:07:08.729+0000] {logging_mixin.py:188} INFO - [2026-09-30T06:07:08.728+0000] {dag.py:3089} INFO - Sync 1 DAGs
[2026-09-30T06:07:08.740+0000] {logging_mixin.py:188} INFO - [2026-09-30T06:07:08.740+0000] {dag.py:3947} INFO - Setting next_dagrun for dag_market_eod to 2026-09-29 22:00:00+00:00, run_after=2026-09-30 22:00:00+00:00
[2026-09-30T06:07:08.750+0000] {processor.py:183} INFO - Processing /opt/airflow/dags/dag_market_eod.py took 0.383 seconds
[2026-09-30T06:07:38.852+0000] {processor.py:161} INFO - Started process (PID=2034) to work on /opt/airflow/dags/dag_market_eod.py
[2026-09-30T06:07:38.852+0000] {processor.py:830} INFO - Processing file /opt/airflow/dags/dag_market_eod.py for tasks to queue
[2026-09-30T06:07:38.854+0000] {logging_mixin.py:188} INFO - [2026-09-30T06:07:38.853+0000] {dagbag.py:545} INFO - Filling up the DagBag from /opt/airflow/dags/dag_market_eod.py
[2026-09-30T06:07:39.238+0000] {processor.py:840} INFO - DAG(s) 'dag_market_eod' retrieved from /opt/airflow/dags/dag_market_eod.py
[2026-09-30T06:07:39.262+0000] {logging_mixin.py:188} INFO - [2026-09-30T06:07:39.261+0000] {dag.py:3089} INFO - Sync 1 DAGs
[2026-09-30T06:07:39.284+0000] {logging_mixin.py:188} INFO - [2026-09-30T06:07:39.284+0000] {dag.py:3947} INFO - Setting next_dagrun for dag_market_eod to 2026-09-29 22:00:00+00:00, run_after=2026-09-30 22:00:00+00:00
[2026-09-30T06:07:39.296+0000] {processor.py:183} INFO - Processing /opt/airflow/dags/dag_market_eod.py took 0.450 seconds
[2026-09-30T06:08:09.406+0000] {processor.py:161} INFO - Started process (PID=2040) to work on /opt/airflow/dags/dag_market_eod.py
[2026-09-30T06:08:09.407+0000] {processor.py:830} INFO - Processing file /opt/airflow/dags/dag_market_eod.py for tasks to queue
[2026-09-30T06:08:09.408+0000] {logging_mixin.py:188} INFO - [2026-09-30T06:08:09.408+0000] {dagbag.py:545} INFO - Filling up the DagBag from /opt/airflow/dags/dag_market_eod.py
[2026-09-30T06:08:09.654+0000] {processor.py:840} INFO - DAG(s) 'dag_market_eod' retrieved from /opt/airflow/dags/dag_market_eod.py
[2026-09-30T06:08:09.674+0000] {logging_mixin.py:188} INFO - [2026-09-30T06:08:09.674+0000] {dag.py:3089} INFO - Sync 1 DAGs
[2026-09-30T06:08:09.788+0000] {logging_mixin.py:188} INFO - [2026-09-30T06:08:09.787+0000] {dag.py:3947} INFO - Setting next_dagrun for dag_market_eod to 2026-09-29 22:00:00+00:00, run_after=2026-09-30 22:00:00+00:00
[2026-09-30T06:08:09.799+0000] {processor.py:183} INFO - Processing /opt/airflow/dags/dag_market_eod.py took 0.398 seconds
[2026-09-30T06:08:39.897+0000] {processor.py:161} INFO - Started process (PID=2046) to work on /opt/airflow/dags/dag_market_eod.py
[2026-09-30T06:08:39.897+0000] {processor.py:830} INFO - Processing file /opt/airflow/dags/dag_market_eod.py for tasks to queue
[2026-09-30T06:08:39.898+0000] {logging_mixin.py:188} INFO - [2026-09-30T06:08:39.898+0000] {dagbag.py:545} INFO - Filling up the DagBag from /opt/airflow/dags/dag_market_eod.py
[2026-09-30T06:08:40.130+0000] {processor.py:840} INFO - DAG(s) 'dag_market_eod' retrieved from /opt/airflow/dags/dag_market_eod.py
[2026-09-30T06:08:40.250+0000] {logging_mixin.py:188} INFO - [2026-09-30T06:08:40.249+0000] {dag.py:3089} INFO - Sync 1 DAGs
[2026-09-30T06:08:40.263+0000] {logging_mixin.py:188} INFO - [2026-09-30T06:08:40.262+0000] {dag.py:3947} INFO - Setting next_dagrun for dag_market_eod to 2026-09-29 22:00:00+00:00, run_after=2026-09-30 22:00:00+00:00
[2026-09-30T06:08:40.273+0000] {processor.py:183} INFO - Processing /opt/airflow/dags/dag_market_eod.py took 0.380 seconds
[2026-09-30T06:09:10.385+0000] {processor.py:161} INFO - Started process (PID=2052) to work on /opt/airflow/dags/dag_market_eod.py
[2026-09-30T06:09:10.387+0000] {processor.py:830} INFO - Processing file /opt/airflow/dags/dag_market_eod.py for tasks to queue
[2026-09-30T06:09:10.388+0000] {logging_mixin.py:188} INFO - [2026-09-30T06:09:10.388+0000] {dagbag.py:545} INFO - Filling up the DagBag from /opt/airflow/dags/dag_market_eod.py
[2026-09-30T06:09:10.619+0000] {processor.py:840} INFO - DAG(s) 'dag_market_eod' retrieved from /opt/airflow/dags/dag_market_eod.py
[2026-09-30T06:09:10.640+0000] {logging_mixin.py:188} INFO - [2026-09-30T06:09:10.639+0000] {dag.py:3089} INFO - Sync 1 DAGs
[2026-09-30T06:09:10.652+0000] {logging_mixin.py:188} INFO - [2026-09-30T06:09:10.652+0000] {dag.py:3947} INFO - Setting next_dagrun for dag_market_eod to 2026-09-29 22:00:00+00:00, run_after=2026-09-30 22:00:00+00:00
[2026-09-30T06:09:10.663+0000] {processor.py:183} INFO - Processing /opt/airflow/dags/dag_market_eod.py took 0.282 seconds
[2026-09-30T06:09:40.756+0000] {processor.py:161} INFO - Started process (PID=2058) to work on /opt/airflow/dags/dag_market_eod.py
[2026-09-30T06:09:40.757+0000] {processor.py:830} INFO - Processing file /opt/airflow/dags/dag_market_eod.py for tasks to queue
[2026-09-30T06:09:40.757+0000] {logging_mixin.py:188} INFO - [2026-09-30T06:09:40.757+0000] {dagbag.py:545} INFO - Filling up the DagBag from /opt/airflow/dags/dag_market_eod.py
[2026-09-30T06:09:41.092+0000] {processor.py:840} INFO - DAG(s) 'dag_market_eod' retrieved from /opt/airflow/dags/dag_market_eod.py
[2026-09-30T06:09:41.105+0000] {logging_mixin.py:188} INFO - [2026-09-30T06:09:41.105+0000] {dag.py:3089} INFO - Sync 1 DAGs
[2026-09-30T06:09:41.117+0000] {logging_mixin.py:188} INFO - [2026-09-30T06:09:41.116+0000] {dag.py:3947} INFO - Setting next_dagrun for dag_market_eod to 2026-09-29 22:00:00+00:00, run_after=2026-09-30 22:00:00+00:00
[2026-09-30T06:09:41.127+0000] {processor.py:183} INFO - Processing /opt/airflow/dags/dag_market_eod.py took 0.374 seconds
[2026-09-30T06:10:11.226+0000] {processor.py:161} INFO - Started process (PID=2064) to work on /opt/airflow/dags/dag_market_eod.py
[2026-09-30T06:10:11.228+0000] {processor.py:830} INFO - Processing file /opt/airflow/dags/dag_market_eod.py for tasks to queue
[2026-09-30T06:10:11.229+0000] {logging_mixin.py:188} INFO - [2026-09-30T06:10:11.229+0000] {dagbag.py:545} INFO - Filling up the DagBag from /opt/airflow/dags/dag_market_eod.py
[2026-09-30T06:10:11.551+0000] {processor.py:840} INFO - DAG(s) 'dag_market_eod' retrieved from /opt/airflow/dags/dag_market_eod.py
[2026-09-30T06:10:11.566+0000] {logging_mixin.py:188} INFO - [2026-09-30T06:10:11.566+0000] {dag.py:3089} INFO - Sync 1 DAGs
[2026-09-30T06:10:11.577+0000] {logging_mixin.py:188} INFO - [2026-09-30T06:10:11.577+0000] {dag.py:3947} INFO - Setting next_dagrun for dag_market_eod to 2026-09-29 22:00:00+00:00, run_after=2026-09-30 22:00:00+00:00
[2026-09-30T06:10:11.589+0000] {processor.py:183} INFO - Processing /opt/airflow/dags/dag_market_eod.py took 0.367 seconds
[2026-09-30T06:10:41.692+0000] {processor.py:161} INFO - Started process (PID=2070) to work on /opt/airflow/dags/dag_market_eod.py
[2026-09-30T06:10:41.692+0000] {processor.py:830} INFO - Processing file /opt/airflow/dags/dag_market_eod.py for tasks to queue
[2026-09-30T06:10:41.693+0000] {logging_mixin.py:188} INFO - [2026-09-30T06:10:41.693+0000] {dagbag.py:545} INFO - Filling up the DagBag from /opt/airflow/dags/dag_market_eod.py
[2026-09-30T06:10:42.037+0000] {processor.py:840} INFO - DAG(s) 'dag_market_eod' retrieved from /opt/airflow/dags/dag_market_eod.py
[2026-09-30T06:10:42.056+0000] {logging_mixin.py:188} INFO - [2026-09-30T06:10:42.056+0000] {dag.py:3089} INFO - Sync 1 DAGs
[2026-09-30T06:10:42.073+0000] {logging_mixin.py:188} INFO - [2026-09-30T06:10:42.073+0000] {dag.py:3947} INFO - Setting next_dagrun for dag_market_eod to 2026-09-29 22:00:00+00:00, run_after=2026-09-30 22:00:00+00:00
[2026-09-30T06:10:42.084+0000] {processor.py:183} INFO - Processing /opt/airflow/dags/dag_market_eod.py took 0.396 seconds
[2026-09-30T06:11:12.178+0000] {processor.py:161} INFO - Started process (PID=2076) to work on /opt/airflow/dags/dag_market_eod.py
[2026-09-30T06:11:12.180+0000] {processor.py:830} INFO - Processing file /opt/airflow/dags/dag_market_eod.py for tasks to queue
[2026-09-30T06:11:12.181+0000] {logging_mixin.py:188} INFO - [2026-09-30T06:11:12.180+0000] {dagbag.py:545} INFO - Filling up the DagBag from /opt/airflow/dags/dag_market_eod.py
[2026-09-30T06:11:12.422+0000] {processor.py:840} INFO - DAG(s) 'dag_market_eod' retrieved from /opt/airflow/dags/dag_market_eod.py
[2026-09-30T06:11:12.448+0000] {logging_mixin.py:188} INFO - [2026-09-30T06:11:12.447+0000] {dag.py:3089} INFO - Sync 1 DAGs
[2026-09-30T06:11:12.597+0000] {logging_mixin.py:188} INFO - [2026-09-30T06:11:12.597+0000] {dag.py:3947} INFO - Setting next_dagrun for dag_market_eod to 2026-09-29 22:00:00+00:00, run_after=2026-09-30 22:00:00+00:00
[2026-09-30T06:11:12.613+0000] {processor.py:183} INFO - Processing /opt/airflow/dags/dag_market_eod.py took 0.439 seconds
[2026-09-30T06:11:42.716+0000] {processor.py:161} INFO - Started process (PID=2082) to work on /opt/airflow/dags/dag_market_eod.py
[2026-09-30T06:11:42.716+0000] {processor.py:830} INFO - Processing file /opt/airflow/dags/dag_market_eod.py for tasks to queue
[2026-09-30T06:11:42.717+0000] {logging_mixin.py:188} INFO - [2026-09-30T06:11:42.717+0000] {dagbag.py:545} INFO - Filling up the DagBag from /opt/airflow/dags/dag_market_eod.py
[2026-09-30T06:11:42.948+0000] {processor.py:840} INFO - DAG(s) 'dag_market_eod' retrieved from /opt/airflow/dags/dag_market_eod.py
[2026-09-30T06:11:43.069+0000] {logging_mixin.py:188} INFO - [2026-09-30T06:11:43.069+0000] {dag.py:3089} INFO - Sync 1 DAGs
[2026-09-30T06:11:43.081+0000] {logging_mixin.py:188} INFO - [2026-09-30T06:11:43.081+0000] {dag.py:3947} INFO - Setting next_dagrun for dag_market_eod to 2026-09-29 22:00:00+00:00, run_after=2026-09-30 22:00:00+00:00
[2026-09-30T06:11:43.092+0000] {processor.py:183} INFO - Processing /opt/airflow/dags/dag_market_eod.py took 0.380 seconds
[2026-09-30T06:12:13.196+0000] {processor.py:161} INFO - Started process (PID=2088) to work on /opt/airflow/dags/dag_market_eod.py
[2026-09-30T06:12:13.198+0000] {processor.py:830} INFO - Processing file /opt/airflow/dags/dag_market_eod.py for tasks to queue
[2026-09-30T06:12:13.198+0000] {logging_mixin.py:188} INFO - [2026-09-30T06:12:13.198+0000] {dagbag.py:545} INFO - Filling up the DagBag from /opt/airflow/dags/dag_market_eod.py
[2026-09-30T06:12:13.428+0000] {processor.py:840} INFO - DAG(s) 'dag_market_eod' retrieved from /opt/airflow/dags/dag_market_eod.py
[2026-09-30T06:12:13.447+0000] {logging_mixin.py:188} INFO - [2026-09-30T06:12:13.447+0000] {dag.py:3089} INFO - Sync 1 DAGs
[2026-09-30T06:12:13.459+0000] {logging_mixin.py:188} INFO - [2026-09-30T06:12:13.459+0000] {dag.py:3947} INFO - Setting next_dagrun for dag_market_eod to 2026-09-29 22:00:00+00:00, run_after=2026-09-30 22:00:00+00:00
[2026-09-30T06:12:13.470+0000] {processor.py:183} INFO - Processing /opt/airflow/dags/dag_market_eod.py took 0.278 seconds
[2026-09-30T06:12:43.558+0000] {processor.py:161} INFO - Started process (PID=2094) to work on /opt/airflow/dags/dag_market_eod.py
[2026-09-30T06:12:43.559+0000] {processor.py:830} INFO - Processing file /opt/airflow/dags/dag_market_eod.py for tasks to queue
[2026-09-30T06:12:43.559+0000] {logging_mixin.py:188} INFO - [2026-09-30T06:12:43.559+0000] {dagbag.py:545} INFO - Filling up the DagBag from /opt/airflow/dags/dag_market_eod.py
[2026-09-30T06:12:43.893+0000] {processor.py:840} INFO - DAG(s) 'dag_market_eod' retrieved from /opt/airflow/dags/dag_market_eod.py
[2026-09-30T06:12:43.907+0000] {logging_mixin.py:188} INFO - [2026-09-30T06:12:43.907+0000] {dag.py:3089} INFO - Sync 1 DAGs
[2026-09-30T06:12:43.919+0000] {logging_mixin.py:188} INFO - [2026-09-30T06:12:43.919+0000] {dag.py:3947} INFO - Setting next_dagrun for dag_market_eod to 2026-09-29 22:00:00+00:00, run_after=2026-09-30 22:00:00+00:00
[2026-09-30T06:12:43.929+0000] {processor.py:183} INFO - Processing /opt/airflow/dags/dag_market_eod.py took 0.376 seconds
[2026-09-30T06:13:14.029+0000] {processor.py:161} INFO - Started process (PID=2100) to work on /opt/airflow/dags/dag_market_eod.py
[2026-09-30T06:13:14.031+0000] {processor.py:830} INFO - Processing file /opt/airflow/dags/dag_market_eod.py for tasks to queue
[2026-09-30T06:13:14.032+0000] {logging_mixin.py:188} INFO - [2026-09-30T06:13:14.032+0000] {dagbag.py:545} INFO - Filling up the DagBag from /opt/airflow/dags/dag_market_eod.py
[2026-09-30T06:13:14.360+0000] {processor.py:840} INFO - DAG(s) 'dag_market_eod' retrieved from /opt/airflow/dags/dag_market_eod.py
[2026-09-30T06:13:14.376+0000] {logging_mixin.py:188} INFO - [2026-09-30T06:13:14.376+0000] {dag.py:3089} INFO - Sync 1 DAGs
[2026-09-30T06:13:14.387+0000] {logging_mixin.py:188} INFO - [2026-09-30T06:13:14.387+0000] {dag.py:3947} INFO - Setting next_dagrun for dag_market_eod to 2026-09-29 22:00:00+00:00, run_after=2026-09-30 22:00:00+00:00
[2026-09-30T06:13:14.402+0000] {processor.py:183} INFO - Processing /opt/airflow/dags/dag_market_eod.py took 0.376 seconds
[2026-09-30T06:13:44.502+0000] {processor.py:161} INFO - Started process (PID=2106) to work on /opt/airflow/dags/dag_market_eod.py
[2026-09-30T06:13:44.502+0000] {processor.py:830} INFO - Processing file /opt/airflow/dags/dag_market_eod.py for tasks to queue
[2026-09-30T06:13:44.503+0000] {logging_mixin.py:188} INFO - [2026-09-30T06:13:44.503+0000] {dagbag.py:545} INFO - Filling up the DagBag from /opt/airflow/dags/dag_market_eod.py
[2026-09-30T06:13:44.834+0000] {processor.py:840} INFO - DAG(s) 'dag_market_eod' retrieved from /opt/airflow/dags/dag_market_eod.py
[2026-09-30T06:13:44.856+0000] {logging_mixin.py:188} INFO - [2026-09-30T06:13:44.856+0000] {dag.py:3089} INFO - Sync 1 DAGs
[2026-09-30T06:13:44.869+0000] {logging_mixin.py:188} INFO - [2026-09-30T06:13:44.869+0000] {dag.py:3947} INFO - Setting next_dagrun for dag_market_eod to 2026-09-29 22:00:00+00:00, run_after=2026-09-30 22:00:00+00:00
[2026-09-30T06:13:44.879+0000] {processor.py:183} INFO - Processing /opt/airflow/dags/dag_market_eod.py took 0.381 seconds
[2026-09-30T06:14:14.971+0000] {processor.py:161} INFO - Started process (PID=2112) to work on /opt/airflow/dags/dag_market_eod.py
[2026-09-30T06:14:14.972+0000] {processor.py:830} INFO - Processing file /opt/airflow/dags/dag_market_eod.py for tasks to queue
[2026-09-30T06:14:14.973+0000] {logging_mixin.py:188} INFO - [2026-09-30T06:14:14.973+0000] {dagbag.py:545} INFO - Filling up the DagBag from /opt/airflow/dags/dag_market_eod.py
[2026-09-30T06:14:15.202+0000] {processor.py:840} INFO - DAG(s) 'dag_market_eod' retrieved from /opt/airflow/dags/dag_market_eod.py
[2026-09-30T06:14:15.219+0000] {logging_mixin.py:188} INFO - [2026-09-30T06:14:15.219+0000] {dag.py:3089} INFO - Sync 1 DAGs
[2026-09-30T06:14:15.336+0000] {logging_mixin.py:188} INFO - [2026-09-30T06:14:15.335+0000] {dag.py:3947} INFO - Setting next_dagrun for dag_market_eod to 2026-09-29 22:00:00+00:00, run_after=2026-09-30 22:00:00+00:00
[2026-09-30T06:14:15.346+0000] {processor.py:183} INFO - Processing /opt/airflow/dags/dag_market_eod.py took 0.378 seconds
[2026-09-30T06:14:45.450+0000] {processor.py:161} INFO - Started process (PID=2118) to work on /opt/airflow/dags/dag_market_eod.py
[2026-09-30T06:14:45.451+0000] {processor.py:830} INFO - Processing file /opt/airflow/dags/dag_market_eod.py for tasks to queue
[2026-09-30T06:14:45.452+0000] {logging_mixin.py:188} INFO - [2026-09-30T06:14:45.452+0000] {dagbag.py:545} INFO - Filling up the DagBag from /opt/airflow/dags/dag_market_eod.py
[2026-09-30T06:14:45.686+0000] {processor.py:840} INFO - DAG(s) 'dag_market_eod' retrieved from /opt/airflow/dags/dag_market_eod.py
[2026-09-30T06:14:45.807+0000] {logging_mixin.py:188} INFO - [2026-09-30T06:14:45.807+0000] {dag.py:3089} INFO - Sync 1 DAGs
[2026-09-30T06:14:45.818+0000] {logging_mixin.py:188} INFO - [2026-09-30T06:14:45.818+0000] {dag.py:3947} INFO - Setting next_dagrun for dag_market_eod to 2026-09-29 22:00:00+00:00, run_after=2026-09-30 22:00:00+00:00
[2026-09-30T06:14:45.830+0000] {processor.py:183} INFO - Processing /opt/airflow/dags/dag_market_eod.py took 0.385 seconds
[2026-09-30T06:15:15.937+0000] {processor.py:161} INFO - Started process (PID=2124) to work on /opt/airflow/dags/dag_market_eod.py
[2026-09-30T06:15:15.939+0000] {processor.py:830} INFO - Processing file /opt/airflow/dags/dag_market_eod.py for tasks to queue
[2026-09-30T06:15:15.940+0000] {logging_mixin.py:188} INFO - [2026-09-30T06:15:15.940+0000] {dagbag.py:545} INFO - Filling up the DagBag from /opt/airflow/dags/dag_market_eod.py
[2026-09-30T06:15:16.174+0000] {processor.py:840} INFO - DAG(s) 'dag_market_eod' retrieved from /opt/airflow/dags/dag_market_eod.py
[2026-09-30T06:15:16.193+0000] {logging_mixin.py:188} INFO - [2026-09-30T06:15:16.193+0000] {dag.py:3089} INFO - Sync 1 DAGs
[2026-09-30T06:15:16.207+0000] {logging_mixin.py:188} INFO - [2026-09-30T06:15:16.207+0000] {dag.py:3947} INFO - Setting next_dagrun for dag_market_eod to 2026-09-29 22:00:00+00:00, run_after=2026-09-30 22:00:00+00:00
[2026-09-30T06:15:16.220+0000] {processor.py:183} INFO - Processing /opt/airflow/dags/dag_market_eod.py took 0.287 seconds
[2026-09-30T06:15:46.320+0000] {processor.py:161} INFO - Started process (PID=2130) to work on /opt/airflow/dags/dag_market_eod.py
[2026-09-30T06:15:46.321+0000] {processor.py:830} INFO - Processing file /opt/airflow/dags/dag_market_eod.py for tasks to queue
[2026-09-30T06:15:46.322+0000] {logging_mixin.py:188} INFO - [2026-09-30T06:15:46.322+0000] {dagbag.py:545} INFO - Filling up the DagBag from /opt/airflow/dags/dag_market_eod.py
[2026-09-30T06:15:46.658+0000] {processor.py:840} INFO - DAG(s) 'dag_market_eod' retrieved from /opt/airflow/dags/dag_market_eod.py
[2026-09-30T06:15:46.674+0000] {logging_mixin.py:188} INFO - [2026-09-30T06:15:46.673+0000] {dag.py:3089} INFO - Sync 1 DAGs
[2026-09-30T06:15:46.687+0000] {logging_mixin.py:188} INFO - [2026-09-30T06:15:46.687+0000] {dag.py:3947} INFO - Setting next_dagrun for dag_market_eod to 2026-09-29 22:00:00+00:00, run_after=2026-09-30 22:00:00+00:00
[2026-09-30T06:15:46.703+0000] {processor.py:183} INFO - Processing /opt/airflow/dags/dag_market_eod.py took 0.388 seconds
[2026-09-30T06:16:16.808+0000] {processor.py:161} INFO - Started process (PID=2136) to work on /opt/airflow/dags/dag_market_eod.py
[2026-09-30T06:16:16.810+0000] {processor.py:830} INFO - Processing file /opt/airflow/dags/dag_market_eod.py for tasks to queue
[2026-09-30T06:16:16.812+0000] {logging_mixin.py:188} INFO - [2026-09-30T06:16:16.811+0000] {dagbag.py:545} INFO - Filling up the DagBag from /opt/airflow/dags/dag_market_eod.py
[2026-09-30T06:16:17.155+0000] {processor.py:840} INFO - DAG(s) 'dag_market_eod' retrieved from /opt/airflow/dags/dag_market_eod.py
[2026-09-30T06:16:17.173+0000] {logging_mixin.py:188} INFO - [2026-09-30T06:16:17.173+0000] {dag.py:3089} INFO - Sync 1 DAGs
[2026-09-30T06:16:17.186+0000] {logging_mixin.py:188} INFO - [2026-09-30T06:16:17.186+0000] {dag.py:3947} INFO - Setting next_dagrun for dag_market_eod to 2026-09-29 22:00:00+00:00, run_after=2026-09-30 22:00:00+00:00
[2026-09-30T06:16:17.201+0000] {processor.py:183} INFO - Processing /opt/airflow/dags/dag_market_eod.py took 0.398 seconds
[2026-09-30T06:16:47.308+0000] {processor.py:161} INFO - Started process (PID=2142) to work on /opt/airflow/dags/dag_market_eod.py
[2026-09-30T06:16:47.308+0000] {processor.py:830} INFO - Processing file /opt/airflow/dags/dag_market_eod.py for tasks to queue
[2026-09-30T06:16:47.309+0000] {logging_mixin.py:188} INFO - [2026-09-30T06:16:47.309+0000] {dagbag.py:545} INFO - Filling up the DagBag from /opt/airflow/dags/dag_market_eod.py
[2026-09-30T06:16:47.642+0000] {processor.py:840} INFO - DAG(s) 'dag_market_eod' retrieved from /opt/airflow/dags/dag_market_eod.py
[2026-09-30T06:16:47.657+0000] {logging_mixin.py:188} INFO - [2026-09-30T06:16:47.657+0000] {dag.py:3089} INFO - Sync 1 DAGs
[2026-09-30T06:16:47.669+0000] {logging_mixin.py:188} INFO - [2026-09-30T06:16:47.669+0000] {dag.py:3947} INFO - Setting next_dagrun for dag_market_eod to 2026-09-29 22:00:00+00:00, run_after=2026-09-30 22:00:00+00:00
[2026-09-30T06:16:47.680+0000] {processor.py:183} INFO - Processing /opt/airflow/dags/dag_market_eod.py took 0.375 seconds
[2026-09-30T06:17:17.783+0000] {processor.py:161} INFO - Started process (PID=2148) to work on /opt/airflow/dags/dag_market_eod.py
[2026-09-30T06:17:17.785+0000] {processor.py:830} INFO - Processing file /opt/airflow/dags/dag_market_eod.py for tasks to queue
[2026-09-30T06:17:17.786+0000] {logging_mixin.py:188} INFO - [2026-09-30T06:17:17.786+0000] {dagbag.py:545} INFO - Filling up the DagBag from /opt/airflow/dags/dag_market_eod.py
[2026-09-30T06:17:18.014+0000] {processor.py:840} INFO - DAG(s) 'dag_market_eod' retrieved from /opt/airflow/dags/dag_market_eod.py
[2026-09-30T06:17:18.030+0000] {logging_mixin.py:188} INFO - [2026-09-30T06:17:18.029+0000] {dag.py:3089} INFO - Sync 1 DAGs
[2026-09-30T06:17:18.139+0000] {logging_mixin.py:188} INFO - [2026-09-30T06:17:18.139+0000] {dag.py:3947} INFO - Setting next_dagrun for dag_market_eod to 2026-09-29 22:00:00+00:00, run_after=2026-09-30 22:00:00+00:00
[2026-09-30T06:17:18.150+0000] {processor.py:183} INFO - Processing /opt/airflow/dags/dag_market_eod.py took 0.371 seconds
[2026-09-30T06:17:48.249+0000] {processor.py:161} INFO - Started process (PID=2154) to work on /opt/airflow/dags/dag_market_eod.py
[2026-09-30T06:17:48.250+0000] {processor.py:830} INFO - Processing file /opt/airflow/dags/dag_market_eod.py for tasks to queue
[2026-09-30T06:17:48.251+0000] {logging_mixin.py:188} INFO - [2026-09-30T06:17:48.250+0000] {dagbag.py:545} INFO - Filling up the DagBag from /opt/airflow/dags/dag_market_eod.py
[2026-09-30T06:17:48.481+0000] {processor.py:840} INFO - DAG(s) 'dag_market_eod' retrieved from /opt/airflow/dags/dag_market_eod.py
[2026-09-30T06:17:48.599+0000] {logging_mixin.py:188} INFO - [2026-09-30T06:17:48.599+0000] {dag.py:3089} INFO - Sync 1 DAGs
[2026-09-30T06:17:48.611+0000] {logging_mixin.py:188} INFO - [2026-09-30T06:17:48.611+0000] {dag.py:3947} INFO - Setting next_dagrun for dag_market_eod to 2026-09-29 22:00:00+00:00, run_after=2026-09-30 22:00:00+00:00
[2026-09-30T06:17:48.622+0000] {processor.py:183} INFO - Processing /opt/airflow/dags/dag_market_eod.py took 0.376 seconds
[2026-09-30T06:18:18.720+0000] {processor.py:161} INFO - Started process (PID=2160) to work on /opt/airflow/dags/dag_market_eod.py
[2026-09-30T06:18:18.722+0000] {processor.py:830} INFO - Processing file /opt/airflow/dags/dag_market_eod.py for tasks to queue
[2026-09-30T06:18:18.723+0000] {logging_mixin.py:188} INFO - [2026-09-30T06:18:18.723+0000] {dagbag.py:545} INFO - Filling up the DagBag from /opt/airflow/dags/dag_market_eod.py
[2026-09-30T06:18:19.057+0000] {processor.py:840} INFO - DAG(s) 'dag_market_eod' retrieved from /opt/airflow/dags/dag_market_eod.py
[2026-09-30T06:18:19.072+0000] {logging_mixin.py:188} INFO - [2026-09-30T06:18:19.072+0000] {dag.py:3089} INFO - Sync 1 DAGs
[2026-09-30T06:18:19.083+0000] {logging_mixin.py:188} INFO - [2026-09-30T06:18:19.083+0000] {dag.py:3947} INFO - Setting next_dagrun for dag_market_eod to 2026-09-29 22:00:00+00:00, run_after=2026-09-30 22:00:00+00:00
[2026-09-30T06:18:19.094+0000] {processor.py:183} INFO - Processing /opt/airflow/dags/dag_market_eod.py took 0.378 seconds
[2026-09-30T06:18:49.204+0000] {processor.py:161} INFO - Started process (PID=2166) to work on /opt/airflow/dags/dag_market_eod.py
[2026-09-30T06:18:49.204+0000] {processor.py:830} INFO - Processing file /opt/airflow/dags/dag_market_eod.py for tasks to queue
[2026-09-30T06:18:49.205+0000] {logging_mixin.py:188} INFO - [2026-09-30T06:18:49.205+0000] {dagbag.py:545} INFO - Filling up the DagBag from /opt/airflow/dags/dag_market_eod.py
[2026-09-30T06:18:49.538+0000] {processor.py:840} INFO - DAG(s) 'dag_market_eod' retrieved from /opt/airflow/dags/dag_market_eod.py
[2026-09-30T06:18:49.553+0000] {logging_mixin.py:188} INFO - [2026-09-30T06:18:49.553+0000] {dag.py:3089} INFO - Sync 1 DAGs
[2026-09-30T06:18:49.564+0000] {logging_mixin.py:188} INFO - [2026-09-30T06:18:49.564+0000] {dag.py:3947} INFO - Setting next_dagrun for dag_market_eod to 2026-09-29 22:00:00+00:00, run_after=2026-09-30 22:00:00+00:00
[2026-09-30T06:18:49.576+0000] {processor.py:183} INFO - Processing /opt/airflow/dags/dag_market_eod.py took 0.376 seconds
[2026-09-30T06:19:19.682+0000] {processor.py:161} INFO - Started process (PID=2172) to work on /opt/airflow/dags/dag_market_eod.py
[2026-09-30T06:19:19.684+0000] {processor.py:830} INFO - Processing file /opt/airflow/dags/dag_market_eod.py for tasks to queue
[2026-09-30T06:19:19.685+0000] {logging_mixin.py:188} INFO - [2026-09-30T06:19:19.685+0000] {dagbag.py:545} INFO - Filling up the DagBag from /opt/airflow/dags/dag_market_eod.py
[2026-09-30T06:19:20.012+0000] {processor.py:840} INFO - DAG(s) 'dag_market_eod' retrieved from /opt/airflow/dags/dag_market_eod.py
[2026-09-30T06:19:20.029+0000] {logging_mixin.py:188} INFO - [2026-09-30T06:19:20.028+0000] {dag.py:3089} INFO - Sync 1 DAGs
[2026-09-30T06:19:20.041+0000] {logging_mixin.py:188} INFO - [2026-09-30T06:19:20.041+0000] {dag.py:3947} INFO - Setting next_dagrun for dag_market_eod to 2026-09-29 22:00:00+00:00, run_after=2026-09-30 22:00:00+00:00
[2026-09-30T06:19:20.052+0000] {processor.py:183} INFO - Processing /opt/airflow/dags/dag_market_eod.py took 0.374 seconds
[2026-09-30T06:19:50.153+0000] {processor.py:161} INFO - Started process (PID=2178) to work on /opt/airflow/dags/dag_market_eod.py
[2026-09-30T06:19:50.154+0000] {processor.py:830} INFO - Processing file /opt/airflow/dags/dag_market_eod.py for tasks to queue
[2026-09-30T06:19:50.155+0000] {logging_mixin.py:188} INFO - [2026-09-30T06:19:50.155+0000] {dagbag.py:545} INFO - Filling up the DagBag from /opt/airflow/dags/dag_market_eod.py
[2026-09-30T06:19:50.483+0000] {processor.py:840} INFO - DAG(s) 'dag_market_eod' retrieved from /opt/airflow/dags/dag_market_eod.py
[2026-09-30T06:19:50.499+0000] {logging_mixin.py:188} INFO - [2026-09-30T06:19:50.499+0000] {dag.py:3089} INFO - Sync 1 DAGs
[2026-09-30T06:19:50.512+0000] {logging_mixin.py:188} INFO - [2026-09-30T06:19:50.512+0000] {dag.py:3947} INFO - Setting next_dagrun for dag_market_eod to 2026-09-29 22:00:00+00:00, run_after=2026-09-30 22:00:00+00:00
[2026-09-30T06:19:50.522+0000] {processor.py:183} INFO - Processing /opt/airflow/dags/dag_market_eod.py took 0.373 seconds
[2026-09-30T06:20:20.623+0000] {processor.py:161} INFO - Started process (PID=2184) to work on /opt/airflow/dags/dag_market_eod.py
[2026-09-30T06:20:20.625+0000] {processor.py:830} INFO - Processing file /opt/airflow/dags/dag_market_eod.py for tasks to queue
[2026-09-30T06:20:20.626+0000] {logging_mixin.py:188} INFO - [2026-09-30T06:20:20.626+0000] {dagbag.py:545} INFO - Filling up the DagBag from /opt/airflow/dags/dag_market_eod.py
[2026-09-30T06:20:20.855+0000] {processor.py:840} INFO - DAG(s) 'dag_market_eod' retrieved from /opt/airflow/dags/dag_market_eod.py
[2026-09-30T06:20:20.974+0000] {logging_mixin.py:188} INFO - [2026-09-30T06:20:20.974+0000] {dag.py:3089} INFO - Sync 1 DAGs
[2026-09-30T06:20:20.987+0000] {logging_mixin.py:188} INFO - [2026-09-30T06:20:20.987+0000] {dag.py:3947} INFO - Setting next_dagrun for dag_market_eod to 2026-09-29 22:00:00+00:00, run_after=2026-09-30 22:00:00+00:00
[2026-09-30T06:20:20.997+0000] {processor.py:183} INFO - Processing /opt/airflow/dags/dag_market_eod.py took 0.378 seconds
[2026-09-30T06:20:51.103+0000] {processor.py:161} INFO - Started process (PID=2190) to work on /opt/airflow/dags/dag_market_eod.py
[2026-09-30T06:20:51.104+0000] {processor.py:830} INFO - Processing file /opt/airflow/dags/dag_market_eod.py for tasks to queue
[2026-09-30T06:20:51.105+0000] {logging_mixin.py:188} INFO - [2026-09-30T06:20:51.105+0000] {dagbag.py:545} INFO - Filling up the DagBag from /opt/airflow/dags/dag_market_eod.py
[2026-09-30T06:20:51.335+0000] {processor.py:840} INFO - DAG(s) 'dag_market_eod' retrieved from /opt/airflow/dags/dag_market_eod.py
[2026-09-30T06:20:51.454+0000] {logging_mixin.py:188} INFO - [2026-09-30T06:20:51.454+0000] {dag.py:3089} INFO - Sync 1 DAGs
[2026-09-30T06:20:51.467+0000] {logging_mixin.py:188} INFO - [2026-09-30T06:20:51.466+0000] {dag.py:3947} INFO - Setting next_dagrun for dag_market_eod to 2026-09-29 22:00:00+00:00, run_after=2026-09-30 22:00:00+00:00
[2026-09-30T06:20:51.477+0000] {processor.py:183} INFO - Processing /opt/airflow/dags/dag_market_eod.py took 0.377 seconds
[2026-09-30T06:21:21.571+0000] {processor.py:161} INFO - Started process (PID=2196) to work on /opt/airflow/dags/dag_market_eod.py
[2026-09-30T06:21:21.573+0000] {processor.py:830} INFO - Processing file /opt/airflow/dags/dag_market_eod.py for tasks to queue
[2026-09-30T06:21:21.574+0000] {logging_mixin.py:188} INFO - [2026-09-30T06:21:21.574+0000] {dagbag.py:545} INFO - Filling up the DagBag from /opt/airflow/dags/dag_market_eod.py
[2026-09-30T06:21:21.908+0000] {processor.py:840} INFO - DAG(s) 'dag_market_eod' retrieved from /opt/airflow/dags/dag_market_eod.py
[2026-09-30T06:21:21.925+0000] {logging_mixin.py:188} INFO - [2026-09-30T06:21:21.925+0000] {dag.py:3089} INFO - Sync 1 DAGs
[2026-09-30T06:21:21.939+0000] {logging_mixin.py:188} INFO - [2026-09-30T06:21:21.939+0000] {dag.py:3947} INFO - Setting next_dagrun for dag_market_eod to 2026-09-29 22:00:00+00:00, run_after=2026-09-30 22:00:00+00:00
[2026-09-30T06:21:21.950+0000] {processor.py:183} INFO - Processing /opt/airflow/dags/dag_market_eod.py took 0.382 seconds
[2026-09-30T06:21:52.053+0000] {processor.py:161} INFO - Started process (PID=2202) to work on /opt/airflow/dags/dag_market_eod.py
[2026-09-30T06:21:52.054+0000] {processor.py:830} INFO - Processing file /opt/airflow/dags/dag_market_eod.py for tasks to queue
[2026-09-30T06:21:52.055+0000] {logging_mixin.py:188} INFO - [2026-09-30T06:21:52.055+0000] {dagbag.py:545} INFO - Filling up the DagBag from /opt/airflow/dags/dag_market_eod.py
[2026-09-30T06:21:52.390+0000] {processor.py:840} INFO - DAG(s) 'dag_market_eod' retrieved from /opt/airflow/dags/dag_market_eod.py
[2026-09-30T06:21:52.405+0000] {logging_mixin.py:188} INFO - [2026-09-30T06:21:52.404+0000] {dag.py:3089} INFO - Sync 1 DAGs
[2026-09-30T06:21:52.416+0000] {logging_mixin.py:188} INFO - [2026-09-30T06:21:52.416+0000] {dag.py:3947} INFO - Setting next_dagrun for dag_market_eod to 2026-09-29 22:00:00+00:00, run_after=2026-09-30 22:00:00+00:00
[2026-09-30T06:21:52.427+0000] {processor.py:183} INFO - Processing /opt/airflow/dags/dag_market_eod.py took 0.379 seconds
[2026-09-30T06:22:22.526+0000] {processor.py:161} INFO - Started process (PID=2208) to work on /opt/airflow/dags/dag_market_eod.py
[2026-09-30T06:22:22.528+0000] {processor.py:830} INFO - Processing file /opt/airflow/dags/dag_market_eod.py for tasks to queue
[2026-09-30T06:22:22.528+0000] {logging_mixin.py:188} INFO - [2026-09-30T06:22:22.528+0000] {dagbag.py:545} INFO - Filling up the DagBag from /opt/airflow/dags/dag_market_eod.py
[2026-09-30T06:22:22.858+0000] {processor.py:840} INFO - DAG(s) 'dag_market_eod' retrieved from /opt/airflow/dags/dag_market_eod.py
[2026-09-30T06:22:22.875+0000] {logging_mixin.py:188} INFO - [2026-09-30T06:22:22.875+0000] {dag.py:3089} INFO - Sync 1 DAGs
[2026-09-30T06:22:22.887+0000] {logging_mixin.py:188} INFO - [2026-09-30T06:22:22.887+0000] {dag.py:3947} INFO - Setting next_dagrun for dag_market_eod to 2026-09-29 22:00:00+00:00, run_after=2026-09-30 22:00:00+00:00
[2026-09-30T06:22:22.895+0000] {processor.py:183} INFO - Processing /opt/airflow/dags/dag_market_eod.py took 0.373 seconds
[2026-09-30T06:22:52.999+0000] {processor.py:161} INFO - Started process (PID=2214) to work on /opt/airflow/dags/dag_market_eod.py
[2026-09-30T06:22:53.000+0000] {processor.py:830} INFO - Processing file /opt/airflow/dags/dag_market_eod.py for tasks to queue
[2026-09-30T06:22:53.000+0000] {logging_mixin.py:188} INFO - [2026-09-30T06:22:53.000+0000] {dagbag.py:545} INFO - Filling up the DagBag from /opt/airflow/dags/dag_market_eod.py
[2026-09-30T06:22:53.344+0000] {processor.py:840} INFO - DAG(s) 'dag_market_eod' retrieved from /opt/airflow/dags/dag_market_eod.py
[2026-09-30T06:22:53.359+0000] {logging_mixin.py:188} INFO - [2026-09-30T06:22:53.359+0000] {dag.py:3089} INFO - Sync 1 DAGs
[2026-09-30T06:22:53.372+0000] {logging_mixin.py:188} INFO - [2026-09-30T06:22:53.371+0000] {dag.py:3947} INFO - Setting next_dagrun for dag_market_eod to 2026-09-29 22:00:00+00:00, run_after=2026-09-30 22:00:00+00:00
[2026-09-30T06:22:53.382+0000] {processor.py:183} INFO - Processing /opt/airflow/dags/dag_market_eod.py took 0.387 seconds
[2026-09-30T06:23:23.480+0000] {processor.py:161} INFO - Started process (PID=2220) to work on /opt/airflow/dags/dag_market_eod.py
[2026-09-30T06:23:23.482+0000] {processor.py:830} INFO - Processing file /opt/airflow/dags/dag_market_eod.py for tasks to queue
[2026-09-30T06:23:23.483+0000] {logging_mixin.py:188} INFO - [2026-09-30T06:23:23.483+0000] {dagbag.py:545} INFO - Filling up the DagBag from /opt/airflow/dags/dag_market_eod.py
[2026-09-30T06:23:23.712+0000] {processor.py:840} INFO - DAG(s) 'dag_market_eod' retrieved from /opt/airflow/dags/dag_market_eod.py
[2026-09-30T06:23:23.834+0000] {logging_mixin.py:188} INFO - [2026-09-30T06:23:23.834+0000] {dag.py:3089} INFO - Sync 1 DAGs
[2026-09-30T06:23:23.846+0000] {logging_mixin.py:188} INFO - [2026-09-30T06:23:23.846+0000] {dag.py:3947} INFO - Setting next_dagrun for dag_market_eod to 2026-09-29 22:00:00+00:00, run_after=2026-09-30 22:00:00+00:00
[2026-09-30T06:23:23.857+0000] {processor.py:183} INFO - Processing /opt/airflow/dags/dag_market_eod.py took 0.382 seconds
[2026-09-30T06:23:53.971+0000] {processor.py:161} INFO - Started process (PID=2226) to work on /opt/airflow/dags/dag_market_eod.py
[2026-09-30T06:23:53.971+0000] {processor.py:830} INFO - Processing file /opt/airflow/dags/dag_market_eod.py for tasks to queue
[2026-09-30T06:23:53.972+0000] {logging_mixin.py:188} INFO - [2026-09-30T06:23:53.972+0000] {dagbag.py:545} INFO - Filling up the DagBag from /opt/airflow/dags/dag_market_eod.py
[2026-09-30T06:23:54.206+0000] {processor.py:840} INFO - DAG(s) 'dag_market_eod' retrieved from /opt/airflow/dags/dag_market_eod.py
[2026-09-30T06:23:54.324+0000] {logging_mixin.py:188} INFO - [2026-09-30T06:23:54.324+0000] {dag.py:3089} INFO - Sync 1 DAGs
[2026-09-30T06:23:54.337+0000] {logging_mixin.py:188} INFO - [2026-09-30T06:23:54.336+0000] {dag.py:3947} INFO - Setting next_dagrun for dag_market_eod to 2026-09-29 22:00:00+00:00, run_after=2026-09-30 22:00:00+00:00
[2026-09-30T06:23:54.347+0000] {processor.py:183} INFO - Processing /opt/airflow/dags/dag_market_eod.py took 0.379 seconds
[2026-09-30T06:24:24.445+0000] {processor.py:161} INFO - Started process (PID=2232) to work on /opt/airflow/dags/dag_market_eod.py
[2026-09-30T06:24:24.447+0000] {processor.py:830} INFO - Processing file /opt/airflow/dags/dag_market_eod.py for tasks to queue
[2026-09-30T06:24:24.447+0000] {logging_mixin.py:188} INFO - [2026-09-30T06:24:24.447+0000] {dagbag.py:545} INFO - Filling up the DagBag from /opt/airflow/dags/dag_market_eod.py
[2026-09-30T06:24:24.773+0000] {processor.py:840} INFO - DAG(s) 'dag_market_eod' retrieved from /opt/airflow/dags/dag_market_eod.py
[2026-09-30T06:24:24.788+0000] {logging_mixin.py:188} INFO - [2026-09-30T06:24:24.788+0000] {dag.py:3089} INFO - Sync 1 DAGs
[2026-09-30T06:24:24.800+0000] {logging_mixin.py:188} INFO - [2026-09-30T06:24:24.799+0000] {dag.py:3947} INFO - Setting next_dagrun for dag_market_eod to 2026-09-29 22:00:00+00:00, run_after=2026-09-30 22:00:00+00:00
[2026-09-30T06:24:24.810+0000] {processor.py:183} INFO - Processing /opt/airflow/dags/dag_market_eod.py took 0.369 seconds
[2026-09-30T06:24:54.911+0000] {processor.py:161} INFO - Started process (PID=2238) to work on /opt/airflow/dags/dag_market_eod.py
[2026-09-30T06:24:54.912+0000] {processor.py:830} INFO - Processing file /opt/airflow/dags/dag_market_eod.py for tasks to queue
[2026-09-30T06:24:54.913+0000] {logging_mixin.py:188} INFO - [2026-09-30T06:24:54.912+0000] {dagbag.py:545} INFO - Filling up the DagBag from /opt/airflow/dags/dag_market_eod.py
[2026-09-30T06:24:55.240+0000] {processor.py:840} INFO - DAG(s) 'dag_market_eod' retrieved from /opt/airflow/dags/dag_market_eod.py
[2026-09-30T06:24:55.256+0000] {logging_mixin.py:188} INFO - [2026-09-30T06:24:55.256+0000] {dag.py:3089} INFO - Sync 1 DAGs
[2026-09-30T06:24:55.267+0000] {logging_mixin.py:188} INFO - [2026-09-30T06:24:55.267+0000] {dag.py:3947} INFO - Setting next_dagrun for dag_market_eod to 2026-09-29 22:00:00+00:00, run_after=2026-09-30 22:00:00+00:00
[2026-09-30T06:24:55.278+0000] {processor.py:183} INFO - Processing /opt/airflow/dags/dag_market_eod.py took 0.372 seconds
[2026-09-30T06:25:25.375+0000] {processor.py:161} INFO - Started process (PID=2244) to work on /opt/airflow/dags/dag_market_eod.py
[2026-09-30T06:25:25.376+0000] {processor.py:830} INFO - Processing file /opt/airflow/dags/dag_market_eod.py for tasks to queue
[2026-09-30T06:25:25.377+0000] {logging_mixin.py:188} INFO - [2026-09-30T06:25:25.377+0000] {dagbag.py:545} INFO - Filling up the DagBag from /opt/airflow/dags/dag_market_eod.py
[2026-09-30T06:25:25.711+0000] {processor.py:840} INFO - DAG(s) 'dag_market_eod' retrieved from /opt/airflow/dags/dag_market_eod.py
[2026-09-30T06:25:25.724+0000] {logging_mixin.py:188} INFO - [2026-09-30T06:25:25.724+0000] {dag.py:3089} INFO - Sync 1 DAGs
[2026-09-30T06:25:25.737+0000] {logging_mixin.py:188} INFO - [2026-09-30T06:25:25.736+0000] {dag.py:3947} INFO - Setting next_dagrun for dag_market_eod to 2026-09-29 22:00:00+00:00, run_after=2026-09-30 22:00:00+00:00
[2026-09-30T06:25:25.746+0000] {processor.py:183} INFO - Processing /opt/airflow/dags/dag_market_eod.py took 0.376 seconds
[2026-09-30T06:25:55.860+0000] {processor.py:161} INFO - Started process (PID=2250) to work on /opt/airflow/dags/dag_market_eod.py
[2026-09-30T06:25:55.860+0000] {processor.py:830} INFO - Processing file /opt/airflow/dags/dag_market_eod.py for tasks to queue
[2026-09-30T06:25:55.861+0000] {logging_mixin.py:188} INFO - [2026-09-30T06:25:55.861+0000] {dagbag.py:545} INFO - Filling up the DagBag from /opt/airflow/dags/dag_market_eod.py
[2026-09-30T06:25:56.211+0000] {processor.py:840} INFO - DAG(s) 'dag_market_eod' retrieved from /opt/airflow/dags/dag_market_eod.py
[2026-09-30T06:25:56.231+0000] {logging_mixin.py:188} INFO - [2026-09-30T06:25:56.230+0000] {dag.py:3089} INFO - Sync 1 DAGs
[2026-09-30T06:25:56.246+0000] {logging_mixin.py:188} INFO - [2026-09-30T06:25:56.246+0000] {dag.py:3947} INFO - Setting next_dagrun for dag_market_eod to 2026-09-29 22:00:00+00:00, run_after=2026-09-30 22:00:00+00:00
[2026-09-30T06:25:56.259+0000] {processor.py:183} INFO - Processing /opt/airflow/dags/dag_market_eod.py took 0.402 seconds
[2026-09-30T06:26:26.362+0000] {processor.py:161} INFO - Started process (PID=2256) to work on /opt/airflow/dags/dag_market_eod.py
[2026-09-30T06:26:26.364+0000] {processor.py:830} INFO - Processing file /opt/airflow/dags/dag_market_eod.py for tasks to queue
[2026-09-30T06:26:26.365+0000] {logging_mixin.py:188} INFO - [2026-09-30T06:26:26.365+0000] {dagbag.py:545} INFO - Filling up the DagBag from /opt/airflow/dags/dag_market_eod.py
[2026-09-30T06:26:26.602+0000] {processor.py:840} INFO - DAG(s) 'dag_market_eod' retrieved from /opt/airflow/dags/dag_market_eod.py
[2026-09-30T06:26:26.717+0000] {logging_mixin.py:188} INFO - [2026-09-30T06:26:26.717+0000] {dag.py:3089} INFO - Sync 1 DAGs
[2026-09-30T06:26:26.729+0000] {logging_mixin.py:188} INFO - [2026-09-30T06:26:26.729+0000] {dag.py:3947} INFO - Setting next_dagrun for dag_market_eod to 2026-09-29 22:00:00+00:00, run_after=2026-09-30 22:00:00+00:00
[2026-09-30T06:26:26.740+0000] {processor.py:183} INFO - Processing /opt/airflow/dags/dag_market_eod.py took 0.383 seconds
[2026-09-30T06:26:56.842+0000] {processor.py:161} INFO - Started process (PID=2262) to work on /opt/airflow/dags/dag_market_eod.py
[2026-09-30T06:26:56.843+0000] {processor.py:830} INFO - Processing file /opt/airflow/dags/dag_market_eod.py for tasks to queue
[2026-09-30T06:26:56.844+0000] {logging_mixin.py:188} INFO - [2026-09-30T06:26:56.844+0000] {dagbag.py:545} INFO - Filling up the DagBag from /opt/airflow/dags/dag_market_eod.py
[2026-09-30T06:26:57.073+0000] {processor.py:840} INFO - DAG(s) 'dag_market_eod' retrieved from /opt/airflow/dags/dag_market_eod.py
[2026-09-30T06:26:57.194+0000] {logging_mixin.py:188} INFO - [2026-09-30T06:26:57.193+0000] {dag.py:3089} INFO - Sync 1 DAGs
[2026-09-30T06:26:57.206+0000] {logging_mixin.py:188} INFO - [2026-09-30T06:26:57.206+0000] {dag.py:3947} INFO - Setting next_dagrun for dag_market_eod to 2026-09-29 22:00:00+00:00, run_after=2026-09-30 22:00:00+00:00
[2026-09-30T06:26:57.216+0000] {processor.py:183} INFO - Processing /opt/airflow/dags/dag_market_eod.py took 0.378 seconds
[2026-09-30T06:27:27.315+0000] {processor.py:161} INFO - Started process (PID=2268) to work on /opt/airflow/dags/dag_market_eod.py
[2026-09-30T06:27:27.317+0000] {processor.py:830} INFO - Processing file /opt/airflow/dags/dag_market_eod.py for tasks to queue
[2026-09-30T06:27:27.318+0000] {logging_mixin.py:188} INFO - [2026-09-30T06:27:27.318+0000] {dagbag.py:545} INFO - Filling up the DagBag from /opt/airflow/dags/dag_market_eod.py
[2026-09-30T06:27:27.649+0000] {processor.py:840} INFO - DAG(s) 'dag_market_eod' retrieved from /opt/airflow/dags/dag_market_eod.py
[2026-09-30T06:27:27.669+0000] {logging_mixin.py:188} INFO - [2026-09-30T06:27:27.669+0000] {dag.py:3089} INFO - Sync 1 DAGs
[2026-09-30T06:27:27.680+0000] {logging_mixin.py:188} INFO - [2026-09-30T06:27:27.680+0000] {dag.py:3947} INFO - Setting next_dagrun for dag_market_eod to 2026-09-29 22:00:00+00:00, run_after=2026-09-30 22:00:00+00:00
[2026-09-30T06:27:27.693+0000] {processor.py:183} INFO - Processing /opt/airflow/dags/dag_market_eod.py took 0.382 seconds
[2026-09-30T06:27:57.803+0000] {processor.py:161} INFO - Started process (PID=2274) to work on /opt/airflow/dags/dag_market_eod.py
[2026-09-30T06:27:57.803+0000] {processor.py:830} INFO - Processing file /opt/airflow/dags/dag_market_eod.py for tasks to queue
[2026-09-30T06:27:57.804+0000] {logging_mixin.py:188} INFO - [2026-09-30T06:27:57.804+0000] {dagbag.py:545} INFO - Filling up the DagBag from /opt/airflow/dags/dag_market_eod.py
[2026-09-30T06:27:58.136+0000] {processor.py:840} INFO - DAG(s) 'dag_market_eod' retrieved from /opt/airflow/dags/dag_market_eod.py
[2026-09-30T06:27:58.151+0000] {logging_mixin.py:188} INFO - [2026-09-30T06:27:58.151+0000] {dag.py:3089} INFO - Sync 1 DAGs
[2026-09-30T06:27:58.163+0000] {logging_mixin.py:188} INFO - [2026-09-30T06:27:58.163+0000] {dag.py:3947} INFO - Setting next_dagrun for dag_market_eod to 2026-09-29 22:00:00+00:00, run_after=2026-09-30 22:00:00+00:00
[2026-09-30T06:27:58.174+0000] {processor.py:183} INFO - Processing /opt/airflow/dags/dag_market_eod.py took 0.375 seconds
[2026-09-30T06:28:28.271+0000] {processor.py:161} INFO - Started process (PID=2280) to work on /opt/airflow/dags/dag_market_eod.py
[2026-09-30T06:28:28.272+0000] {processor.py:830} INFO - Processing file /opt/airflow/dags/dag_market_eod.py for tasks to queue
[2026-09-30T06:28:28.272+0000] {logging_mixin.py:188} INFO - [2026-09-30T06:28:28.272+0000] {dagbag.py:545} INFO - Filling up the DagBag from /opt/airflow/dags/dag_market_eod.py
[2026-09-30T06:28:28.594+0000] {processor.py:840} INFO - DAG(s) 'dag_market_eod' retrieved from /opt/airflow/dags/dag_market_eod.py
[2026-09-30T06:28:28.608+0000] {logging_mixin.py:188} INFO - [2026-09-30T06:28:28.608+0000] {dag.py:3089} INFO - Sync 1 DAGs
[2026-09-30T06:28:28.620+0000] {logging_mixin.py:188} INFO - [2026-09-30T06:28:28.620+0000] {dag.py:3947} INFO - Setting next_dagrun for dag_market_eod to 2026-09-29 22:00:00+00:00, run_after=2026-09-30 22:00:00+00:00
[2026-09-30T06:28:28.628+0000] {processor.py:183} INFO - Processing /opt/airflow/dags/dag_market_eod.py took 0.360 seconds
[2026-09-30T06:28:58.729+0000] {processor.py:161} INFO - Started process (PID=2286) to work on /opt/airflow/dags/dag_market_eod.py
[2026-09-30T06:28:58.729+0000] {processor.py:830} INFO - Processing file /opt/airflow/dags/dag_market_eod.py for tasks to queue
[2026-09-30T06:28:58.730+0000] {logging_mixin.py:188} INFO - [2026-09-30T06:28:58.730+0000] {dagbag.py:545} INFO - Filling up the DagBag from /opt/airflow/dags/dag_market_eod.py
[2026-09-30T06:28:58.968+0000] {processor.py:840} INFO - DAG(s) 'dag_market_eod' retrieved from /opt/airflow/dags/dag_market_eod.py
[2026-09-30T06:28:58.986+0000] {logging_mixin.py:188} INFO - [2026-09-30T06:28:58.986+0000] {dag.py:3089} INFO - Sync 1 DAGs
[2026-09-30T06:28:59.099+0000] {logging_mixin.py:188} INFO - [2026-09-30T06:28:59.099+0000] {dag.py:3947} INFO - Setting next_dagrun for dag_market_eod to 2026-09-29 22:00:00+00:00, run_after=2026-09-30 22:00:00+00:00
[2026-09-30T06:28:59.109+0000] {processor.py:183} INFO - Processing /opt/airflow/dags/dag_market_eod.py took 0.384 seconds
[2026-09-30T06:29:29.212+0000] {processor.py:161} INFO - Started process (PID=2292) to work on /opt/airflow/dags/dag_market_eod.py
[2026-09-30T06:29:29.214+0000] {processor.py:830} INFO - Processing file /opt/airflow/dags/dag_market_eod.py for tasks to queue
[2026-09-30T06:29:29.216+0000] {logging_mixin.py:188} INFO - [2026-09-30T06:29:29.215+0000] {dagbag.py:545} INFO - Filling up the DagBag from /opt/airflow/dags/dag_market_eod.py
[2026-09-30T06:29:29.450+0000] {processor.py:840} INFO - DAG(s) 'dag_market_eod' retrieved from /opt/airflow/dags/dag_market_eod.py
[2026-09-30T06:29:29.567+0000] {logging_mixin.py:188} INFO - [2026-09-30T06:29:29.567+0000] {dag.py:3089} INFO - Sync 1 DAGs
[2026-09-30T06:29:29.579+0000] {logging_mixin.py:188} INFO - [2026-09-30T06:29:29.579+0000] {dag.py:3947} INFO - Setting next_dagrun for dag_market_eod to 2026-09-29 22:00:00+00:00, run_after=2026-09-30 22:00:00+00:00
[2026-09-30T06:29:29.589+0000] {processor.py:183} INFO - Processing /opt/airflow/dags/dag_market_eod.py took 0.381 seconds
[2026-09-30T06:29:59.686+0000] {processor.py:161} INFO - Started process (PID=2298) to work on /opt/airflow/dags/dag_market_eod.py
[2026-09-30T06:29:59.687+0000] {processor.py:830} INFO - Processing file /opt/airflow/dags/dag_market_eod.py for tasks to queue
[2026-09-30T06:29:59.688+0000] {logging_mixin.py:188} INFO - [2026-09-30T06:29:59.687+0000] {dagbag.py:545} INFO - Filling up the DagBag from /opt/airflow/dags/dag_market_eod.py
[2026-09-30T06:30:00.015+0000] {processor.py:840} INFO - DAG(s) 'dag_market_eod' retrieved from /opt/airflow/dags/dag_market_eod.py
[2026-09-30T06:30:00.030+0000] {logging_mixin.py:188} INFO - [2026-09-30T06:30:00.030+0000] {dag.py:3089} INFO - Sync 1 DAGs
[2026-09-30T06:30:00.041+0000] {logging_mixin.py:188} INFO - [2026-09-30T06:30:00.041+0000] {dag.py:3947} INFO - Setting next_dagrun for dag_market_eod to 2026-09-29 22:00:00+00:00, run_after=2026-09-30 22:00:00+00:00
[2026-09-30T06:30:00.052+0000] {processor.py:183} INFO - Processing /opt/airflow/dags/dag_market_eod.py took 0.368 seconds
[2026-09-30T06:30:30.150+0000] {processor.py:161} INFO - Started process (PID=2304) to work on /opt/airflow/dags/dag_market_eod.py
[2026-09-30T06:30:30.152+0000] {processor.py:830} INFO - Processing file /opt/airflow/dags/dag_market_eod.py for tasks to queue
[2026-09-30T06:30:30.153+0000] {logging_mixin.py:188} INFO - [2026-09-30T06:30:30.153+0000] {dagbag.py:545} INFO - Filling up the DagBag from /opt/airflow/dags/dag_market_eod.py
[2026-09-30T06:30:30.491+0000] {processor.py:840} INFO - DAG(s) 'dag_market_eod' retrieved from /opt/airflow/dags/dag_market_eod.py
[2026-09-30T06:30:30.507+0000] {logging_mixin.py:188} INFO - [2026-09-30T06:30:30.507+0000] {dag.py:3089} INFO - Sync 1 DAGs
[2026-09-30T06:30:30.518+0000] {logging_mixin.py:188} INFO - [2026-09-30T06:30:30.518+0000] {dag.py:3947} INFO - Setting next_dagrun for dag_market_eod to 2026-09-29 22:00:00+00:00, run_after=2026-09-30 22:00:00+00:00
[2026-09-30T06:30:30.529+0000] {processor.py:183} INFO - Processing /opt/airflow/dags/dag_market_eod.py took 0.384 seconds
[2026-09-30T06:31:00.636+0000] {processor.py:161} INFO - Started process (PID=2310) to work on /opt/airflow/dags/dag_market_eod.py
[2026-09-30T06:31:00.637+0000] {processor.py:830} INFO - Processing file /opt/airflow/dags/dag_market_eod.py for tasks to queue
[2026-09-30T06:31:00.638+0000] {logging_mixin.py:188} INFO - [2026-09-30T06:31:00.638+0000] {dagbag.py:545} INFO - Filling up the DagBag from /opt/airflow/dags/dag_market_eod.py
[2026-09-30T06:31:00.968+0000] {processor.py:840} INFO - DAG(s) 'dag_market_eod' retrieved from /opt/airflow/dags/dag_market_eod.py
[2026-09-30T06:31:00.983+0000] {logging_mixin.py:188} INFO - [2026-09-30T06:31:00.983+0000] {dag.py:3089} INFO - Sync 1 DAGs
[2026-09-30T06:31:00.995+0000] {logging_mixin.py:188} INFO - [2026-09-30T06:31:00.995+0000] {dag.py:3947} INFO - Setting next_dagrun for dag_market_eod to 2026-09-29 22:00:00+00:00, run_after=2026-09-30 22:00:00+00:00
[2026-09-30T06:31:01.004+0000] {processor.py:183} INFO - Processing /opt/airflow/dags/dag_market_eod.py took 0.372 seconds
[2026-09-30T06:31:31.102+0000] {processor.py:161} INFO - Started process (PID=2316) to work on /opt/airflow/dags/dag_market_eod.py
[2026-09-30T06:31:31.103+0000] {processor.py:830} INFO - Processing file /opt/airflow/dags/dag_market_eod.py for tasks to queue
[2026-09-30T06:31:31.104+0000] {logging_mixin.py:188} INFO - [2026-09-30T06:31:31.104+0000] {dagbag.py:545} INFO - Filling up the DagBag from /opt/airflow/dags/dag_market_eod.py
[2026-09-30T06:31:31.435+0000] {processor.py:840} INFO - DAG(s) 'dag_market_eod' retrieved from /opt/airflow/dags/dag_market_eod.py
[2026-09-30T06:31:31.450+0000] {logging_mixin.py:188} INFO - [2026-09-30T06:31:31.450+0000] {dag.py:3089} INFO - Sync 1 DAGs
[2026-09-30T06:31:31.462+0000] {logging_mixin.py:188} INFO - [2026-09-30T06:31:31.462+0000] {dag.py:3947} INFO - Setting next_dagrun for dag_market_eod to 2026-09-29 22:00:00+00:00, run_after=2026-09-30 22:00:00+00:00
[2026-09-30T06:31:31.471+0000] {processor.py:183} INFO - Processing /opt/airflow/dags/dag_market_eod.py took 0.374 seconds
[2026-09-30T06:32:01.580+0000] {processor.py:161} INFO - Started process (PID=2322) to work on /opt/airflow/dags/dag_market_eod.py
[2026-09-30T06:32:01.581+0000] {processor.py:830} INFO - Processing file /opt/airflow/dags/dag_market_eod.py for tasks to queue
[2026-09-30T06:32:01.582+0000] {logging_mixin.py:188} INFO - [2026-09-30T06:32:01.582+0000] {dagbag.py:545} INFO - Filling up the DagBag from /opt/airflow/dags/dag_market_eod.py
[2026-09-30T06:32:01.820+0000] {processor.py:840} INFO - DAG(s) 'dag_market_eod' retrieved from /opt/airflow/dags/dag_market_eod.py
[2026-09-30T06:32:01.845+0000] {logging_mixin.py:188} INFO - [2026-09-30T06:32:01.844+0000] {dag.py:3089} INFO - Sync 1 DAGs
[2026-09-30T06:32:01.962+0000] {logging_mixin.py:188} INFO - [2026-09-30T06:32:01.962+0000] {dag.py:3947} INFO - Setting next_dagrun for dag_market_eod to 2026-09-29 22:00:00+00:00, run_after=2026-09-30 22:00:00+00:00
[2026-09-30T06:32:01.972+0000] {processor.py:183} INFO - Processing /opt/airflow/dags/dag_market_eod.py took 0.396 seconds
[2026-09-30T06:32:32.077+0000] {processor.py:161} INFO - Started process (PID=2328) to work on /opt/airflow/dags/dag_market_eod.py
[2026-09-30T06:32:32.079+0000] {processor.py:830} INFO - Processing file /opt/airflow/dags/dag_market_eod.py for tasks to queue
[2026-09-30T06:32:32.080+0000] {logging_mixin.py:188} INFO - [2026-09-30T06:32:32.079+0000] {dagbag.py:545} INFO - Filling up the DagBag from /opt/airflow/dags/dag_market_eod.py
[2026-09-30T06:32:32.309+0000] {processor.py:840} INFO - DAG(s) 'dag_market_eod' retrieved from /opt/airflow/dags/dag_market_eod.py
[2026-09-30T06:32:32.429+0000] {logging_mixin.py:188} INFO - [2026-09-30T06:32:32.428+0000] {dag.py:3089} INFO - Sync 1 DAGs
[2026-09-30T06:32:32.440+0000] {logging_mixin.py:188} INFO - [2026-09-30T06:32:32.440+0000] {dag.py:3947} INFO - Setting next_dagrun for dag_market_eod to 2026-09-29 22:00:00+00:00, run_after=2026-09-30 22:00:00+00:00
[2026-09-30T06:32:32.450+0000] {processor.py:183} INFO - Processing /opt/airflow/dags/dag_market_eod.py took 0.377 seconds
[2026-09-30T06:33:02.554+0000] {processor.py:161} INFO - Started process (PID=2334) to work on /opt/airflow/dags/dag_market_eod.py
[2026-09-30T06:33:02.554+0000] {processor.py:830} INFO - Processing file /opt/airflow/dags/dag_market_eod.py for tasks to queue
[2026-09-30T06:33:02.555+0000] {logging_mixin.py:188} INFO - [2026-09-30T06:33:02.555+0000] {dagbag.py:545} INFO - Filling up the DagBag from /opt/airflow/dags/dag_market_eod.py
[2026-09-30T06:33:02.889+0000] {processor.py:840} INFO - DAG(s) 'dag_market_eod' retrieved from /opt/airflow/dags/dag_market_eod.py
[2026-09-30T06:33:02.912+0000] {logging_mixin.py:188} INFO - [2026-09-30T06:33:02.911+0000] {dag.py:3089} INFO - Sync 1 DAGs
[2026-09-30T06:33:02.925+0000] {logging_mixin.py:188} INFO - [2026-09-30T06:33:02.925+0000] {dag.py:3947} INFO - Setting next_dagrun for dag_market_eod to 2026-09-29 22:00:00+00:00, run_after=2026-09-30 22:00:00+00:00
[2026-09-30T06:33:02.935+0000] {processor.py:183} INFO - Processing /opt/airflow/dags/dag_market_eod.py took 0.385 seconds
[2026-09-30T06:33:33.036+0000] {processor.py:161} INFO - Started process (PID=2340) to work on /opt/airflow/dags/dag_market_eod.py
[2026-09-30T06:33:33.038+0000] {processor.py:830} INFO - Processing file /opt/airflow/dags/dag_market_eod.py for tasks to queue
[2026-09-30T06:33:33.039+0000] {logging_mixin.py:188} INFO - [2026-09-30T06:33:33.038+0000] {dagbag.py:545} INFO - Filling up the DagBag from /opt/airflow/dags/dag_market_eod.py
[2026-09-30T06:33:33.361+0000] {processor.py:840} INFO - DAG(s) 'dag_market_eod' retrieved from /opt/airflow/dags/dag_market_eod.py
[2026-09-30T06:33:33.375+0000] {logging_mixin.py:188} INFO - [2026-09-30T06:33:33.375+0000] {dag.py:3089} INFO - Sync 1 DAGs
[2026-09-30T06:33:33.386+0000] {logging_mixin.py:188} INFO - [2026-09-30T06:33:33.386+0000] {dag.py:3947} INFO - Setting next_dagrun for dag_market_eod to 2026-09-29 22:00:00+00:00, run_after=2026-09-30 22:00:00+00:00
[2026-09-30T06:33:33.398+0000] {processor.py:183} INFO - Processing /opt/airflow/dags/dag_market_eod.py took 0.366 seconds
[2026-09-30T06:34:03.495+0000] {processor.py:161} INFO - Started process (PID=2346) to work on /opt/airflow/dags/dag_market_eod.py
[2026-09-30T06:34:03.495+0000] {processor.py:830} INFO - Processing file /opt/airflow/dags/dag_market_eod.py for tasks to queue
[2026-09-30T06:34:03.496+0000] {logging_mixin.py:188} INFO - [2026-09-30T06:34:03.496+0000] {dagbag.py:545} INFO - Filling up the DagBag from /opt/airflow/dags/dag_market_eod.py
[2026-09-30T06:34:03.832+0000] {processor.py:840} INFO - DAG(s) 'dag_market_eod' retrieved from /opt/airflow/dags/dag_market_eod.py
[2026-09-30T06:34:03.848+0000] {logging_mixin.py:188} INFO - [2026-09-30T06:34:03.848+0000] {dag.py:3089} INFO - Sync 1 DAGs
[2026-09-30T06:34:03.860+0000] {logging_mixin.py:188} INFO - [2026-09-30T06:34:03.860+0000] {dag.py:3947} INFO - Setting next_dagrun for dag_market_eod to 2026-09-29 22:00:00+00:00, run_after=2026-09-30 22:00:00+00:00
[2026-09-30T06:34:03.871+0000] {processor.py:183} INFO - Processing /opt/airflow/dags/dag_market_eod.py took 0.379 seconds
[2026-09-30T06:34:33.972+0000] {processor.py:161} INFO - Started process (PID=2352) to work on /opt/airflow/dags/dag_market_eod.py
[2026-09-30T06:34:33.974+0000] {processor.py:830} INFO - Processing file /opt/airflow/dags/dag_market_eod.py for tasks to queue
[2026-09-30T06:34:33.975+0000] {logging_mixin.py:188} INFO - [2026-09-30T06:34:33.975+0000] {dagbag.py:545} INFO - Filling up the DagBag from /opt/airflow/dags/dag_market_eod.py
[2026-09-30T06:34:34.302+0000] {processor.py:840} INFO - DAG(s) 'dag_market_eod' retrieved from /opt/airflow/dags/dag_market_eod.py
[2026-09-30T06:34:34.317+0000] {logging_mixin.py:188} INFO - [2026-09-30T06:34:34.317+0000] {dag.py:3089} INFO - Sync 1 DAGs
[2026-09-30T06:34:34.330+0000] {logging_mixin.py:188} INFO - [2026-09-30T06:34:34.330+0000] {dag.py:3947} INFO - Setting next_dagrun for dag_market_eod to 2026-09-29 22:00:00+00:00, run_after=2026-09-30 22:00:00+00:00
[2026-09-30T06:34:34.339+0000] {processor.py:183} INFO - Processing /opt/airflow/dags/dag_market_eod.py took 0.371 seconds
[2026-09-30T06:35:04.444+0000] {processor.py:161} INFO - Started process (PID=2358) to work on /opt/airflow/dags/dag_market_eod.py
[2026-09-30T06:35:04.445+0000] {processor.py:830} INFO - Processing file /opt/airflow/dags/dag_market_eod.py for tasks to queue
[2026-09-30T06:35:04.446+0000] {logging_mixin.py:188} INFO - [2026-09-30T06:35:04.446+0000] {dagbag.py:545} INFO - Filling up the DagBag from /opt/airflow/dags/dag_market_eod.py
[2026-09-30T06:35:04.680+0000] {processor.py:840} INFO - DAG(s) 'dag_market_eod' retrieved from /opt/airflow/dags/dag_market_eod.py
[2026-09-30T06:35:04.697+0000] {logging_mixin.py:188} INFO - [2026-09-30T06:35:04.697+0000] {dag.py:3089} INFO - Sync 1 DAGs
[2026-09-30T06:35:04.812+0000] {logging_mixin.py:188} INFO - [2026-09-30T06:35:04.812+0000] {dag.py:3947} INFO - Setting next_dagrun for dag_market_eod to 2026-09-29 22:00:00+00:00, run_after=2026-09-30 22:00:00+00:00
[2026-09-30T06:35:04.824+0000] {processor.py:183} INFO - Processing /opt/airflow/dags/dag_market_eod.py took 0.384 seconds
[2026-09-30T06:35:34.926+0000] {processor.py:161} INFO - Started process (PID=2364) to work on /opt/airflow/dags/dag_market_eod.py
[2026-09-30T06:35:34.927+0000] {processor.py:830} INFO - Processing file /opt/airflow/dags/dag_market_eod.py for tasks to queue
[2026-09-30T06:35:34.928+0000] {logging_mixin.py:188} INFO - [2026-09-30T06:35:34.928+0000] {dagbag.py:545} INFO - Filling up the DagBag from /opt/airflow/dags/dag_market_eod.py
[2026-09-30T06:35:35.162+0000] {processor.py:840} INFO - DAG(s) 'dag_market_eod' retrieved from /opt/airflow/dags/dag_market_eod.py
[2026-09-30T06:35:35.282+0000] {logging_mixin.py:188} INFO - [2026-09-30T06:35:35.281+0000] {dag.py:3089} INFO - Sync 1 DAGs
[2026-09-30T06:35:35.294+0000] {logging_mixin.py:188} INFO - [2026-09-30T06:35:35.294+0000] {dag.py:3947} INFO - Setting next_dagrun for dag_market_eod to 2026-09-29 22:00:00+00:00, run_after=2026-09-30 22:00:00+00:00
[2026-09-30T06:35:35.305+0000] {processor.py:183} INFO - Processing /opt/airflow/dags/dag_market_eod.py took 0.383 seconds
[2026-09-30T06:36:05.404+0000] {processor.py:161} INFO - Started process (PID=2370) to work on /opt/airflow/dags/dag_market_eod.py
[2026-09-30T06:36:05.404+0000] {processor.py:830} INFO - Processing file /opt/airflow/dags/dag_market_eod.py for tasks to queue
[2026-09-30T06:36:05.405+0000] {logging_mixin.py:188} INFO - [2026-09-30T06:36:05.405+0000] {dagbag.py:545} INFO - Filling up the DagBag from /opt/airflow/dags/dag_market_eod.py
[2026-09-30T06:36:05.744+0000] {processor.py:840} INFO - DAG(s) 'dag_market_eod' retrieved from /opt/airflow/dags/dag_market_eod.py
[2026-09-30T06:36:05.764+0000] {logging_mixin.py:188} INFO - [2026-09-30T06:36:05.763+0000] {dag.py:3089} INFO - Sync 1 DAGs
[2026-09-30T06:36:05.775+0000] {logging_mixin.py:188} INFO - [2026-09-30T06:36:05.775+0000] {dag.py:3947} INFO - Setting next_dagrun for dag_market_eod to 2026-09-29 22:00:00+00:00, run_after=2026-09-30 22:00:00+00:00
[2026-09-30T06:36:05.785+0000] {processor.py:183} INFO - Processing /opt/airflow/dags/dag_market_eod.py took 0.385 seconds
[2026-09-30T06:36:35.883+0000] {processor.py:161} INFO - Started process (PID=2376) to work on /opt/airflow/dags/dag_market_eod.py
[2026-09-30T06:36:35.885+0000] {processor.py:830} INFO - Processing file /opt/airflow/dags/dag_market_eod.py for tasks to queue
[2026-09-30T06:36:35.887+0000] {logging_mixin.py:188} INFO - [2026-09-30T06:36:35.887+0000] {dagbag.py:545} INFO - Filling up the DagBag from /opt/airflow/dags/dag_market_eod.py
[2026-09-30T06:36:36.211+0000] {processor.py:840} INFO - DAG(s) 'dag_market_eod' retrieved from /opt/airflow/dags/dag_market_eod.py
[2026-09-30T06:36:36.229+0000] {logging_mixin.py:188} INFO - [2026-09-30T06:36:36.229+0000] {dag.py:3089} INFO - Sync 1 DAGs
[2026-09-30T06:36:36.240+0000] {logging_mixin.py:188} INFO - [2026-09-30T06:36:36.240+0000] {dag.py:3947} INFO - Setting next_dagrun for dag_market_eod to 2026-09-29 22:00:00+00:00, run_after=2026-09-30 22:00:00+00:00
[2026-09-30T06:36:36.252+0000] {processor.py:183} INFO - Processing /opt/airflow/dags/dag_market_eod.py took 0.373 seconds
[2026-09-30T06:37:06.354+0000] {processor.py:161} INFO - Started process (PID=2382) to work on /opt/airflow/dags/dag_market_eod.py
[2026-09-30T06:37:06.355+0000] {processor.py:830} INFO - Processing file /opt/airflow/dags/dag_market_eod.py for tasks to queue
[2026-09-30T06:37:06.356+0000] {logging_mixin.py:188} INFO - [2026-09-30T06:37:06.356+0000] {dagbag.py:545} INFO - Filling up the DagBag from /opt/airflow/dags/dag_market_eod.py
[2026-09-30T06:37:06.683+0000] {processor.py:840} INFO - DAG(s) 'dag_market_eod' retrieved from /opt/airflow/dags/dag_market_eod.py
[2026-09-30T06:37:06.698+0000] {logging_mixin.py:188} INFO - [2026-09-30T06:37:06.697+0000] {dag.py:3089} INFO - Sync 1 DAGs
[2026-09-30T06:37:06.709+0000] {logging_mixin.py:188} INFO - [2026-09-30T06:37:06.709+0000] {dag.py:3947} INFO - Setting next_dagrun for dag_market_eod to 2026-09-29 22:00:00+00:00, run_after=2026-09-30 22:00:00+00:00
[2026-09-30T06:37:06.719+0000] {processor.py:183} INFO - Processing /opt/airflow/dags/dag_market_eod.py took 0.369 seconds
[2026-09-30T06:37:36.822+0000] {processor.py:161} INFO - Started process (PID=2388) to work on /opt/airflow/dags/dag_market_eod.py
[2026-09-30T06:37:36.823+0000] {processor.py:830} INFO - Processing file /opt/airflow/dags/dag_market_eod.py for tasks to queue
[2026-09-30T06:37:36.823+0000] {logging_mixin.py:188} INFO - [2026-09-30T06:37:36.823+0000] {dagbag.py:545} INFO - Filling up the DagBag from /opt/airflow/dags/dag_market_eod.py
[2026-09-30T06:37:37.145+0000] {processor.py:840} INFO - DAG(s) 'dag_market_eod' retrieved from /opt/airflow/dags/dag_market_eod.py
[2026-09-30T06:37:37.164+0000] {logging_mixin.py:188} INFO - [2026-09-30T06:37:37.163+0000] {dag.py:3089} INFO - Sync 1 DAGs
[2026-09-30T06:37:37.176+0000] {logging_mixin.py:188} INFO - [2026-09-30T06:37:37.176+0000] {dag.py:3947} INFO - Setting next_dagrun for dag_market_eod to 2026-09-29 22:00:00+00:00, run_after=2026-09-30 22:00:00+00:00
[2026-09-30T06:37:37.186+0000] {processor.py:183} INFO - Processing /opt/airflow/dags/dag_market_eod.py took 0.368 seconds
[2026-09-30T06:38:07.285+0000] {processor.py:161} INFO - Started process (PID=2394) to work on /opt/airflow/dags/dag_market_eod.py
[2026-09-30T06:38:07.285+0000] {processor.py:830} INFO - Processing file /opt/airflow/dags/dag_market_eod.py for tasks to queue
[2026-09-30T06:38:07.286+0000] {logging_mixin.py:188} INFO - [2026-09-30T06:38:07.286+0000] {dagbag.py:545} INFO - Filling up the DagBag from /opt/airflow/dags/dag_market_eod.py
[2026-09-30T06:38:07.515+0000] {processor.py:840} INFO - DAG(s) 'dag_market_eod' retrieved from /opt/airflow/dags/dag_market_eod.py
[2026-09-30T06:38:07.628+0000] {logging_mixin.py:188} INFO - [2026-09-30T06:38:07.628+0000] {dag.py:3089} INFO - Sync 1 DAGs
[2026-09-30T06:38:07.640+0000] {logging_mixin.py:188} INFO - [2026-09-30T06:38:07.640+0000] {dag.py:3947} INFO - Setting next_dagrun for dag_market_eod to 2026-09-29 22:00:00+00:00, run_after=2026-09-30 22:00:00+00:00
[2026-09-30T06:38:07.652+0000] {processor.py:183} INFO - Processing /opt/airflow/dags/dag_market_eod.py took 0.371 seconds
[2026-09-30T06:38:37.750+0000] {processor.py:161} INFO - Started process (PID=2400) to work on /opt/airflow/dags/dag_market_eod.py
[2026-09-30T06:38:37.752+0000] {processor.py:830} INFO - Processing file /opt/airflow/dags/dag_market_eod.py for tasks to queue
[2026-09-30T06:38:37.753+0000] {logging_mixin.py:188} INFO - [2026-09-30T06:38:37.753+0000] {dagbag.py:545} INFO - Filling up the DagBag from /opt/airflow/dags/dag_market_eod.py
[2026-09-30T06:38:37.981+0000] {processor.py:840} INFO - DAG(s) 'dag_market_eod' retrieved from /opt/airflow/dags/dag_market_eod.py
[2026-09-30T06:38:38.097+0000] {logging_mixin.py:188} INFO - [2026-09-30T06:38:38.097+0000] {dag.py:3089} INFO - Sync 1 DAGs
[2026-09-30T06:38:38.109+0000] {logging_mixin.py:188} INFO - [2026-09-30T06:38:38.108+0000] {dag.py:3947} INFO - Setting next_dagrun for dag_market_eod to 2026-09-29 22:00:00+00:00, run_after=2026-09-30 22:00:00+00:00
[2026-09-30T06:38:38.119+0000] {processor.py:183} INFO - Processing /opt/airflow/dags/dag_market_eod.py took 0.373 seconds
[2026-09-30T06:39:08.218+0000] {processor.py:161} INFO - Started process (PID=2406) to work on /opt/airflow/dags/dag_market_eod.py
[2026-09-30T06:39:08.219+0000] {processor.py:830} INFO - Processing file /opt/airflow/dags/dag_market_eod.py for tasks to queue
[2026-09-30T06:39:08.220+0000] {logging_mixin.py:188} INFO - [2026-09-30T06:39:08.219+0000] {dagbag.py:545} INFO - Filling up the DagBag from /opt/airflow/dags/dag_market_eod.py
[2026-09-30T06:39:08.550+0000] {processor.py:840} INFO - DAG(s) 'dag_market_eod' retrieved from /opt/airflow/dags/dag_market_eod.py
[2026-09-30T06:39:08.567+0000] {logging_mixin.py:188} INFO - [2026-09-30T06:39:08.567+0000] {dag.py:3089} INFO - Sync 1 DAGs
[2026-09-30T06:39:08.578+0000] {logging_mixin.py:188} INFO - [2026-09-30T06:39:08.578+0000] {dag.py:3947} INFO - Setting next_dagrun for dag_market_eod to 2026-09-29 22:00:00+00:00, run_after=2026-09-30 22:00:00+00:00
[2026-09-30T06:39:08.589+0000] {processor.py:183} INFO - Processing /opt/airflow/dags/dag_market_eod.py took 0.375 seconds
[2026-09-30T06:39:38.692+0000] {processor.py:161} INFO - Started process (PID=2412) to work on /opt/airflow/dags/dag_market_eod.py
[2026-09-30T06:39:38.694+0000] {processor.py:830} INFO - Processing file /opt/airflow/dags/dag_market_eod.py for tasks to queue
[2026-09-30T06:39:38.695+0000] {logging_mixin.py:188} INFO - [2026-09-30T06:39:38.695+0000] {dagbag.py:545} INFO - Filling up the DagBag from /opt/airflow/dags/dag_market_eod.py
[2026-09-30T06:39:39.040+0000] {processor.py:840} INFO - DAG(s) 'dag_market_eod' retrieved from /opt/airflow/dags/dag_market_eod.py
[2026-09-30T06:39:39.058+0000] {logging_mixin.py:188} INFO - [2026-09-30T06:39:39.057+0000] {dag.py:3089} INFO - Sync 1 DAGs
[2026-09-30T06:39:39.069+0000] {logging_mixin.py:188} INFO - [2026-09-30T06:39:39.069+0000] {dag.py:3947} INFO - Setting next_dagrun for dag_market_eod to 2026-09-29 22:00:00+00:00, run_after=2026-09-30 22:00:00+00:00
[2026-09-30T06:39:39.079+0000] {processor.py:183} INFO - Processing /opt/airflow/dags/dag_market_eod.py took 0.392 seconds
[2026-09-30T06:40:09.171+0000] {processor.py:161} INFO - Started process (PID=2418) to work on /opt/airflow/dags/dag_market_eod.py
[2026-09-30T06:40:09.172+0000] {processor.py:830} INFO - Processing file /opt/airflow/dags/dag_market_eod.py for tasks to queue
[2026-09-30T06:40:09.173+0000] {logging_mixin.py:188} INFO - [2026-09-30T06:40:09.173+0000] {dagbag.py:545} INFO - Filling up the DagBag from /opt/airflow/dags/dag_market_eod.py
[2026-09-30T06:40:09.493+0000] {processor.py:840} INFO - DAG(s) 'dag_market_eod' retrieved from /opt/airflow/dags/dag_market_eod.py
[2026-09-30T06:40:09.508+0000] {logging_mixin.py:188} INFO - [2026-09-30T06:40:09.508+0000] {dag.py:3089} INFO - Sync 1 DAGs
[2026-09-30T06:40:09.520+0000] {logging_mixin.py:188} INFO - [2026-09-30T06:40:09.520+0000] {dag.py:3947} INFO - Setting next_dagrun for dag_market_eod to 2026-09-29 22:00:00+00:00, run_after=2026-09-30 22:00:00+00:00
[2026-09-30T06:40:09.529+0000] {processor.py:183} INFO - Processing /opt/airflow/dags/dag_market_eod.py took 0.362 seconds
[2026-09-30T06:40:39.632+0000] {processor.py:161} INFO - Started process (PID=2424) to work on /opt/airflow/dags/dag_market_eod.py
[2026-09-30T06:40:39.634+0000] {processor.py:830} INFO - Processing file /opt/airflow/dags/dag_market_eod.py for tasks to queue
[2026-09-30T06:40:39.634+0000] {logging_mixin.py:188} INFO - [2026-09-30T06:40:39.634+0000] {dagbag.py:545} INFO - Filling up the DagBag from /opt/airflow/dags/dag_market_eod.py
[2026-09-30T06:40:39.965+0000] {processor.py:840} INFO - DAG(s) 'dag_market_eod' retrieved from /opt/airflow/dags/dag_market_eod.py
[2026-09-30T06:40:39.979+0000] {logging_mixin.py:188} INFO - [2026-09-30T06:40:39.979+0000] {dag.py:3089} INFO - Sync 1 DAGs
[2026-09-30T06:40:39.991+0000] {logging_mixin.py:188} INFO - [2026-09-30T06:40:39.991+0000] {dag.py:3947} INFO - Setting next_dagrun for dag_market_eod to 2026-09-29 22:00:00+00:00, run_after=2026-09-30 22:00:00+00:00
[2026-09-30T06:40:40.000+0000] {processor.py:183} INFO - Processing /opt/airflow/dags/dag_market_eod.py took 0.372 seconds
[2026-09-30T06:41:10.105+0000] {processor.py:161} INFO - Started process (PID=2430) to work on /opt/airflow/dags/dag_market_eod.py
[2026-09-30T06:41:10.105+0000] {processor.py:830} INFO - Processing file /opt/airflow/dags/dag_market_eod.py for tasks to queue
[2026-09-30T06:41:10.107+0000] {logging_mixin.py:188} INFO - [2026-09-30T06:41:10.106+0000] {dagbag.py:545} INFO - Filling up the DagBag from /opt/airflow/dags/dag_market_eod.py
[2026-09-30T06:41:10.345+0000] {processor.py:840} INFO - DAG(s) 'dag_market_eod' retrieved from /opt/airflow/dags/dag_market_eod.py
[2026-09-30T06:41:10.455+0000] {logging_mixin.py:188} INFO - [2026-09-30T06:41:10.455+0000] {dag.py:3089} INFO - Sync 1 DAGs
[2026-09-30T06:41:10.468+0000] {logging_mixin.py:188} INFO - [2026-09-30T06:41:10.468+0000] {dag.py:3947} INFO - Setting next_dagrun for dag_market_eod to 2026-09-29 22:00:00+00:00, run_after=2026-09-30 22:00:00+00:00
[2026-09-30T06:41:10.479+0000] {processor.py:183} INFO - Processing /opt/airflow/dags/dag_market_eod.py took 0.379 seconds
[2026-09-30T06:41:40.584+0000] {processor.py:161} INFO - Started process (PID=2436) to work on /opt/airflow/dags/dag_market_eod.py
[2026-09-30T06:41:40.586+0000] {processor.py:830} INFO - Processing file /opt/airflow/dags/dag_market_eod.py for tasks to queue
[2026-09-30T06:41:40.587+0000] {logging_mixin.py:188} INFO - [2026-09-30T06:41:40.587+0000] {dagbag.py:545} INFO - Filling up the DagBag from /opt/airflow/dags/dag_market_eod.py
[2026-09-30T06:41:40.818+0000] {processor.py:840} INFO - DAG(s) 'dag_market_eod' retrieved from /opt/airflow/dags/dag_market_eod.py
[2026-09-30T06:41:40.929+0000] {logging_mixin.py:188} INFO - [2026-09-30T06:41:40.929+0000] {dag.py:3089} INFO - Sync 1 DAGs
[2026-09-30T06:41:40.941+0000] {logging_mixin.py:188} INFO - [2026-09-30T06:41:40.941+0000] {dag.py:3947} INFO - Setting next_dagrun for dag_market_eod to 2026-09-29 22:00:00+00:00, run_after=2026-09-30 22:00:00+00:00
[2026-09-30T06:41:40.956+0000] {processor.py:183} INFO - Processing /opt/airflow/dags/dag_market_eod.py took 0.376 seconds
[2026-09-30T06:42:11.053+0000] {processor.py:161} INFO - Started process (PID=2442) to work on /opt/airflow/dags/dag_market_eod.py
[2026-09-30T06:42:11.053+0000] {processor.py:830} INFO - Processing file /opt/airflow/dags/dag_market_eod.py for tasks to queue
[2026-09-30T06:42:11.054+0000] {logging_mixin.py:188} INFO - [2026-09-30T06:42:11.054+0000] {dagbag.py:545} INFO - Filling up the DagBag from /opt/airflow/dags/dag_market_eod.py
[2026-09-30T06:42:11.383+0000] {processor.py:840} INFO - DAG(s) 'dag_market_eod' retrieved from /opt/airflow/dags/dag_market_eod.py
[2026-09-30T06:42:11.398+0000] {logging_mixin.py:188} INFO - [2026-09-30T06:42:11.397+0000] {dag.py:3089} INFO - Sync 1 DAGs
[2026-09-30T06:42:11.408+0000] {logging_mixin.py:188} INFO - [2026-09-30T06:42:11.408+0000] {dag.py:3947} INFO - Setting next_dagrun for dag_market_eod to 2026-09-29 22:00:00+00:00, run_after=2026-09-30 22:00:00+00:00
[2026-09-30T06:42:11.417+0000] {processor.py:183} INFO - Processing /opt/airflow/dags/dag_market_eod.py took 0.369 seconds
[2026-09-30T06:42:41.512+0000] {processor.py:161} INFO - Started process (PID=2448) to work on /opt/airflow/dags/dag_market_eod.py
[2026-09-30T06:42:41.513+0000] {processor.py:830} INFO - Processing file /opt/airflow/dags/dag_market_eod.py for tasks to queue
[2026-09-30T06:42:41.514+0000] {logging_mixin.py:188} INFO - [2026-09-30T06:42:41.514+0000] {dagbag.py:545} INFO - Filling up the DagBag from /opt/airflow/dags/dag_market_eod.py
[2026-09-30T06:42:41.840+0000] {processor.py:840} INFO - DAG(s) 'dag_market_eod' retrieved from /opt/airflow/dags/dag_market_eod.py
[2026-09-30T06:42:41.855+0000] {logging_mixin.py:188} INFO - [2026-09-30T06:42:41.855+0000] {dag.py:3089} INFO - Sync 1 DAGs
[2026-09-30T06:42:41.867+0000] {logging_mixin.py:188} INFO - [2026-09-30T06:42:41.867+0000] {dag.py:3947} INFO - Setting next_dagrun for dag_market_eod to 2026-09-29 22:00:00+00:00, run_after=2026-09-30 22:00:00+00:00
[2026-09-30T06:42:41.878+0000] {processor.py:183} INFO - Processing /opt/airflow/dags/dag_market_eod.py took 0.368 seconds
[2026-09-30T06:43:11.975+0000] {processor.py:161} INFO - Started process (PID=2454) to work on /opt/airflow/dags/dag_market_eod.py
[2026-09-30T06:43:11.975+0000] {processor.py:830} INFO - Processing file /opt/airflow/dags/dag_market_eod.py for tasks to queue
[2026-09-30T06:43:11.976+0000] {logging_mixin.py:188} INFO - [2026-09-30T06:43:11.976+0000] {dagbag.py:545} INFO - Filling up the DagBag from /opt/airflow/dags/dag_market_eod.py
[2026-09-30T06:43:12.310+0000] {processor.py:840} INFO - DAG(s) 'dag_market_eod' retrieved from /opt/airflow/dags/dag_market_eod.py
[2026-09-30T06:43:12.324+0000] {logging_mixin.py:188} INFO - [2026-09-30T06:43:12.324+0000] {dag.py:3089} INFO - Sync 1 DAGs
[2026-09-30T06:43:12.336+0000] {logging_mixin.py:188} INFO - [2026-09-30T06:43:12.336+0000] {dag.py:3947} INFO - Setting next_dagrun for dag_market_eod to 2026-09-29 22:00:00+00:00, run_after=2026-09-30 22:00:00+00:00
[2026-09-30T06:43:12.346+0000] {processor.py:183} INFO - Processing /opt/airflow/dags/dag_market_eod.py took 0.374 seconds
[2026-09-30T06:43:42.451+0000] {processor.py:161} INFO - Started process (PID=2460) to work on /opt/airflow/dags/dag_market_eod.py
[2026-09-30T06:43:42.453+0000] {processor.py:830} INFO - Processing file /opt/airflow/dags/dag_market_eod.py for tasks to queue
[2026-09-30T06:43:42.454+0000] {logging_mixin.py:188} INFO - [2026-09-30T06:43:42.454+0000] {dagbag.py:545} INFO - Filling up the DagBag from /opt/airflow/dags/dag_market_eod.py
[2026-09-30T06:43:42.775+0000] {processor.py:840} INFO - DAG(s) 'dag_market_eod' retrieved from /opt/airflow/dags/dag_market_eod.py
[2026-09-30T06:43:42.794+0000] {logging_mixin.py:188} INFO - [2026-09-30T06:43:42.794+0000] {dag.py:3089} INFO - Sync 1 DAGs
[2026-09-30T06:43:42.807+0000] {logging_mixin.py:188} INFO - [2026-09-30T06:43:42.807+0000] {dag.py:3947} INFO - Setting next_dagrun for dag_market_eod to 2026-09-29 22:00:00+00:00, run_after=2026-09-30 22:00:00+00:00
[2026-09-30T06:43:42.818+0000] {processor.py:183} INFO - Processing /opt/airflow/dags/dag_market_eod.py took 0.370 seconds
[2026-09-30T06:44:12.917+0000] {processor.py:161} INFO - Started process (PID=2466) to work on /opt/airflow/dags/dag_market_eod.py
[2026-09-30T06:44:12.918+0000] {processor.py:830} INFO - Processing file /opt/airflow/dags/dag_market_eod.py for tasks to queue
[2026-09-30T06:44:12.918+0000] {logging_mixin.py:188} INFO - [2026-09-30T06:44:12.918+0000] {dagbag.py:545} INFO - Filling up the DagBag from /opt/airflow/dags/dag_market_eod.py
[2026-09-30T06:44:13.155+0000] {processor.py:840} INFO - DAG(s) 'dag_market_eod' retrieved from /opt/airflow/dags/dag_market_eod.py
[2026-09-30T06:44:13.267+0000] {logging_mixin.py:188} INFO - [2026-09-30T06:44:13.267+0000] {dag.py:3089} INFO - Sync 1 DAGs
[2026-09-30T06:44:13.280+0000] {logging_mixin.py:188} INFO - [2026-09-30T06:44:13.280+0000] {dag.py:3947} INFO - Setting next_dagrun for dag_market_eod to 2026-09-29 22:00:00+00:00, run_after=2026-09-30 22:00:00+00:00
[2026-09-30T06:44:13.292+0000] {processor.py:183} INFO - Processing /opt/airflow/dags/dag_market_eod.py took 0.379 seconds
[2026-09-30T06:44:43.391+0000] {processor.py:161} INFO - Started process (PID=2472) to work on /opt/airflow/dags/dag_market_eod.py
[2026-09-30T06:44:43.393+0000] {processor.py:830} INFO - Processing file /opt/airflow/dags/dag_market_eod.py for tasks to queue
[2026-09-30T06:44:43.393+0000] {logging_mixin.py:188} INFO - [2026-09-30T06:44:43.393+0000] {dagbag.py:545} INFO - Filling up the DagBag from /opt/airflow/dags/dag_market_eod.py
[2026-09-30T06:44:43.623+0000] {processor.py:840} INFO - DAG(s) 'dag_market_eod' retrieved from /opt/airflow/dags/dag_market_eod.py
[2026-09-30T06:44:43.735+0000] {logging_mixin.py:188} INFO - [2026-09-30T06:44:43.735+0000] {dag.py:3089} INFO - Sync 1 DAGs
[2026-09-30T06:44:43.747+0000] {logging_mixin.py:188} INFO - [2026-09-30T06:44:43.747+0000] {dag.py:3947} INFO - Setting next_dagrun for dag_market_eod to 2026-09-29 22:00:00+00:00, run_after=2026-09-30 22:00:00+00:00
[2026-09-30T06:44:43.758+0000] {processor.py:183} INFO - Processing /opt/airflow/dags/dag_market_eod.py took 0.370 seconds
[2026-09-30T06:45:13.864+0000] {processor.py:161} INFO - Started process (PID=2478) to work on /opt/airflow/dags/dag_market_eod.py
[2026-09-30T06:45:13.864+0000] {processor.py:830} INFO - Processing file /opt/airflow/dags/dag_market_eod.py for tasks to queue
[2026-09-30T06:45:13.865+0000] {logging_mixin.py:188} INFO - [2026-09-30T06:45:13.865+0000] {dagbag.py:545} INFO - Filling up the DagBag from /opt/airflow/dags/dag_market_eod.py
[2026-09-30T06:45:14.186+0000] {processor.py:840} INFO - DAG(s) 'dag_market_eod' retrieved from /opt/airflow/dags/dag_market_eod.py
[2026-09-30T06:45:14.210+0000] {logging_mixin.py:188} INFO - [2026-09-30T06:45:14.209+0000] {dag.py:3089} INFO - Sync 1 DAGs
[2026-09-30T06:45:14.232+0000] {logging_mixin.py:188} INFO - [2026-09-30T06:45:14.232+0000] {dag.py:3947} INFO - Setting next_dagrun for dag_market_eod to 2026-09-29 22:00:00+00:00, run_after=2026-09-30 22:00:00+00:00
[2026-09-30T06:45:14.250+0000] {processor.py:183} INFO - Processing /opt/airflow/dags/dag_market_eod.py took 0.390 seconds
[2026-09-30T06:45:44.347+0000] {processor.py:161} INFO - Started process (PID=2484) to work on /opt/airflow/dags/dag_market_eod.py
[2026-09-30T06:45:44.349+0000] {processor.py:830} INFO - Processing file /opt/airflow/dags/dag_market_eod.py for tasks to queue
[2026-09-30T06:45:44.350+0000] {logging_mixin.py:188} INFO - [2026-09-30T06:45:44.349+0000] {dagbag.py:545} INFO - Filling up the DagBag from /opt/airflow/dags/dag_market_eod.py
[2026-09-30T06:45:44.672+0000] {processor.py:840} INFO - DAG(s) 'dag_market_eod' retrieved from /opt/airflow/dags/dag_market_eod.py
[2026-09-30T06:45:44.693+0000] {logging_mixin.py:188} INFO - [2026-09-30T06:45:44.693+0000] {dag.py:3089} INFO - Sync 1 DAGs
[2026-09-30T06:45:44.706+0000] {logging_mixin.py:188} INFO - [2026-09-30T06:45:44.706+0000] {dag.py:3947} INFO - Setting next_dagrun for dag_market_eod to 2026-09-29 22:00:00+00:00, run_after=2026-09-30 22:00:00+00:00
[2026-09-30T06:45:44.717+0000] {processor.py:183} INFO - Processing /opt/airflow/dags/dag_market_eod.py took 0.373 seconds
[2026-09-30T06:46:14.825+0000] {processor.py:161} INFO - Started process (PID=2490) to work on /opt/airflow/dags/dag_market_eod.py
[2026-09-30T06:46:14.826+0000] {processor.py:830} INFO - Processing file /opt/airflow/dags/dag_market_eod.py for tasks to queue
[2026-09-30T06:46:14.827+0000] {logging_mixin.py:188} INFO - [2026-09-30T06:46:14.827+0000] {dagbag.py:545} INFO - Filling up the DagBag from /opt/airflow/dags/dag_market_eod.py
[2026-09-30T06:46:15.153+0000] {processor.py:840} INFO - DAG(s) 'dag_market_eod' retrieved from /opt/airflow/dags/dag_market_eod.py
[2026-09-30T06:46:15.170+0000] {logging_mixin.py:188} INFO - [2026-09-30T06:46:15.169+0000] {dag.py:3089} INFO - Sync 1 DAGs
[2026-09-30T06:46:15.181+0000] {logging_mixin.py:188} INFO - [2026-09-30T06:46:15.181+0000] {dag.py:3947} INFO - Setting next_dagrun for dag_market_eod to 2026-09-29 22:00:00+00:00, run_after=2026-09-30 22:00:00+00:00
[2026-09-30T06:46:15.192+0000] {processor.py:183} INFO - Processing /opt/airflow/dags/dag_market_eod.py took 0.371 seconds
[2026-09-30T06:46:45.295+0000] {processor.py:161} INFO - Started process (PID=2496) to work on /opt/airflow/dags/dag_market_eod.py
[2026-09-30T06:46:45.297+0000] {processor.py:830} INFO - Processing file /opt/airflow/dags/dag_market_eod.py for tasks to queue
[2026-09-30T06:46:45.298+0000] {logging_mixin.py:188} INFO - [2026-09-30T06:46:45.298+0000] {dagbag.py:545} INFO - Filling up the DagBag from /opt/airflow/dags/dag_market_eod.py
[2026-09-30T06:46:45.623+0000] {processor.py:840} INFO - DAG(s) 'dag_market_eod' retrieved from /opt/airflow/dags/dag_market_eod.py
[2026-09-30T06:46:45.643+0000] {logging_mixin.py:188} INFO - [2026-09-30T06:46:45.642+0000] {dag.py:3089} INFO - Sync 1 DAGs
[2026-09-30T06:46:45.657+0000] {logging_mixin.py:188} INFO - [2026-09-30T06:46:45.656+0000] {dag.py:3947} INFO - Setting next_dagrun for dag_market_eod to 2026-09-29 22:00:00+00:00, run_after=2026-09-30 22:00:00+00:00
[2026-09-30T06:46:45.667+0000] {processor.py:183} INFO - Processing /opt/airflow/dags/dag_market_eod.py took 0.375 seconds
[2026-09-30T06:47:15.770+0000] {processor.py:161} INFO - Started process (PID=2502) to work on /opt/airflow/dags/dag_market_eod.py
[2026-09-30T06:47:15.771+0000] {processor.py:830} INFO - Processing file /opt/airflow/dags/dag_market_eod.py for tasks to queue
[2026-09-30T06:47:15.772+0000] {logging_mixin.py:188} INFO - [2026-09-30T06:47:15.771+0000] {dagbag.py:545} INFO - Filling up the DagBag from /opt/airflow/dags/dag_market_eod.py
[2026-09-30T06:47:16.003+0000] {processor.py:840} INFO - DAG(s) 'dag_market_eod' retrieved from /opt/airflow/dags/dag_market_eod.py
[2026-09-30T06:47:16.119+0000] {logging_mixin.py:188} INFO - [2026-09-30T06:47:16.118+0000] {dag.py:3089} INFO - Sync 1 DAGs
[2026-09-30T06:47:16.131+0000] {logging_mixin.py:188} INFO - [2026-09-30T06:47:16.131+0000] {dag.py:3947} INFO - Setting next_dagrun for dag_market_eod to 2026-09-29 22:00:00+00:00, run_after=2026-09-30 22:00:00+00:00
[2026-09-30T06:47:16.156+0000] {processor.py:183} INFO - Processing /opt/airflow/dags/dag_market_eod.py took 0.389 seconds
[2026-09-30T06:47:46.270+0000] {processor.py:161} INFO - Started process (PID=2508) to work on /opt/airflow/dags/dag_market_eod.py
[2026-09-30T06:47:46.271+0000] {processor.py:830} INFO - Processing file /opt/airflow/dags/dag_market_eod.py for tasks to queue
[2026-09-30T06:47:46.272+0000] {logging_mixin.py:188} INFO - [2026-09-30T06:47:46.272+0000] {dagbag.py:545} INFO - Filling up the DagBag from /opt/airflow/dags/dag_market_eod.py
[2026-09-30T06:47:46.594+0000] {processor.py:840} INFO - DAG(s) 'dag_market_eod' retrieved from /opt/airflow/dags/dag_market_eod.py
[2026-09-30T06:47:46.608+0000] {logging_mixin.py:188} INFO - [2026-09-30T06:47:46.608+0000] {dag.py:3089} INFO - Sync 1 DAGs
[2026-09-30T06:47:46.619+0000] {logging_mixin.py:188} INFO - [2026-09-30T06:47:46.619+0000] {dag.py:3947} INFO - Setting next_dagrun for dag_market_eod to 2026-09-29 22:00:00+00:00, run_after=2026-09-30 22:00:00+00:00
[2026-09-30T06:47:46.629+0000] {processor.py:183} INFO - Processing /opt/airflow/dags/dag_market_eod.py took 0.364 seconds
[2026-09-30T06:48:16.738+0000] {processor.py:161} INFO - Started process (PID=2514) to work on /opt/airflow/dags/dag_market_eod.py
[2026-09-30T06:48:16.738+0000] {processor.py:830} INFO - Processing file /opt/airflow/dags/dag_market_eod.py for tasks to queue
[2026-09-30T06:48:16.739+0000] {logging_mixin.py:188} INFO - [2026-09-30T06:48:16.739+0000] {dagbag.py:545} INFO - Filling up the DagBag from /opt/airflow/dags/dag_market_eod.py
[2026-09-30T06:48:17.060+0000] {processor.py:840} INFO - DAG(s) 'dag_market_eod' retrieved from /opt/airflow/dags/dag_market_eod.py
[2026-09-30T06:48:17.080+0000] {logging_mixin.py:188} INFO - [2026-09-30T06:48:17.080+0000] {dag.py:3089} INFO - Sync 1 DAGs
[2026-09-30T06:48:17.097+0000] {logging_mixin.py:188} INFO - [2026-09-30T06:48:17.097+0000] {dag.py:3947} INFO - Setting next_dagrun for dag_market_eod to 2026-09-29 22:00:00+00:00, run_after=2026-09-30 22:00:00+00:00
[2026-09-30T06:48:17.111+0000] {processor.py:183} INFO - Processing /opt/airflow/dags/dag_market_eod.py took 0.378 seconds
[2026-09-30T06:48:47.220+0000] {processor.py:161} INFO - Started process (PID=2520) to work on /opt/airflow/dags/dag_market_eod.py
[2026-09-30T06:48:47.222+0000] {processor.py:830} INFO - Processing file /opt/airflow/dags/dag_market_eod.py for tasks to queue
[2026-09-30T06:48:47.224+0000] {logging_mixin.py:188} INFO - [2026-09-30T06:48:47.223+0000] {dagbag.py:545} INFO - Filling up the DagBag from /opt/airflow/dags/dag_market_eod.py
[2026-09-30T06:48:47.548+0000] {processor.py:840} INFO - DAG(s) 'dag_market_eod' retrieved from /opt/airflow/dags/dag_market_eod.py
[2026-09-30T06:48:47.562+0000] {logging_mixin.py:188} INFO - [2026-09-30T06:48:47.562+0000] {dag.py:3089} INFO - Sync 1 DAGs
[2026-09-30T06:48:47.574+0000] {logging_mixin.py:188} INFO - [2026-09-30T06:48:47.574+0000] {dag.py:3947} INFO - Setting next_dagrun for dag_market_eod to 2026-09-29 22:00:00+00:00, run_after=2026-09-30 22:00:00+00:00
[2026-09-30T06:48:47.584+0000] {processor.py:183} INFO - Processing /opt/airflow/dags/dag_market_eod.py took 0.368 seconds
[2026-09-30T06:49:17.680+0000] {processor.py:161} INFO - Started process (PID=2526) to work on /opt/airflow/dags/dag_market_eod.py
[2026-09-30T06:49:17.680+0000] {processor.py:830} INFO - Processing file /opt/airflow/dags/dag_market_eod.py for tasks to queue
[2026-09-30T06:49:17.681+0000] {logging_mixin.py:188} INFO - [2026-09-30T06:49:17.681+0000] {dagbag.py:545} INFO - Filling up the DagBag from /opt/airflow/dags/dag_market_eod.py
[2026-09-30T06:49:18.007+0000] {processor.py:840} INFO - DAG(s) 'dag_market_eod' retrieved from /opt/airflow/dags/dag_market_eod.py
[2026-09-30T06:49:18.021+0000] {logging_mixin.py:188} INFO - [2026-09-30T06:49:18.021+0000] {dag.py:3089} INFO - Sync 1 DAGs
[2026-09-30T06:49:18.033+0000] {logging_mixin.py:188} INFO - [2026-09-30T06:49:18.033+0000] {dag.py:3947} INFO - Setting next_dagrun for dag_market_eod to 2026-09-29 22:00:00+00:00, run_after=2026-09-30 22:00:00+00:00
[2026-09-30T06:49:18.043+0000] {processor.py:183} INFO - Processing /opt/airflow/dags/dag_market_eod.py took 0.366 seconds
[2026-09-30T06:49:48.149+0000] {processor.py:161} INFO - Started process (PID=2532) to work on /opt/airflow/dags/dag_market_eod.py
[2026-09-30T06:49:48.152+0000] {processor.py:830} INFO - Processing file /opt/airflow/dags/dag_market_eod.py for tasks to queue
[2026-09-30T06:49:48.153+0000] {logging_mixin.py:188} INFO - [2026-09-30T06:49:48.153+0000] {dagbag.py:545} INFO - Filling up the DagBag from /opt/airflow/dags/dag_market_eod.py
[2026-09-30T06:49:48.471+0000] {processor.py:840} INFO - DAG(s) 'dag_market_eod' retrieved from /opt/airflow/dags/dag_market_eod.py
[2026-09-30T06:49:48.487+0000] {logging_mixin.py:188} INFO - [2026-09-30T06:49:48.486+0000] {dag.py:3089} INFO - Sync 1 DAGs
[2026-09-30T06:49:48.498+0000] {logging_mixin.py:188} INFO - [2026-09-30T06:49:48.498+0000] {dag.py:3947} INFO - Setting next_dagrun for dag_market_eod to 2026-09-29 22:00:00+00:00, run_after=2026-09-30 22:00:00+00:00
[2026-09-30T06:49:48.508+0000] {processor.py:183} INFO - Processing /opt/airflow/dags/dag_market_eod.py took 0.363 seconds
[2026-09-30T06:50:18.614+0000] {processor.py:161} INFO - Started process (PID=2538) to work on /opt/airflow/dags/dag_market_eod.py
[2026-09-30T06:50:18.615+0000] {processor.py:830} INFO - Processing file /opt/airflow/dags/dag_market_eod.py for tasks to queue
[2026-09-30T06:50:18.616+0000] {logging_mixin.py:188} INFO - [2026-09-30T06:50:18.616+0000] {dagbag.py:545} INFO - Filling up the DagBag from /opt/airflow/dags/dag_market_eod.py
[2026-09-30T06:50:18.846+0000] {processor.py:840} INFO - DAG(s) 'dag_market_eod' retrieved from /opt/airflow/dags/dag_market_eod.py
[2026-09-30T06:50:18.959+0000] {logging_mixin.py:188} INFO - [2026-09-30T06:50:18.959+0000] {dag.py:3089} INFO - Sync 1 DAGs
[2026-09-30T06:50:18.971+0000] {logging_mixin.py:188} INFO - [2026-09-30T06:50:18.971+0000] {dag.py:3947} INFO - Setting next_dagrun for dag_market_eod to 2026-09-29 22:00:00+00:00, run_after=2026-09-30 22:00:00+00:00
[2026-09-30T06:50:18.981+0000] {processor.py:183} INFO - Processing /opt/airflow/dags/dag_market_eod.py took 0.372 seconds
[2026-09-30T06:50:49.087+0000] {processor.py:161} INFO - Started process (PID=2544) to work on /opt/airflow/dags/dag_market_eod.py
[2026-09-30T06:50:49.089+0000] {processor.py:830} INFO - Processing file /opt/airflow/dags/dag_market_eod.py for tasks to queue
[2026-09-30T06:50:49.090+0000] {logging_mixin.py:188} INFO - [2026-09-30T06:50:49.090+0000] {dagbag.py:545} INFO - Filling up the DagBag from /opt/airflow/dags/dag_market_eod.py
[2026-09-30T06:50:49.411+0000] {processor.py:840} INFO - DAG(s) 'dag_market_eod' retrieved from /opt/airflow/dags/dag_market_eod.py
[2026-09-30T06:50:49.427+0000] {logging_mixin.py:188} INFO - [2026-09-30T06:50:49.426+0000] {dag.py:3089} INFO - Sync 1 DAGs
[2026-09-30T06:50:49.438+0000] {logging_mixin.py:188} INFO - [2026-09-30T06:50:49.438+0000] {dag.py:3947} INFO - Setting next_dagrun for dag_market_eod to 2026-09-29 22:00:00+00:00, run_after=2026-09-30 22:00:00+00:00
[2026-09-30T06:50:49.449+0000] {processor.py:183} INFO - Processing /opt/airflow/dags/dag_market_eod.py took 0.365 seconds
[2026-09-30T06:51:19.548+0000] {processor.py:161} INFO - Started process (PID=2550) to work on /opt/airflow/dags/dag_market_eod.py
[2026-09-30T06:51:19.549+0000] {processor.py:830} INFO - Processing file /opt/airflow/dags/dag_market_eod.py for tasks to queue
[2026-09-30T06:51:19.550+0000] {logging_mixin.py:188} INFO - [2026-09-30T06:51:19.549+0000] {dagbag.py:545} INFO - Filling up the DagBag from /opt/airflow/dags/dag_market_eod.py
[2026-09-30T06:51:19.873+0000] {processor.py:840} INFO - DAG(s) 'dag_market_eod' retrieved from /opt/airflow/dags/dag_market_eod.py
[2026-09-30T06:51:19.895+0000] {logging_mixin.py:188} INFO - [2026-09-30T06:51:19.895+0000] {dag.py:3089} INFO - Sync 1 DAGs
[2026-09-30T06:51:19.906+0000] {logging_mixin.py:188} INFO - [2026-09-30T06:51:19.906+0000] {dag.py:3947} INFO - Setting next_dagrun for dag_market_eod to 2026-09-29 22:00:00+00:00, run_after=2026-09-30 22:00:00+00:00
[2026-09-30T06:51:19.918+0000] {processor.py:183} INFO - Processing /opt/airflow/dags/dag_market_eod.py took 0.373 seconds
[2026-09-30T06:51:50.024+0000] {processor.py:161} INFO - Started process (PID=2556) to work on /opt/airflow/dags/dag_market_eod.py
[2026-09-30T06:51:50.025+0000] {processor.py:830} INFO - Processing file /opt/airflow/dags/dag_market_eod.py for tasks to queue
[2026-09-30T06:51:50.026+0000] {logging_mixin.py:188} INFO - [2026-09-30T06:51:50.026+0000] {dagbag.py:545} INFO - Filling up the DagBag from /opt/airflow/dags/dag_market_eod.py
[2026-09-30T06:51:50.356+0000] {processor.py:840} INFO - DAG(s) 'dag_market_eod' retrieved from /opt/airflow/dags/dag_market_eod.py
[2026-09-30T06:51:50.370+0000] {logging_mixin.py:188} INFO - [2026-09-30T06:51:50.369+0000] {dag.py:3089} INFO - Sync 1 DAGs
[2026-09-30T06:51:50.381+0000] {logging_mixin.py:188} INFO - [2026-09-30T06:51:50.381+0000] {dag.py:3947} INFO - Setting next_dagrun for dag_market_eod to 2026-09-29 22:00:00+00:00, run_after=2026-09-30 22:00:00+00:00
[2026-09-30T06:51:50.392+0000] {processor.py:183} INFO - Processing /opt/airflow/dags/dag_market_eod.py took 0.372 seconds
[2026-09-30T06:52:20.508+0000] {processor.py:161} INFO - Started process (PID=2562) to work on /opt/airflow/dags/dag_market_eod.py
[2026-09-30T06:52:20.509+0000] {processor.py:830} INFO - Processing file /opt/airflow/dags/dag_market_eod.py for tasks to queue
[2026-09-30T06:52:20.510+0000] {logging_mixin.py:188} INFO - [2026-09-30T06:52:20.510+0000] {dagbag.py:545} INFO - Filling up the DagBag from /opt/airflow/dags/dag_market_eod.py
[2026-09-30T06:52:20.836+0000] {processor.py:840} INFO - DAG(s) 'dag_market_eod' retrieved from /opt/airflow/dags/dag_market_eod.py
[2026-09-30T06:52:20.853+0000] {logging_mixin.py:188} INFO - [2026-09-30T06:52:20.853+0000] {dag.py:3089} INFO - Sync 1 DAGs
[2026-09-30T06:52:20.869+0000] {logging_mixin.py:188} INFO - [2026-09-30T06:52:20.869+0000] {dag.py:3947} INFO - Setting next_dagrun for dag_market_eod to 2026-09-29 22:00:00+00:00, run_after=2026-09-30 22:00:00+00:00
[2026-09-30T06:52:20.883+0000] {processor.py:183} INFO - Processing /opt/airflow/dags/dag_market_eod.py took 0.379 seconds
[2026-09-30T06:52:50.979+0000] {processor.py:161} INFO - Started process (PID=2568) to work on /opt/airflow/dags/dag_market_eod.py
[2026-09-30T06:52:50.981+0000] {processor.py:830} INFO - Processing file /opt/airflow/dags/dag_market_eod.py for tasks to queue
[2026-09-30T06:52:50.983+0000] {logging_mixin.py:188} INFO - [2026-09-30T06:52:50.982+0000] {dagbag.py:545} INFO - Filling up the DagBag from /opt/airflow/dags/dag_market_eod.py
[2026-09-30T06:52:51.310+0000] {processor.py:840} INFO - DAG(s) 'dag_market_eod' retrieved from /opt/airflow/dags/dag_market_eod.py
[2026-09-30T06:52:51.325+0000] {logging_mixin.py:188} INFO - [2026-09-30T06:52:51.325+0000] {dag.py:3089} INFO - Sync 1 DAGs
[2026-09-30T06:52:51.337+0000] {logging_mixin.py:188} INFO - [2026-09-30T06:52:51.337+0000] {dag.py:3947} INFO - Setting next_dagrun for dag_market_eod to 2026-09-29 22:00:00+00:00, run_after=2026-09-30 22:00:00+00:00
[2026-09-30T06:52:51.346+0000] {processor.py:183} INFO - Processing /opt/airflow/dags/dag_market_eod.py took 0.372 seconds
[2026-09-30T06:53:21.455+0000] {processor.py:161} INFO - Started process (PID=2574) to work on /opt/airflow/dags/dag_market_eod.py
[2026-09-30T06:53:21.455+0000] {processor.py:830} INFO - Processing file /opt/airflow/dags/dag_market_eod.py for tasks to queue
[2026-09-30T06:53:21.456+0000] {logging_mixin.py:188} INFO - [2026-09-30T06:53:21.456+0000] {dagbag.py:545} INFO - Filling up the DagBag from /opt/airflow/dags/dag_market_eod.py
[2026-09-30T06:53:21.687+0000] {processor.py:840} INFO - DAG(s) 'dag_market_eod' retrieved from /opt/airflow/dags/dag_market_eod.py
[2026-09-30T06:53:21.811+0000] {logging_mixin.py:188} INFO - [2026-09-30T06:53:21.811+0000] {dag.py:3089} INFO - Sync 1 DAGs
[2026-09-30T06:53:21.823+0000] {logging_mixin.py:188} INFO - [2026-09-30T06:53:21.823+0000] {dag.py:3947} INFO - Setting next_dagrun for dag_market_eod to 2026-09-29 22:00:00+00:00, run_after=2026-09-30 22:00:00+00:00
[2026-09-30T06:53:21.832+0000] {processor.py:183} INFO - Processing /opt/airflow/dags/dag_market_eod.py took 0.382 seconds
[2026-09-30T06:53:51.930+0000] {processor.py:161} INFO - Started process (PID=2580) to work on /opt/airflow/dags/dag_market_eod.py
[2026-09-30T06:53:51.931+0000] {processor.py:830} INFO - Processing file /opt/airflow/dags/dag_market_eod.py for tasks to queue
[2026-09-30T06:53:51.932+0000] {logging_mixin.py:188} INFO - [2026-09-30T06:53:51.932+0000] {dagbag.py:545} INFO - Filling up the DagBag from /opt/airflow/dags/dag_market_eod.py
[2026-09-30T06:53:52.254+0000] {processor.py:840} INFO - DAG(s) 'dag_market_eod' retrieved from /opt/airflow/dags/dag_market_eod.py
[2026-09-30T06:53:52.269+0000] {logging_mixin.py:188} INFO - [2026-09-30T06:53:52.269+0000] {dag.py:3089} INFO - Sync 1 DAGs
[2026-09-30T06:53:52.280+0000] {logging_mixin.py:188} INFO - [2026-09-30T06:53:52.280+0000] {dag.py:3947} INFO - Setting next_dagrun for dag_market_eod to 2026-09-29 22:00:00+00:00, run_after=2026-09-30 22:00:00+00:00
[2026-09-30T06:53:52.298+0000] {processor.py:183} INFO - Processing /opt/airflow/dags/dag_market_eod.py took 0.372 seconds
[2026-09-30T06:54:22.406+0000] {processor.py:161} INFO - Started process (PID=2586) to work on /opt/airflow/dags/dag_market_eod.py
[2026-09-30T06:54:22.406+0000] {processor.py:830} INFO - Processing file /opt/airflow/dags/dag_market_eod.py for tasks to queue
[2026-09-30T06:54:22.407+0000] {logging_mixin.py:188} INFO - [2026-09-30T06:54:22.407+0000] {dagbag.py:545} INFO - Filling up the DagBag from /opt/airflow/dags/dag_market_eod.py
[2026-09-30T06:54:22.730+0000] {processor.py:840} INFO - DAG(s) 'dag_market_eod' retrieved from /opt/airflow/dags/dag_market_eod.py
[2026-09-30T06:54:22.747+0000] {logging_mixin.py:188} INFO - [2026-09-30T06:54:22.746+0000] {dag.py:3089} INFO - Sync 1 DAGs
[2026-09-30T06:54:22.758+0000] {logging_mixin.py:188} INFO - [2026-09-30T06:54:22.757+0000] {dag.py:3947} INFO - Setting next_dagrun for dag_market_eod to 2026-09-29 22:00:00+00:00, run_after=2026-09-30 22:00:00+00:00
[2026-09-30T06:54:22.768+0000] {processor.py:183} INFO - Processing /opt/airflow/dags/dag_market_eod.py took 0.366 seconds
[2026-09-30T06:54:52.869+0000] {processor.py:161} INFO - Started process (PID=2592) to work on /opt/airflow/dags/dag_market_eod.py
[2026-09-30T06:54:52.871+0000] {processor.py:830} INFO - Processing file /opt/airflow/dags/dag_market_eod.py for tasks to queue
[2026-09-30T06:54:52.872+0000] {logging_mixin.py:188} INFO - [2026-09-30T06:54:52.872+0000] {dagbag.py:545} INFO - Filling up the DagBag from /opt/airflow/dags/dag_market_eod.py
[2026-09-30T06:54:53.198+0000] {processor.py:840} INFO - DAG(s) 'dag_market_eod' retrieved from /opt/airflow/dags/dag_market_eod.py
[2026-09-30T06:54:53.213+0000] {logging_mixin.py:188} INFO - [2026-09-30T06:54:53.212+0000] {dag.py:3089} INFO - Sync 1 DAGs
[2026-09-30T06:54:53.226+0000] {logging_mixin.py:188} INFO - [2026-09-30T06:54:53.225+0000] {dag.py:3947} INFO - Setting next_dagrun for dag_market_eod to 2026-09-29 22:00:00+00:00, run_after=2026-09-30 22:00:00+00:00
[2026-09-30T06:54:53.235+0000] {processor.py:183} INFO - Processing /opt/airflow/dags/dag_market_eod.py took 0.371 seconds
[2026-09-30T06:55:23.334+0000] {processor.py:161} INFO - Started process (PID=2598) to work on /opt/airflow/dags/dag_market_eod.py
[2026-09-30T06:55:23.334+0000] {processor.py:830} INFO - Processing file /opt/airflow/dags/dag_market_eod.py for tasks to queue
[2026-09-30T06:55:23.335+0000] {logging_mixin.py:188} INFO - [2026-09-30T06:55:23.335+0000] {dagbag.py:545} INFO - Filling up the DagBag from /opt/airflow/dags/dag_market_eod.py
[2026-09-30T06:55:23.654+0000] {processor.py:840} INFO - DAG(s) 'dag_market_eod' retrieved from /opt/airflow/dags/dag_market_eod.py
[2026-09-30T06:55:23.674+0000] {logging_mixin.py:188} INFO - [2026-09-30T06:55:23.674+0000] {dag.py:3089} INFO - Sync 1 DAGs
[2026-09-30T06:55:23.689+0000] {logging_mixin.py:188} INFO - [2026-09-30T06:55:23.689+0000] {dag.py:3947} INFO - Setting next_dagrun for dag_market_eod to 2026-09-29 22:00:00+00:00, run_after=2026-09-30 22:00:00+00:00
[2026-09-30T06:55:23.700+0000] {processor.py:183} INFO - Processing /opt/airflow/dags/dag_market_eod.py took 0.371 seconds
[2026-09-30T06:55:53.805+0000] {processor.py:161} INFO - Started process (PID=2604) to work on /opt/airflow/dags/dag_market_eod.py
[2026-09-30T06:55:53.807+0000] {processor.py:830} INFO - Processing file /opt/airflow/dags/dag_market_eod.py for tasks to queue
[2026-09-30T06:55:53.808+0000] {logging_mixin.py:188} INFO - [2026-09-30T06:55:53.808+0000] {dagbag.py:545} INFO - Filling up the DagBag from /opt/airflow/dags/dag_market_eod.py
[2026-09-30T06:55:54.132+0000] {processor.py:840} INFO - DAG(s) 'dag_market_eod' retrieved from /opt/airflow/dags/dag_market_eod.py
[2026-09-30T06:55:54.146+0000] {logging_mixin.py:188} INFO - [2026-09-30T06:55:54.145+0000] {dag.py:3089} INFO - Sync 1 DAGs
[2026-09-30T06:55:54.157+0000] {logging_mixin.py:188} INFO - [2026-09-30T06:55:54.157+0000] {dag.py:3947} INFO - Setting next_dagrun for dag_market_eod to 2026-09-29 22:00:00+00:00, run_after=2026-09-30 22:00:00+00:00
[2026-09-30T06:55:54.167+0000] {processor.py:183} INFO - Processing /opt/airflow/dags/dag_market_eod.py took 0.367 seconds
[2026-09-30T06:56:24.265+0000] {processor.py:161} INFO - Started process (PID=2610) to work on /opt/airflow/dags/dag_market_eod.py
[2026-09-30T06:56:24.265+0000] {processor.py:830} INFO - Processing file /opt/airflow/dags/dag_market_eod.py for tasks to queue
[2026-09-30T06:56:24.266+0000] {logging_mixin.py:188} INFO - [2026-09-30T06:56:24.266+0000] {dagbag.py:545} INFO - Filling up the DagBag from /opt/airflow/dags/dag_market_eod.py
[2026-09-30T06:56:24.494+0000] {processor.py:840} INFO - DAG(s) 'dag_market_eod' retrieved from /opt/airflow/dags/dag_market_eod.py
[2026-09-30T06:56:24.609+0000] {logging_mixin.py:188} INFO - [2026-09-30T06:56:24.608+0000] {dag.py:3089} INFO - Sync 1 DAGs
[2026-09-30T06:56:24.621+0000] {logging_mixin.py:188} INFO - [2026-09-30T06:56:24.621+0000] {dag.py:3947} INFO - Setting next_dagrun for dag_market_eod to 2026-09-29 22:00:00+00:00, run_after=2026-09-30 22:00:00+00:00
[2026-09-30T06:56:24.631+0000] {processor.py:183} INFO - Processing /opt/airflow/dags/dag_market_eod.py took 0.370 seconds
[2026-09-30T06:56:54.731+0000] {processor.py:161} INFO - Started process (PID=2616) to work on /opt/airflow/dags/dag_market_eod.py
[2026-09-30T06:56:54.733+0000] {processor.py:830} INFO - Processing file /opt/airflow/dags/dag_market_eod.py for tasks to queue
[2026-09-30T06:56:54.734+0000] {logging_mixin.py:188} INFO - [2026-09-30T06:56:54.734+0000] {dagbag.py:545} INFO - Filling up the DagBag from /opt/airflow/dags/dag_market_eod.py
[2026-09-30T06:56:55.053+0000] {processor.py:840} INFO - DAG(s) 'dag_market_eod' retrieved from /opt/airflow/dags/dag_market_eod.py
[2026-09-30T06:56:55.068+0000] {logging_mixin.py:188} INFO - [2026-09-30T06:56:55.067+0000] {dag.py:3089} INFO - Sync 1 DAGs
[2026-09-30T06:56:55.079+0000] {logging_mixin.py:188} INFO - [2026-09-30T06:56:55.079+0000] {dag.py:3947} INFO - Setting next_dagrun for dag_market_eod to 2026-09-29 22:00:00+00:00, run_after=2026-09-30 22:00:00+00:00
[2026-09-30T06:56:55.091+0000] {processor.py:183} INFO - Processing /opt/airflow/dags/dag_market_eod.py took 0.364 seconds
[2026-09-30T06:57:25.187+0000] {processor.py:161} INFO - Started process (PID=2622) to work on /opt/airflow/dags/dag_market_eod.py
[2026-09-30T06:57:25.188+0000] {processor.py:830} INFO - Processing file /opt/airflow/dags/dag_market_eod.py for tasks to queue
[2026-09-30T06:57:25.189+0000] {logging_mixin.py:188} INFO - [2026-09-30T06:57:25.189+0000] {dagbag.py:545} INFO - Filling up the DagBag from /opt/airflow/dags/dag_market_eod.py
[2026-09-30T06:57:25.512+0000] {processor.py:840} INFO - DAG(s) 'dag_market_eod' retrieved from /opt/airflow/dags/dag_market_eod.py
[2026-09-30T06:57:25.527+0000] {logging_mixin.py:188} INFO - [2026-09-30T06:57:25.526+0000] {dag.py:3089} INFO - Sync 1 DAGs
[2026-09-30T06:57:25.537+0000] {logging_mixin.py:188} INFO - [2026-09-30T06:57:25.537+0000] {dag.py:3947} INFO - Setting next_dagrun for dag_market_eod to 2026-09-29 22:00:00+00:00, run_after=2026-09-30 22:00:00+00:00
[2026-09-30T06:57:25.549+0000] {processor.py:183} INFO - Processing /opt/airflow/dags/dag_market_eod.py took 0.365 seconds
[2026-09-30T06:57:55.654+0000] {processor.py:161} INFO - Started process (PID=2628) to work on /opt/airflow/dags/dag_market_eod.py
[2026-09-30T06:57:55.656+0000] {processor.py:830} INFO - Processing file /opt/airflow/dags/dag_market_eod.py for tasks to queue
[2026-09-30T06:57:55.657+0000] {logging_mixin.py:188} INFO - [2026-09-30T06:57:55.657+0000] {dagbag.py:545} INFO - Filling up the DagBag from /opt/airflow/dags/dag_market_eod.py
[2026-09-30T06:57:55.983+0000] {processor.py:840} INFO - DAG(s) 'dag_market_eod' retrieved from /opt/airflow/dags/dag_market_eod.py
[2026-09-30T06:57:55.997+0000] {logging_mixin.py:188} INFO - [2026-09-30T06:57:55.997+0000] {dag.py:3089} INFO - Sync 1 DAGs
[2026-09-30T06:57:56.009+0000] {logging_mixin.py:188} INFO - [2026-09-30T06:57:56.009+0000] {dag.py:3947} INFO - Setting next_dagrun for dag_market_eod to 2026-09-29 22:00:00+00:00, run_after=2026-09-30 22:00:00+00:00
[2026-09-30T06:57:56.019+0000] {processor.py:183} INFO - Processing /opt/airflow/dags/dag_market_eod.py took 0.369 seconds
[2026-09-30T06:58:26.119+0000] {processor.py:161} INFO - Started process (PID=2634) to work on /opt/airflow/dags/dag_market_eod.py
[2026-09-30T06:58:26.119+0000] {processor.py:830} INFO - Processing file /opt/airflow/dags/dag_market_eod.py for tasks to queue
[2026-09-30T06:58:26.120+0000] {logging_mixin.py:188} INFO - [2026-09-30T06:58:26.120+0000] {dagbag.py:545} INFO - Filling up the DagBag from /opt/airflow/dags/dag_market_eod.py
[2026-09-30T06:58:26.449+0000] {processor.py:840} INFO - DAG(s) 'dag_market_eod' retrieved from /opt/airflow/dags/dag_market_eod.py
[2026-09-30T06:58:26.466+0000] {logging_mixin.py:188} INFO - [2026-09-30T06:58:26.465+0000] {dag.py:3089} INFO - Sync 1 DAGs
[2026-09-30T06:58:26.478+0000] {logging_mixin.py:188} INFO - [2026-09-30T06:58:26.478+0000] {dag.py:3947} INFO - Setting next_dagrun for dag_market_eod to 2026-09-29 22:00:00+00:00, run_after=2026-09-30 22:00:00+00:00
[2026-09-30T06:58:26.489+0000] {processor.py:183} INFO - Processing /opt/airflow/dags/dag_market_eod.py took 0.373 seconds
[2026-09-30T06:58:56.587+0000] {processor.py:161} INFO - Started process (PID=2640) to work on /opt/airflow/dags/dag_market_eod.py
[2026-09-30T06:58:56.588+0000] {processor.py:830} INFO - Processing file /opt/airflow/dags/dag_market_eod.py for tasks to queue
[2026-09-30T06:58:56.589+0000] {logging_mixin.py:188} INFO - [2026-09-30T06:58:56.589+0000] {dagbag.py:545} INFO - Filling up the DagBag from /opt/airflow/dags/dag_market_eod.py
[2026-09-30T06:58:56.818+0000] {processor.py:840} INFO - DAG(s) 'dag_market_eod' retrieved from /opt/airflow/dags/dag_market_eod.py
[2026-09-30T06:58:56.932+0000] {logging_mixin.py:188} INFO - [2026-09-30T06:58:56.932+0000] {dag.py:3089} INFO - Sync 1 DAGs
[2026-09-30T06:58:56.947+0000] {logging_mixin.py:188} INFO - [2026-09-30T06:58:56.947+0000] {dag.py:3947} INFO - Setting next_dagrun for dag_market_eod to 2026-09-29 22:00:00+00:00, run_after=2026-09-30 22:00:00+00:00
[2026-09-30T06:58:56.957+0000] {processor.py:183} INFO - Processing /opt/airflow/dags/dag_market_eod.py took 0.374 seconds
[2026-09-30T06:59:27.070+0000] {processor.py:161} INFO - Started process (PID=2646) to work on /opt/airflow/dags/dag_market_eod.py
[2026-09-30T06:59:27.072+0000] {processor.py:830} INFO - Processing file /opt/airflow/dags/dag_market_eod.py for tasks to queue
[2026-09-30T06:59:27.074+0000] {logging_mixin.py:188} INFO - [2026-09-30T06:59:27.073+0000] {dagbag.py:545} INFO - Filling up the DagBag from /opt/airflow/dags/dag_market_eod.py
[2026-09-30T06:59:27.301+0000] {processor.py:840} INFO - DAG(s) 'dag_market_eod' retrieved from /opt/airflow/dags/dag_market_eod.py
[2026-09-30T06:59:27.415+0000] {logging_mixin.py:188} INFO - [2026-09-30T06:59:27.415+0000] {dag.py:3089} INFO - Sync 1 DAGs
[2026-09-30T06:59:27.427+0000] {logging_mixin.py:188} INFO - [2026-09-30T06:59:27.427+0000] {dag.py:3947} INFO - Setting next_dagrun for dag_market_eod to 2026-09-29 22:00:00+00:00, run_after=2026-09-30 22:00:00+00:00
[2026-09-30T06:59:27.438+0000] {processor.py:183} INFO - Processing /opt/airflow/dags/dag_market_eod.py took 0.372 seconds
[2026-09-30T06:59:57.548+0000] {processor.py:161} INFO - Started process (PID=2652) to work on /opt/airflow/dags/dag_market_eod.py
[2026-09-30T06:59:57.549+0000] {processor.py:830} INFO - Processing file /opt/airflow/dags/dag_market_eod.py for tasks to queue
[2026-09-30T06:59:57.550+0000] {logging_mixin.py:188} INFO - [2026-09-30T06:59:57.549+0000] {dagbag.py:545} INFO - Filling up the DagBag from /opt/airflow/dags/dag_market_eod.py
[2026-09-30T06:59:57.881+0000] {processor.py:840} INFO - DAG(s) 'dag_market_eod' retrieved from /opt/airflow/dags/dag_market_eod.py
[2026-09-30T06:59:57.897+0000] {logging_mixin.py:188} INFO - [2026-09-30T06:59:57.897+0000] {dag.py:3089} INFO - Sync 1 DAGs
[2026-09-30T06:59:57.909+0000] {logging_mixin.py:188} INFO - [2026-09-30T06:59:57.908+0000] {dag.py:3947} INFO - Setting next_dagrun for dag_market_eod to 2026-09-29 22:00:00+00:00, run_after=2026-09-30 22:00:00+00:00
[2026-09-30T06:59:57.917+0000] {processor.py:183} INFO - Processing /opt/airflow/dags/dag_market_eod.py took 0.374 seconds
[2026-09-30T07:00:28.017+0000] {processor.py:161} INFO - Started process (PID=2658) to work on /opt/airflow/dags/dag_market_eod.py
[2026-09-30T07:00:28.019+0000] {processor.py:830} INFO - Processing file /opt/airflow/dags/dag_market_eod.py for tasks to queue
[2026-09-30T07:00:28.020+0000] {logging_mixin.py:188} INFO - [2026-09-30T07:00:28.020+0000] {dagbag.py:545} INFO - Filling up the DagBag from /opt/airflow/dags/dag_market_eod.py
[2026-09-30T07:00:28.340+0000] {processor.py:840} INFO - DAG(s) 'dag_market_eod' retrieved from /opt/airflow/dags/dag_market_eod.py
[2026-09-30T07:00:28.359+0000] {logging_mixin.py:188} INFO - [2026-09-30T07:00:28.359+0000] {dag.py:3089} INFO - Sync 1 DAGs
[2026-09-30T07:00:28.371+0000] {logging_mixin.py:188} INFO - [2026-09-30T07:00:28.371+0000] {dag.py:3947} INFO - Setting next_dagrun for dag_market_eod to 2026-09-29 22:00:00+00:00, run_after=2026-09-30 22:00:00+00:00
[2026-09-30T07:00:28.382+0000] {processor.py:183} INFO - Processing /opt/airflow/dags/dag_market_eod.py took 0.369 seconds
[2026-09-30T07:00:58.483+0000] {processor.py:161} INFO - Started process (PID=2664) to work on /opt/airflow/dags/dag_market_eod.py
[2026-09-30T07:00:58.484+0000] {processor.py:830} INFO - Processing file /opt/airflow/dags/dag_market_eod.py for tasks to queue
[2026-09-30T07:00:58.485+0000] {logging_mixin.py:188} INFO - [2026-09-30T07:00:58.485+0000] {dagbag.py:545} INFO - Filling up the DagBag from /opt/airflow/dags/dag_market_eod.py
[2026-09-30T07:00:58.811+0000] {processor.py:840} INFO - DAG(s) 'dag_market_eod' retrieved from /opt/airflow/dags/dag_market_eod.py
[2026-09-30T07:00:58.827+0000] {logging_mixin.py:188} INFO - [2026-09-30T07:00:58.827+0000] {dag.py:3089} INFO - Sync 1 DAGs
[2026-09-30T07:00:58.840+0000] {logging_mixin.py:188} INFO - [2026-09-30T07:00:58.839+0000] {dag.py:3947} INFO - Setting next_dagrun for dag_market_eod to 2026-09-29 22:00:00+00:00, run_after=2026-09-30 22:00:00+00:00
[2026-09-30T07:00:58.851+0000] {processor.py:183} INFO - Processing /opt/airflow/dags/dag_market_eod.py took 0.372 seconds
[2026-09-30T07:01:28.956+0000] {processor.py:161} INFO - Started process (PID=2670) to work on /opt/airflow/dags/dag_market_eod.py
[2026-09-30T07:01:28.958+0000] {processor.py:830} INFO - Processing file /opt/airflow/dags/dag_market_eod.py for tasks to queue
[2026-09-30T07:01:28.959+0000] {logging_mixin.py:188} INFO - [2026-09-30T07:01:28.959+0000] {dagbag.py:545} INFO - Filling up the DagBag from /opt/airflow/dags/dag_market_eod.py
[2026-09-30T07:01:29.287+0000] {processor.py:840} INFO - DAG(s) 'dag_market_eod' retrieved from /opt/airflow/dags/dag_market_eod.py
[2026-09-30T07:01:29.301+0000] {logging_mixin.py:188} INFO - [2026-09-30T07:01:29.301+0000] {dag.py:3089} INFO - Sync 1 DAGs
[2026-09-30T07:01:29.313+0000] {logging_mixin.py:188} INFO - [2026-09-30T07:01:29.313+0000] {dag.py:3947} INFO - Setting next_dagrun for dag_market_eod to 2026-09-29 22:00:00+00:00, run_after=2026-09-30 22:00:00+00:00
[2026-09-30T07:01:29.323+0000] {processor.py:183} INFO - Processing /opt/airflow/dags/dag_market_eod.py took 0.372 seconds
[2026-09-30T07:01:59.438+0000] {processor.py:161} INFO - Started process (PID=2676) to work on /opt/airflow/dags/dag_market_eod.py
[2026-09-30T07:01:59.438+0000] {processor.py:830} INFO - Processing file /opt/airflow/dags/dag_market_eod.py for tasks to queue
[2026-09-30T07:01:59.439+0000] {logging_mixin.py:188} INFO - [2026-09-30T07:01:59.439+0000] {dagbag.py:545} INFO - Filling up the DagBag from /opt/airflow/dags/dag_market_eod.py
[2026-09-30T07:01:59.672+0000] {processor.py:840} INFO - DAG(s) 'dag_market_eod' retrieved from /opt/airflow/dags/dag_market_eod.py
[2026-09-30T07:01:59.789+0000] {logging_mixin.py:188} INFO - [2026-09-30T07:01:59.789+0000] {dag.py:3089} INFO - Sync 1 DAGs
[2026-09-30T07:01:59.802+0000] {logging_mixin.py:188} INFO - [2026-09-30T07:01:59.802+0000] {dag.py:3947} INFO - Setting next_dagrun for dag_market_eod to 2026-09-29 22:00:00+00:00, run_after=2026-09-30 22:00:00+00:00
[2026-09-30T07:01:59.813+0000] {processor.py:183} INFO - Processing /opt/airflow/dags/dag_market_eod.py took 0.379 seconds
[2026-09-30T07:02:29.919+0000] {processor.py:161} INFO - Started process (PID=2682) to work on /opt/airflow/dags/dag_market_eod.py
[2026-09-30T07:02:29.921+0000] {processor.py:830} INFO - Processing file /opt/airflow/dags/dag_market_eod.py for tasks to queue
[2026-09-30T07:02:29.922+0000] {logging_mixin.py:188} INFO - [2026-09-30T07:02:29.922+0000] {dagbag.py:545} INFO - Filling up the DagBag from /opt/airflow/dags/dag_market_eod.py
[2026-09-30T07:02:30.149+0000] {processor.py:840} INFO - DAG(s) 'dag_market_eod' retrieved from /opt/airflow/dags/dag_market_eod.py
[2026-09-30T07:02:30.264+0000] {logging_mixin.py:188} INFO - [2026-09-30T07:02:30.264+0000] {dag.py:3089} INFO - Sync 1 DAGs
[2026-09-30T07:02:30.276+0000] {logging_mixin.py:188} INFO - [2026-09-30T07:02:30.276+0000] {dag.py:3947} INFO - Setting next_dagrun for dag_market_eod to 2026-09-29 22:00:00+00:00, run_after=2026-09-30 22:00:00+00:00
[2026-09-30T07:02:30.287+0000] {processor.py:183} INFO - Processing /opt/airflow/dags/dag_market_eod.py took 0.373 seconds
[2026-09-30T07:03:00.386+0000] {processor.py:161} INFO - Started process (PID=2688) to work on /opt/airflow/dags/dag_market_eod.py
[2026-09-30T07:03:00.387+0000] {processor.py:830} INFO - Processing file /opt/airflow/dags/dag_market_eod.py for tasks to queue
[2026-09-30T07:03:00.388+0000] {logging_mixin.py:188} INFO - [2026-09-30T07:03:00.388+0000] {dagbag.py:545} INFO - Filling up the DagBag from /opt/airflow/dags/dag_market_eod.py
[2026-09-30T07:03:00.710+0000] {processor.py:840} INFO - DAG(s) 'dag_market_eod' retrieved from /opt/airflow/dags/dag_market_eod.py
[2026-09-30T07:03:00.725+0000] {logging_mixin.py:188} INFO - [2026-09-30T07:03:00.725+0000] {dag.py:3089} INFO - Sync 1 DAGs
[2026-09-30T07:03:00.737+0000] {logging_mixin.py:188} INFO - [2026-09-30T07:03:00.737+0000] {dag.py:3947} INFO - Setting next_dagrun for dag_market_eod to 2026-09-29 22:00:00+00:00, run_after=2026-09-30 22:00:00+00:00
[2026-09-30T07:03:00.746+0000] {processor.py:183} INFO - Processing /opt/airflow/dags/dag_market_eod.py took 0.364 seconds
[2026-09-30T07:03:30.847+0000] {processor.py:161} INFO - Started process (PID=2694) to work on /opt/airflow/dags/dag_market_eod.py
[2026-09-30T07:03:30.849+0000] {processor.py:830} INFO - Processing file /opt/airflow/dags/dag_market_eod.py for tasks to queue
[2026-09-30T07:03:30.850+0000] {logging_mixin.py:188} INFO - [2026-09-30T07:03:30.850+0000] {dagbag.py:545} INFO - Filling up the DagBag from /opt/airflow/dags/dag_market_eod.py
[2026-09-30T07:03:31.175+0000] {processor.py:840} INFO - DAG(s) 'dag_market_eod' retrieved from /opt/airflow/dags/dag_market_eod.py
[2026-09-30T07:03:31.193+0000] {logging_mixin.py:188} INFO - [2026-09-30T07:03:31.192+0000] {dag.py:3089} INFO - Sync 1 DAGs
[2026-09-30T07:03:31.203+0000] {logging_mixin.py:188} INFO - [2026-09-30T07:03:31.203+0000] {dag.py:3947} INFO - Setting next_dagrun for dag_market_eod to 2026-09-29 22:00:00+00:00, run_after=2026-09-30 22:00:00+00:00
[2026-09-30T07:03:31.213+0000] {processor.py:183} INFO - Processing /opt/airflow/dags/dag_market_eod.py took 0.371 seconds
[2026-09-30T07:04:01.321+0000] {processor.py:161} INFO - Started process (PID=2700) to work on /opt/airflow/dags/dag_market_eod.py
[2026-09-30T07:04:01.322+0000] {processor.py:830} INFO - Processing file /opt/airflow/dags/dag_market_eod.py for tasks to queue
[2026-09-30T07:04:01.323+0000] {logging_mixin.py:188} INFO - [2026-09-30T07:04:01.323+0000] {dagbag.py:545} INFO - Filling up the DagBag from /opt/airflow/dags/dag_market_eod.py
[2026-09-30T07:04:01.650+0000] {processor.py:840} INFO - DAG(s) 'dag_market_eod' retrieved from /opt/airflow/dags/dag_market_eod.py
[2026-09-30T07:04:01.671+0000] {logging_mixin.py:188} INFO - [2026-09-30T07:04:01.671+0000] {dag.py:3089} INFO - Sync 1 DAGs
[2026-09-30T07:04:01.683+0000] {logging_mixin.py:188} INFO - [2026-09-30T07:04:01.683+0000] {dag.py:3947} INFO - Setting next_dagrun for dag_market_eod to 2026-09-29 22:00:00+00:00, run_after=2026-09-30 22:00:00+00:00
[2026-09-30T07:04:01.694+0000] {processor.py:183} INFO - Processing /opt/airflow/dags/dag_market_eod.py took 0.377 seconds
[2026-09-30T07:04:31.807+0000] {processor.py:161} INFO - Started process (PID=2706) to work on /opt/airflow/dags/dag_market_eod.py
[2026-09-30T07:04:31.809+0000] {processor.py:830} INFO - Processing file /opt/airflow/dags/dag_market_eod.py for tasks to queue
[2026-09-30T07:04:31.810+0000] {logging_mixin.py:188} INFO - [2026-09-30T07:04:31.810+0000] {dagbag.py:545} INFO - Filling up the DagBag from /opt/airflow/dags/dag_market_eod.py
[2026-09-30T07:04:32.130+0000] {processor.py:840} INFO - DAG(s) 'dag_market_eod' retrieved from /opt/airflow/dags/dag_market_eod.py
[2026-09-30T07:04:32.144+0000] {logging_mixin.py:188} INFO - [2026-09-30T07:04:32.144+0000] {dag.py:3089} INFO - Sync 1 DAGs
[2026-09-30T07:04:32.156+0000] {logging_mixin.py:188} INFO - [2026-09-30T07:04:32.156+0000] {dag.py:3947} INFO - Setting next_dagrun for dag_market_eod to 2026-09-29 22:00:00+00:00, run_after=2026-09-30 22:00:00+00:00
[2026-09-30T07:04:32.167+0000] {processor.py:183} INFO - Processing /opt/airflow/dags/dag_market_eod.py took 0.363 seconds
[2026-09-30T07:05:02.277+0000] {processor.py:161} INFO - Started process (PID=2712) to work on /opt/airflow/dags/dag_market_eod.py
[2026-09-30T07:05:02.278+0000] {processor.py:830} INFO - Processing file /opt/airflow/dags/dag_market_eod.py for tasks to queue
[2026-09-30T07:05:02.279+0000] {logging_mixin.py:188} INFO - [2026-09-30T07:05:02.279+0000] {dagbag.py:545} INFO - Filling up the DagBag from /opt/airflow/dags/dag_market_eod.py
[2026-09-30T07:05:02.511+0000] {processor.py:840} INFO - DAG(s) 'dag_market_eod' retrieved from /opt/airflow/dags/dag_market_eod.py
[2026-09-30T07:05:02.629+0000] {logging_mixin.py:188} INFO - [2026-09-30T07:05:02.629+0000] {dag.py:3089} INFO - Sync 1 DAGs
[2026-09-30T07:05:02.641+0000] {logging_mixin.py:188} INFO - [2026-09-30T07:05:02.641+0000] {dag.py:3947} INFO - Setting next_dagrun for dag_market_eod to 2026-09-29 22:00:00+00:00, run_after=2026-09-30 22:00:00+00:00
[2026-09-30T07:05:02.651+0000] {processor.py:183} INFO - Processing /opt/airflow/dags/dag_market_eod.py took 0.377 seconds
[2026-09-30T07:05:32.751+0000] {processor.py:161} INFO - Started process (PID=2718) to work on /opt/airflow/dags/dag_market_eod.py
[2026-09-30T07:05:32.753+0000] {processor.py:830} INFO - Processing file /opt/airflow/dags/dag_market_eod.py for tasks to queue
[2026-09-30T07:05:32.754+0000] {logging_mixin.py:188} INFO - [2026-09-30T07:05:32.754+0000] {dagbag.py:545} INFO - Filling up the DagBag from /opt/airflow/dags/dag_market_eod.py
[2026-09-30T07:05:32.987+0000] {processor.py:840} INFO - DAG(s) 'dag_market_eod' retrieved from /opt/airflow/dags/dag_market_eod.py
[2026-09-30T07:05:33.098+0000] {logging_mixin.py:188} INFO - [2026-09-30T07:05:33.097+0000] {dag.py:3089} INFO - Sync 1 DAGs
[2026-09-30T07:05:33.110+0000] {logging_mixin.py:188} INFO - [2026-09-30T07:05:33.110+0000] {dag.py:3947} INFO - Setting next_dagrun for dag_market_eod to 2026-09-29 22:00:00+00:00, run_after=2026-09-30 22:00:00+00:00
[2026-09-30T07:05:33.121+0000] {processor.py:183} INFO - Processing /opt/airflow/dags/dag_market_eod.py took 0.375 seconds
[2026-09-30T07:06:03.227+0000] {processor.py:161} INFO - Started process (PID=2724) to work on /opt/airflow/dags/dag_market_eod.py
[2026-09-30T07:06:03.228+0000] {processor.py:830} INFO - Processing file /opt/airflow/dags/dag_market_eod.py for tasks to queue
[2026-09-30T07:06:03.229+0000] {logging_mixin.py:188} INFO - [2026-09-30T07:06:03.229+0000] {dagbag.py:545} INFO - Filling up the DagBag from /opt/airflow/dags/dag_market_eod.py
[2026-09-30T07:06:03.554+0000] {processor.py:840} INFO - DAG(s) 'dag_market_eod' retrieved from /opt/airflow/dags/dag_market_eod.py
[2026-09-30T07:06:03.568+0000] {logging_mixin.py:188} INFO - [2026-09-30T07:06:03.568+0000] {dag.py:3089} INFO - Sync 1 DAGs
[2026-09-30T07:06:03.579+0000] {logging_mixin.py:188} INFO - [2026-09-30T07:06:03.579+0000] {dag.py:3947} INFO - Setting next_dagrun for dag_market_eod to 2026-09-29 22:00:00+00:00, run_after=2026-09-30 22:00:00+00:00
[2026-09-30T07:06:03.588+0000] {processor.py:183} INFO - Processing /opt/airflow/dags/dag_market_eod.py took 0.366 seconds
[2026-09-30T07:06:33.687+0000] {processor.py:161} INFO - Started process (PID=2730) to work on /opt/airflow/dags/dag_market_eod.py
[2026-09-30T07:06:33.689+0000] {processor.py:830} INFO - Processing file /opt/airflow/dags/dag_market_eod.py for tasks to queue
[2026-09-30T07:06:33.690+0000] {logging_mixin.py:188} INFO - [2026-09-30T07:06:33.690+0000] {dagbag.py:545} INFO - Filling up the DagBag from /opt/airflow/dags/dag_market_eod.py
[2026-09-30T07:06:34.022+0000] {processor.py:840} INFO - DAG(s) 'dag_market_eod' retrieved from /opt/airflow/dags/dag_market_eod.py
[2026-09-30T07:06:34.036+0000] {logging_mixin.py:188} INFO - [2026-09-30T07:06:34.036+0000] {dag.py:3089} INFO - Sync 1 DAGs
[2026-09-30T07:06:34.047+0000] {logging_mixin.py:188} INFO - [2026-09-30T07:06:34.047+0000] {dag.py:3947} INFO - Setting next_dagrun for dag_market_eod to 2026-09-29 22:00:00+00:00, run_after=2026-09-30 22:00:00+00:00
[2026-09-30T07:06:34.058+0000] {processor.py:183} INFO - Processing /opt/airflow/dags/dag_market_eod.py took 0.374 seconds
[2026-09-30T07:07:04.165+0000] {processor.py:161} INFO - Started process (PID=2736) to work on /opt/airflow/dags/dag_market_eod.py
[2026-09-30T07:07:04.165+0000] {processor.py:830} INFO - Processing file /opt/airflow/dags/dag_market_eod.py for tasks to queue
[2026-09-30T07:07:04.166+0000] {logging_mixin.py:188} INFO - [2026-09-30T07:07:04.166+0000] {dagbag.py:545} INFO - Filling up the DagBag from /opt/airflow/dags/dag_market_eod.py
[2026-09-30T07:07:04.486+0000] {processor.py:840} INFO - DAG(s) 'dag_market_eod' retrieved from /opt/airflow/dags/dag_market_eod.py
[2026-09-30T07:07:04.505+0000] {logging_mixin.py:188} INFO - [2026-09-30T07:07:04.505+0000] {dag.py:3089} INFO - Sync 1 DAGs
[2026-09-30T07:07:04.517+0000] {logging_mixin.py:188} INFO - [2026-09-30T07:07:04.517+0000] {dag.py:3947} INFO - Setting next_dagrun for dag_market_eod to 2026-09-29 22:00:00+00:00, run_after=2026-09-30 22:00:00+00:00
[2026-09-30T07:07:04.528+0000] {processor.py:183} INFO - Processing /opt/airflow/dags/dag_market_eod.py took 0.367 seconds
[2026-09-30T07:07:34.638+0000] {processor.py:161} INFO - Started process (PID=2742) to work on /opt/airflow/dags/dag_market_eod.py
[2026-09-30T07:07:34.639+0000] {processor.py:830} INFO - Processing file /opt/airflow/dags/dag_market_eod.py for tasks to queue
[2026-09-30T07:07:34.640+0000] {logging_mixin.py:188} INFO - [2026-09-30T07:07:34.640+0000] {dagbag.py:545} INFO - Filling up the DagBag from /opt/airflow/dags/dag_market_eod.py
[2026-09-30T07:07:34.961+0000] {processor.py:840} INFO - DAG(s) 'dag_market_eod' retrieved from /opt/airflow/dags/dag_market_eod.py
[2026-09-30T07:07:34.979+0000] {logging_mixin.py:188} INFO - [2026-09-30T07:07:34.979+0000] {dag.py:3089} INFO - Sync 1 DAGs
[2026-09-30T07:07:34.991+0000] {logging_mixin.py:188} INFO - [2026-09-30T07:07:34.991+0000] {dag.py:3947} INFO - Setting next_dagrun for dag_market_eod to 2026-09-29 22:00:00+00:00, run_after=2026-09-30 22:00:00+00:00
[2026-09-30T07:07:35.002+0000] {processor.py:183} INFO - Processing /opt/airflow/dags/dag_market_eod.py took 0.366 seconds
[2026-09-30T07:08:05.105+0000] {processor.py:161} INFO - Started process (PID=2748) to work on /opt/airflow/dags/dag_market_eod.py
[2026-09-30T07:08:05.106+0000] {processor.py:830} INFO - Processing file /opt/airflow/dags/dag_market_eod.py for tasks to queue
[2026-09-30T07:08:05.107+0000] {logging_mixin.py:188} INFO - [2026-09-30T07:08:05.106+0000] {dagbag.py:545} INFO - Filling up the DagBag from /opt/airflow/dags/dag_market_eod.py
[2026-09-30T07:08:05.334+0000] {processor.py:840} INFO - DAG(s) 'dag_market_eod' retrieved from /opt/airflow/dags/dag_market_eod.py
[2026-09-30T07:08:05.452+0000] {logging_mixin.py:188} INFO - [2026-09-30T07:08:05.452+0000] {dag.py:3089} INFO - Sync 1 DAGs
[2026-09-30T07:08:05.465+0000] {logging_mixin.py:188} INFO - [2026-09-30T07:08:05.465+0000] {dag.py:3947} INFO - Setting next_dagrun for dag_market_eod to 2026-09-29 22:00:00+00:00, run_after=2026-09-30 22:00:00+00:00
[2026-09-30T07:08:05.475+0000] {processor.py:183} INFO - Processing /opt/airflow/dags/dag_market_eod.py took 0.373 seconds
[2026-09-30T07:08:35.574+0000] {processor.py:161} INFO - Started process (PID=2754) to work on /opt/airflow/dags/dag_market_eod.py
[2026-09-30T07:08:35.576+0000] {processor.py:830} INFO - Processing file /opt/airflow/dags/dag_market_eod.py for tasks to queue
[2026-09-30T07:08:35.577+0000] {logging_mixin.py:188} INFO - [2026-09-30T07:08:35.577+0000] {dagbag.py:545} INFO - Filling up the DagBag from /opt/airflow/dags/dag_market_eod.py
[2026-09-30T07:08:35.900+0000] {processor.py:840} INFO - DAG(s) 'dag_market_eod' retrieved from /opt/airflow/dags/dag_market_eod.py
[2026-09-30T07:08:35.915+0000] {logging_mixin.py:188} INFO - [2026-09-30T07:08:35.915+0000] {dag.py:3089} INFO - Sync 1 DAGs
[2026-09-30T07:08:35.927+0000] {logging_mixin.py:188} INFO - [2026-09-30T07:08:35.927+0000] {dag.py:3947} INFO - Setting next_dagrun for dag_market_eod to 2026-09-29 22:00:00+00:00, run_after=2026-09-30 22:00:00+00:00
[2026-09-30T07:08:35.936+0000] {processor.py:183} INFO - Processing /opt/airflow/dags/dag_market_eod.py took 0.367 seconds
[2026-09-30T07:09:06.041+0000] {processor.py:161} INFO - Started process (PID=2760) to work on /opt/airflow/dags/dag_market_eod.py
[2026-09-30T07:09:06.042+0000] {processor.py:830} INFO - Processing file /opt/airflow/dags/dag_market_eod.py for tasks to queue
[2026-09-30T07:09:06.043+0000] {logging_mixin.py:188} INFO - [2026-09-30T07:09:06.043+0000] {dagbag.py:545} INFO - Filling up the DagBag from /opt/airflow/dags/dag_market_eod.py
[2026-09-30T07:09:06.367+0000] {processor.py:840} INFO - DAG(s) 'dag_market_eod' retrieved from /opt/airflow/dags/dag_market_eod.py
[2026-09-30T07:09:06.386+0000] {logging_mixin.py:188} INFO - [2026-09-30T07:09:06.386+0000] {dag.py:3089} INFO - Sync 1 DAGs
[2026-09-30T07:09:06.397+0000] {logging_mixin.py:188} INFO - [2026-09-30T07:09:06.397+0000] {dag.py:3947} INFO - Setting next_dagrun for dag_market_eod to 2026-09-29 22:00:00+00:00, run_after=2026-09-30 22:00:00+00:00
[2026-09-30T07:09:06.408+0000] {processor.py:183} INFO - Processing /opt/airflow/dags/dag_market_eod.py took 0.371 seconds
[2026-09-30T07:09:36.515+0000] {processor.py:161} INFO - Started process (PID=2766) to work on /opt/airflow/dags/dag_market_eod.py
[2026-09-30T07:09:36.518+0000] {processor.py:830} INFO - Processing file /opt/airflow/dags/dag_market_eod.py for tasks to queue
[2026-09-30T07:09:36.519+0000] {logging_mixin.py:188} INFO - [2026-09-30T07:09:36.519+0000] {dagbag.py:545} INFO - Filling up the DagBag from /opt/airflow/dags/dag_market_eod.py
[2026-09-30T07:09:36.843+0000] {processor.py:840} INFO - DAG(s) 'dag_market_eod' retrieved from /opt/airflow/dags/dag_market_eod.py
[2026-09-30T07:09:36.865+0000] {logging_mixin.py:188} INFO - [2026-09-30T07:09:36.864+0000] {dag.py:3089} INFO - Sync 1 DAGs
[2026-09-30T07:09:36.879+0000] {logging_mixin.py:188} INFO - [2026-09-30T07:09:36.879+0000] {dag.py:3947} INFO - Setting next_dagrun for dag_market_eod to 2026-09-29 22:00:00+00:00, run_after=2026-09-30 22:00:00+00:00
[2026-09-30T07:09:36.891+0000] {processor.py:183} INFO - Processing /opt/airflow/dags/dag_market_eod.py took 0.380 seconds
[2026-09-30T07:10:07.002+0000] {processor.py:161} INFO - Started process (PID=2772) to work on /opt/airflow/dags/dag_market_eod.py
[2026-09-30T07:10:07.003+0000] {processor.py:830} INFO - Processing file /opt/airflow/dags/dag_market_eod.py for tasks to queue
[2026-09-30T07:10:07.003+0000] {logging_mixin.py:188} INFO - [2026-09-30T07:10:07.003+0000] {dagbag.py:545} INFO - Filling up the DagBag from /opt/airflow/dags/dag_market_eod.py
[2026-09-30T07:10:07.327+0000] {processor.py:840} INFO - DAG(s) 'dag_market_eod' retrieved from /opt/airflow/dags/dag_market_eod.py
[2026-09-30T07:10:07.342+0000] {logging_mixin.py:188} INFO - [2026-09-30T07:10:07.341+0000] {dag.py:3089} INFO - Sync 1 DAGs
[2026-09-30T07:10:07.354+0000] {logging_mixin.py:188} INFO - [2026-09-30T07:10:07.354+0000] {dag.py:3947} INFO - Setting next_dagrun for dag_market_eod to 2026-09-29 22:00:00+00:00, run_after=2026-09-30 22:00:00+00:00
[2026-09-30T07:10:07.365+0000] {processor.py:183} INFO - Processing /opt/airflow/dags/dag_market_eod.py took 0.366 seconds
[2026-09-30T07:10:37.467+0000] {processor.py:161} INFO - Started process (PID=2778) to work on /opt/airflow/dags/dag_market_eod.py
[2026-09-30T07:10:37.469+0000] {processor.py:830} INFO - Processing file /opt/airflow/dags/dag_market_eod.py for tasks to queue
[2026-09-30T07:10:37.470+0000] {logging_mixin.py:188} INFO - [2026-09-30T07:10:37.470+0000] {dagbag.py:545} INFO - Filling up the DagBag from /opt/airflow/dags/dag_market_eod.py
[2026-09-30T07:10:37.794+0000] {processor.py:840} INFO - DAG(s) 'dag_market_eod' retrieved from /opt/airflow/dags/dag_market_eod.py
[2026-09-30T07:10:37.813+0000] {logging_mixin.py:188} INFO - [2026-09-30T07:10:37.813+0000] {dag.py:3089} INFO - Sync 1 DAGs
[2026-09-30T07:10:37.825+0000] {logging_mixin.py:188} INFO - [2026-09-30T07:10:37.825+0000] {dag.py:3947} INFO - Setting next_dagrun for dag_market_eod to 2026-09-29 22:00:00+00:00, run_after=2026-09-30 22:00:00+00:00
[2026-09-30T07:10:37.837+0000] {processor.py:183} INFO - Processing /opt/airflow/dags/dag_market_eod.py took 0.374 seconds
[2026-09-30T07:11:07.939+0000] {processor.py:161} INFO - Started process (PID=2784) to work on /opt/airflow/dags/dag_market_eod.py
[2026-09-30T07:11:07.940+0000] {processor.py:830} INFO - Processing file /opt/airflow/dags/dag_market_eod.py for tasks to queue
[2026-09-30T07:11:07.941+0000] {logging_mixin.py:188} INFO - [2026-09-30T07:11:07.940+0000] {dagbag.py:545} INFO - Filling up the DagBag from /opt/airflow/dags/dag_market_eod.py
[2026-09-30T07:11:08.169+0000] {processor.py:840} INFO - DAG(s) 'dag_market_eod' retrieved from /opt/airflow/dags/dag_market_eod.py
[2026-09-30T07:11:08.298+0000] {logging_mixin.py:188} INFO - [2026-09-30T07:11:08.298+0000] {dag.py:3089} INFO - Sync 1 DAGs
[2026-09-30T07:11:08.311+0000] {logging_mixin.py:188} INFO - [2026-09-30T07:11:08.310+0000] {dag.py:3947} INFO - Setting next_dagrun for dag_market_eod to 2026-09-29 22:00:00+00:00, run_after=2026-09-30 22:00:00+00:00
[2026-09-30T07:11:08.320+0000] {processor.py:183} INFO - Processing /opt/airflow/dags/dag_market_eod.py took 0.386 seconds
[2026-09-30T07:11:38.414+0000] {processor.py:161} INFO - Started process (PID=2790) to work on /opt/airflow/dags/dag_market_eod.py
[2026-09-30T07:11:38.415+0000] {processor.py:830} INFO - Processing file /opt/airflow/dags/dag_market_eod.py for tasks to queue
[2026-09-30T07:11:38.416+0000] {logging_mixin.py:188} INFO - [2026-09-30T07:11:38.416+0000] {dagbag.py:545} INFO - Filling up the DagBag from /opt/airflow/dags/dag_market_eod.py
[2026-09-30T07:11:38.743+0000] {processor.py:840} INFO - DAG(s) 'dag_market_eod' retrieved from /opt/airflow/dags/dag_market_eod.py
[2026-09-30T07:11:38.758+0000] {logging_mixin.py:188} INFO - [2026-09-30T07:11:38.757+0000] {dag.py:3089} INFO - Sync 1 DAGs
[2026-09-30T07:11:38.769+0000] {logging_mixin.py:188} INFO - [2026-09-30T07:11:38.769+0000] {dag.py:3947} INFO - Setting next_dagrun for dag_market_eod to 2026-09-29 22:00:00+00:00, run_after=2026-09-30 22:00:00+00:00
[2026-09-30T07:11:38.779+0000] {processor.py:183} INFO - Processing /opt/airflow/dags/dag_market_eod.py took 0.369 seconds
[2026-09-30T07:12:08.880+0000] {processor.py:161} INFO - Started process (PID=2796) to work on /opt/airflow/dags/dag_market_eod.py
[2026-09-30T07:12:08.881+0000] {processor.py:830} INFO - Processing file /opt/airflow/dags/dag_market_eod.py for tasks to queue
[2026-09-30T07:12:08.882+0000] {logging_mixin.py:188} INFO - [2026-09-30T07:12:08.881+0000] {dagbag.py:545} INFO - Filling up the DagBag from /opt/airflow/dags/dag_market_eod.py
[2026-09-30T07:12:09.203+0000] {processor.py:840} INFO - DAG(s) 'dag_market_eod' retrieved from /opt/airflow/dags/dag_market_eod.py
[2026-09-30T07:12:09.219+0000] {logging_mixin.py:188} INFO - [2026-09-30T07:12:09.218+0000] {dag.py:3089} INFO - Sync 1 DAGs
[2026-09-30T07:12:09.230+0000] {logging_mixin.py:188} INFO - [2026-09-30T07:12:09.229+0000] {dag.py:3947} INFO - Setting next_dagrun for dag_market_eod to 2026-09-29 22:00:00+00:00, run_after=2026-09-30 22:00:00+00:00
[2026-09-30T07:12:09.240+0000] {processor.py:183} INFO - Processing /opt/airflow/dags/dag_market_eod.py took 0.363 seconds
[2026-09-30T07:12:39.350+0000] {processor.py:161} INFO - Started process (PID=2802) to work on /opt/airflow/dags/dag_market_eod.py
[2026-09-30T07:12:39.352+0000] {processor.py:830} INFO - Processing file /opt/airflow/dags/dag_market_eod.py for tasks to queue
[2026-09-30T07:12:39.353+0000] {logging_mixin.py:188} INFO - [2026-09-30T07:12:39.353+0000] {dagbag.py:545} INFO - Filling up the DagBag from /opt/airflow/dags/dag_market_eod.py
[2026-09-30T07:12:39.672+0000] {processor.py:840} INFO - DAG(s) 'dag_market_eod' retrieved from /opt/airflow/dags/dag_market_eod.py
[2026-09-30T07:12:39.691+0000] {logging_mixin.py:188} INFO - [2026-09-30T07:12:39.691+0000] {dag.py:3089} INFO - Sync 1 DAGs
[2026-09-30T07:12:39.703+0000] {logging_mixin.py:188} INFO - [2026-09-30T07:12:39.703+0000] {dag.py:3947} INFO - Setting next_dagrun for dag_market_eod to 2026-09-29 22:00:00+00:00, run_after=2026-09-30 22:00:00+00:00
[2026-09-30T07:12:39.713+0000] {processor.py:183} INFO - Processing /opt/airflow/dags/dag_market_eod.py took 0.367 seconds
[2026-09-30T07:13:09.813+0000] {processor.py:161} INFO - Started process (PID=2808) to work on /opt/airflow/dags/dag_market_eod.py
[2026-09-30T07:13:09.814+0000] {processor.py:830} INFO - Processing file /opt/airflow/dags/dag_market_eod.py for tasks to queue
[2026-09-30T07:13:09.815+0000] {logging_mixin.py:188} INFO - [2026-09-30T07:13:09.815+0000] {dagbag.py:545} INFO - Filling up the DagBag from /opt/airflow/dags/dag_market_eod.py
[2026-09-30T07:13:10.146+0000] {processor.py:840} INFO - DAG(s) 'dag_market_eod' retrieved from /opt/airflow/dags/dag_market_eod.py
[2026-09-30T07:13:10.161+0000] {logging_mixin.py:188} INFO - [2026-09-30T07:13:10.161+0000] {dag.py:3089} INFO - Sync 1 DAGs
[2026-09-30T07:13:10.173+0000] {logging_mixin.py:188} INFO - [2026-09-30T07:13:10.173+0000] {dag.py:3947} INFO - Setting next_dagrun for dag_market_eod to 2026-09-29 22:00:00+00:00, run_after=2026-09-30 22:00:00+00:00
[2026-09-30T07:13:10.387+0000] {processor.py:183} INFO - Processing /opt/airflow/dags/dag_market_eod.py took 0.578 seconds
[2026-09-30T07:13:40.494+0000] {processor.py:161} INFO - Started process (PID=2814) to work on /opt/airflow/dags/dag_market_eod.py
[2026-09-30T07:13:40.495+0000] {processor.py:830} INFO - Processing file /opt/airflow/dags/dag_market_eod.py for tasks to queue
[2026-09-30T07:13:40.496+0000] {logging_mixin.py:188} INFO - [2026-09-30T07:13:40.495+0000] {dagbag.py:545} INFO - Filling up the DagBag from /opt/airflow/dags/dag_market_eod.py
[2026-09-30T07:13:40.818+0000] {processor.py:840} INFO - DAG(s) 'dag_market_eod' retrieved from /opt/airflow/dags/dag_market_eod.py
[2026-09-30T07:13:40.838+0000] {logging_mixin.py:188} INFO - [2026-09-30T07:13:40.837+0000] {dag.py:3089} INFO - Sync 1 DAGs
[2026-09-30T07:13:40.850+0000] {logging_mixin.py:188} INFO - [2026-09-30T07:13:40.850+0000] {dag.py:3947} INFO - Setting next_dagrun for dag_market_eod to 2026-09-29 22:00:00+00:00, run_after=2026-09-30 22:00:00+00:00
[2026-09-30T07:13:40.860+0000] {processor.py:183} INFO - Processing /opt/airflow/dags/dag_market_eod.py took 0.370 seconds
[2026-09-30T07:14:10.965+0000] {processor.py:161} INFO - Started process (PID=2820) to work on /opt/airflow/dags/dag_market_eod.py
[2026-09-30T07:14:10.966+0000] {processor.py:830} INFO - Processing file /opt/airflow/dags/dag_market_eod.py for tasks to queue
[2026-09-30T07:14:10.967+0000] {logging_mixin.py:188} INFO - [2026-09-30T07:14:10.966+0000] {dagbag.py:545} INFO - Filling up the DagBag from /opt/airflow/dags/dag_market_eod.py
[2026-09-30T07:14:11.194+0000] {processor.py:840} INFO - DAG(s) 'dag_market_eod' retrieved from /opt/airflow/dags/dag_market_eod.py
[2026-09-30T07:14:11.307+0000] {logging_mixin.py:188} INFO - [2026-09-30T07:14:11.306+0000] {dag.py:3089} INFO - Sync 1 DAGs
[2026-09-30T07:14:11.319+0000] {logging_mixin.py:188} INFO - [2026-09-30T07:14:11.319+0000] {dag.py:3947} INFO - Setting next_dagrun for dag_market_eod to 2026-09-29 22:00:00+00:00, run_after=2026-09-30 22:00:00+00:00
[2026-09-30T07:14:11.331+0000] {processor.py:183} INFO - Processing /opt/airflow/dags/dag_market_eod.py took 0.370 seconds
[2026-09-30T07:14:41.434+0000] {processor.py:161} INFO - Started process (PID=2826) to work on /opt/airflow/dags/dag_market_eod.py
[2026-09-30T07:14:41.436+0000] {processor.py:830} INFO - Processing file /opt/airflow/dags/dag_market_eod.py for tasks to queue
[2026-09-30T07:14:41.436+0000] {logging_mixin.py:188} INFO - [2026-09-30T07:14:41.436+0000] {dagbag.py:545} INFO - Filling up the DagBag from /opt/airflow/dags/dag_market_eod.py
[2026-09-30T07:14:41.764+0000] {processor.py:840} INFO - DAG(s) 'dag_market_eod' retrieved from /opt/airflow/dags/dag_market_eod.py
[2026-09-30T07:14:41.780+0000] {logging_mixin.py:188} INFO - [2026-09-30T07:14:41.780+0000] {dag.py:3089} INFO - Sync 1 DAGs
[2026-09-30T07:14:41.792+0000] {logging_mixin.py:188} INFO - [2026-09-30T07:14:41.792+0000] {dag.py:3947} INFO - Setting next_dagrun for dag_market_eod to 2026-09-29 22:00:00+00:00, run_after=2026-09-30 22:00:00+00:00
[2026-09-30T07:14:41.803+0000] {processor.py:183} INFO - Processing /opt/airflow/dags/dag_market_eod.py took 0.372 seconds
[2026-09-30T07:15:11.906+0000] {processor.py:161} INFO - Started process (PID=2832) to work on /opt/airflow/dags/dag_market_eod.py
[2026-09-30T07:15:11.906+0000] {processor.py:830} INFO - Processing file /opt/airflow/dags/dag_market_eod.py for tasks to queue
[2026-09-30T07:15:11.907+0000] {logging_mixin.py:188} INFO - [2026-09-30T07:15:11.907+0000] {dagbag.py:545} INFO - Filling up the DagBag from /opt/airflow/dags/dag_market_eod.py
[2026-09-30T07:15:12.233+0000] {processor.py:840} INFO - DAG(s) 'dag_market_eod' retrieved from /opt/airflow/dags/dag_market_eod.py
[2026-09-30T07:15:12.249+0000] {logging_mixin.py:188} INFO - [2026-09-30T07:15:12.248+0000] {dag.py:3089} INFO - Sync 1 DAGs
[2026-09-30T07:15:12.261+0000] {logging_mixin.py:188} INFO - [2026-09-30T07:15:12.261+0000] {dag.py:3947} INFO - Setting next_dagrun for dag_market_eod to 2026-09-29 22:00:00+00:00, run_after=2026-09-30 22:00:00+00:00
[2026-09-30T07:15:12.271+0000] {processor.py:183} INFO - Processing /opt/airflow/dags/dag_market_eod.py took 0.370 seconds
[2026-09-30T07:15:42.378+0000] {processor.py:161} INFO - Started process (PID=2838) to work on /opt/airflow/dags/dag_market_eod.py
[2026-09-30T07:15:42.380+0000] {processor.py:830} INFO - Processing file /opt/airflow/dags/dag_market_eod.py for tasks to queue
[2026-09-30T07:15:42.380+0000] {logging_mixin.py:188} INFO - [2026-09-30T07:15:42.380+0000] {dagbag.py:545} INFO - Filling up the DagBag from /opt/airflow/dags/dag_market_eod.py
[2026-09-30T07:15:42.713+0000] {processor.py:840} INFO - DAG(s) 'dag_market_eod' retrieved from /opt/airflow/dags/dag_market_eod.py
[2026-09-30T07:15:42.727+0000] {logging_mixin.py:188} INFO - [2026-09-30T07:15:42.727+0000] {dag.py:3089} INFO - Sync 1 DAGs
[2026-09-30T07:15:42.739+0000] {logging_mixin.py:188} INFO - [2026-09-30T07:15:42.739+0000] {dag.py:3947} INFO - Setting next_dagrun for dag_market_eod to 2026-09-29 22:00:00+00:00, run_after=2026-09-30 22:00:00+00:00
[2026-09-30T07:15:42.749+0000] {processor.py:183} INFO - Processing /opt/airflow/dags/dag_market_eod.py took 0.375 seconds
[2026-09-30T07:16:12.856+0000] {processor.py:161} INFO - Started process (PID=2844) to work on /opt/airflow/dags/dag_market_eod.py
[2026-09-30T07:16:12.856+0000] {processor.py:830} INFO - Processing file /opt/airflow/dags/dag_market_eod.py for tasks to queue
[2026-09-30T07:16:12.857+0000] {logging_mixin.py:188} INFO - [2026-09-30T07:16:12.857+0000] {dagbag.py:545} INFO - Filling up the DagBag from /opt/airflow/dags/dag_market_eod.py
[2026-09-30T07:16:13.180+0000] {processor.py:840} INFO - DAG(s) 'dag_market_eod' retrieved from /opt/airflow/dags/dag_market_eod.py
[2026-09-30T07:16:13.198+0000] {logging_mixin.py:188} INFO - [2026-09-30T07:16:13.198+0000] {dag.py:3089} INFO - Sync 1 DAGs
[2026-09-30T07:16:13.215+0000] {logging_mixin.py:188} INFO - [2026-09-30T07:16:13.215+0000] {dag.py:3947} INFO - Setting next_dagrun for dag_market_eod to 2026-09-29 22:00:00+00:00, run_after=2026-09-30 22:00:00+00:00
[2026-09-30T07:16:13.228+0000] {processor.py:183} INFO - Processing /opt/airflow/dags/dag_market_eod.py took 0.377 seconds
[2026-09-30T07:16:43.334+0000] {processor.py:161} INFO - Started process (PID=2850) to work on /opt/airflow/dags/dag_market_eod.py
[2026-09-30T07:16:43.335+0000] {processor.py:830} INFO - Processing file /opt/airflow/dags/dag_market_eod.py for tasks to queue
[2026-09-30T07:16:43.336+0000] {logging_mixin.py:188} INFO - [2026-09-30T07:16:43.336+0000] {dagbag.py:545} INFO - Filling up the DagBag from /opt/airflow/dags/dag_market_eod.py
[2026-09-30T07:16:43.661+0000] {processor.py:840} INFO - DAG(s) 'dag_market_eod' retrieved from /opt/airflow/dags/dag_market_eod.py
[2026-09-30T07:16:43.683+0000] {logging_mixin.py:188} INFO - [2026-09-30T07:16:43.683+0000] {dag.py:3089} INFO - Sync 1 DAGs
[2026-09-30T07:16:43.698+0000] {logging_mixin.py:188} INFO - [2026-09-30T07:16:43.697+0000] {dag.py:3947} INFO - Setting next_dagrun for dag_market_eod to 2026-09-29 22:00:00+00:00, run_after=2026-09-30 22:00:00+00:00
[2026-09-30T07:16:43.707+0000] {processor.py:183} INFO - Processing /opt/airflow/dags/dag_market_eod.py took 0.377 seconds
[2026-09-30T07:17:13.816+0000] {processor.py:161} INFO - Started process (PID=2856) to work on /opt/airflow/dags/dag_market_eod.py
[2026-09-30T07:17:13.816+0000] {processor.py:830} INFO - Processing file /opt/airflow/dags/dag_market_eod.py for tasks to queue
[2026-09-30T07:17:13.818+0000] {logging_mixin.py:188} INFO - [2026-09-30T07:17:13.817+0000] {dagbag.py:545} INFO - Filling up the DagBag from /opt/airflow/dags/dag_market_eod.py
[2026-09-30T07:17:14.055+0000] {processor.py:840} INFO - DAG(s) 'dag_market_eod' retrieved from /opt/airflow/dags/dag_market_eod.py
[2026-09-30T07:17:14.172+0000] {logging_mixin.py:188} INFO - [2026-09-30T07:17:14.172+0000] {dag.py:3089} INFO - Sync 1 DAGs
[2026-09-30T07:17:14.184+0000] {logging_mixin.py:188} INFO - [2026-09-30T07:17:14.184+0000] {dag.py:3947} INFO - Setting next_dagrun for dag_market_eod to 2026-09-29 22:00:00+00:00, run_after=2026-09-30 22:00:00+00:00
[2026-09-30T07:17:14.195+0000] {processor.py:183} INFO - Processing /opt/airflow/dags/dag_market_eod.py took 0.383 seconds
[2026-09-30T07:17:44.300+0000] {processor.py:161} INFO - Started process (PID=2862) to work on /opt/airflow/dags/dag_market_eod.py
[2026-09-30T07:17:44.302+0000] {processor.py:830} INFO - Processing file /opt/airflow/dags/dag_market_eod.py for tasks to queue
[2026-09-30T07:17:44.303+0000] {logging_mixin.py:188} INFO - [2026-09-30T07:17:44.303+0000] {dagbag.py:545} INFO - Filling up the DagBag from /opt/airflow/dags/dag_market_eod.py
[2026-09-30T07:17:44.627+0000] {processor.py:840} INFO - DAG(s) 'dag_market_eod' retrieved from /opt/airflow/dags/dag_market_eod.py
[2026-09-30T07:17:44.646+0000] {logging_mixin.py:188} INFO - [2026-09-30T07:17:44.646+0000] {dag.py:3089} INFO - Sync 1 DAGs
[2026-09-30T07:17:44.657+0000] {logging_mixin.py:188} INFO - [2026-09-30T07:17:44.657+0000] {dag.py:3947} INFO - Setting next_dagrun for dag_market_eod to 2026-09-29 22:00:00+00:00, run_after=2026-09-30 22:00:00+00:00
[2026-09-30T07:17:44.669+0000] {processor.py:183} INFO - Processing /opt/airflow/dags/dag_market_eod.py took 0.373 seconds
[2026-09-30T07:18:14.772+0000] {processor.py:161} INFO - Started process (PID=2868) to work on /opt/airflow/dags/dag_market_eod.py
[2026-09-30T07:18:14.772+0000] {processor.py:830} INFO - Processing file /opt/airflow/dags/dag_market_eod.py for tasks to queue
[2026-09-30T07:18:14.773+0000] {logging_mixin.py:188} INFO - [2026-09-30T07:18:14.773+0000] {dagbag.py:545} INFO - Filling up the DagBag from /opt/airflow/dags/dag_market_eod.py
[2026-09-30T07:18:15.097+0000] {processor.py:840} INFO - DAG(s) 'dag_market_eod' retrieved from /opt/airflow/dags/dag_market_eod.py
[2026-09-30T07:18:15.112+0000] {logging_mixin.py:188} INFO - [2026-09-30T07:18:15.112+0000] {dag.py:3089} INFO - Sync 1 DAGs
[2026-09-30T07:18:15.124+0000] {logging_mixin.py:188} INFO - [2026-09-30T07:18:15.124+0000] {dag.py:3947} INFO - Setting next_dagrun for dag_market_eod to 2026-09-29 22:00:00+00:00, run_after=2026-09-30 22:00:00+00:00
[2026-09-30T07:18:15.135+0000] {processor.py:183} INFO - Processing /opt/airflow/dags/dag_market_eod.py took 0.366 seconds
[2026-09-30T07:18:45.239+0000] {processor.py:161} INFO - Started process (PID=2874) to work on /opt/airflow/dags/dag_market_eod.py
[2026-09-30T07:18:45.241+0000] {processor.py:830} INFO - Processing file /opt/airflow/dags/dag_market_eod.py for tasks to queue
[2026-09-30T07:18:45.242+0000] {logging_mixin.py:188} INFO - [2026-09-30T07:18:45.242+0000] {dagbag.py:545} INFO - Filling up the DagBag from /opt/airflow/dags/dag_market_eod.py
[2026-09-30T07:18:45.568+0000] {processor.py:840} INFO - DAG(s) 'dag_market_eod' retrieved from /opt/airflow/dags/dag_market_eod.py
[2026-09-30T07:18:45.583+0000] {logging_mixin.py:188} INFO - [2026-09-30T07:18:45.583+0000] {dag.py:3089} INFO - Sync 1 DAGs
[2026-09-30T07:18:45.595+0000] {logging_mixin.py:188} INFO - [2026-09-30T07:18:45.595+0000] {dag.py:3947} INFO - Setting next_dagrun for dag_market_eod to 2026-09-29 22:00:00+00:00, run_after=2026-09-30 22:00:00+00:00
[2026-09-30T07:18:45.608+0000] {processor.py:183} INFO - Processing /opt/airflow/dags/dag_market_eod.py took 0.372 seconds
[2026-09-30T07:19:15.710+0000] {processor.py:161} INFO - Started process (PID=2880) to work on /opt/airflow/dags/dag_market_eod.py
[2026-09-30T07:19:15.711+0000] {processor.py:830} INFO - Processing file /opt/airflow/dags/dag_market_eod.py for tasks to queue
[2026-09-30T07:19:15.712+0000] {logging_mixin.py:188} INFO - [2026-09-30T07:19:15.712+0000] {dagbag.py:545} INFO - Filling up the DagBag from /opt/airflow/dags/dag_market_eod.py
[2026-09-30T07:19:16.038+0000] {processor.py:840} INFO - DAG(s) 'dag_market_eod' retrieved from /opt/airflow/dags/dag_market_eod.py
[2026-09-30T07:19:16.056+0000] {logging_mixin.py:188} INFO - [2026-09-30T07:19:16.056+0000] {dag.py:3089} INFO - Sync 1 DAGs
[2026-09-30T07:19:16.068+0000] {logging_mixin.py:188} INFO - [2026-09-30T07:19:16.068+0000] {dag.py:3947} INFO - Setting next_dagrun for dag_market_eod to 2026-09-29 22:00:00+00:00, run_after=2026-09-30 22:00:00+00:00
[2026-09-30T07:19:16.078+0000] {processor.py:183} INFO - Processing /opt/airflow/dags/dag_market_eod.py took 0.373 seconds
[2026-09-30T07:19:46.180+0000] {processor.py:161} INFO - Started process (PID=2886) to work on /opt/airflow/dags/dag_market_eod.py
[2026-09-30T07:19:46.182+0000] {processor.py:830} INFO - Processing file /opt/airflow/dags/dag_market_eod.py for tasks to queue
[2026-09-30T07:19:46.183+0000] {logging_mixin.py:188} INFO - [2026-09-30T07:19:46.183+0000] {dagbag.py:545} INFO - Filling up the DagBag from /opt/airflow/dags/dag_market_eod.py
[2026-09-30T07:19:46.505+0000] {processor.py:840} INFO - DAG(s) 'dag_market_eod' retrieved from /opt/airflow/dags/dag_market_eod.py
[2026-09-30T07:19:46.523+0000] {logging_mixin.py:188} INFO - [2026-09-30T07:19:46.523+0000] {dag.py:3089} INFO - Sync 1 DAGs
[2026-09-30T07:19:46.534+0000] {logging_mixin.py:188} INFO - [2026-09-30T07:19:46.534+0000] {dag.py:3947} INFO - Setting next_dagrun for dag_market_eod to 2026-09-29 22:00:00+00:00, run_after=2026-09-30 22:00:00+00:00
[2026-09-30T07:19:46.545+0000] {processor.py:183} INFO - Processing /opt/airflow/dags/dag_market_eod.py took 0.368 seconds
[2026-09-30T07:20:16.639+0000] {processor.py:161} INFO - Started process (PID=2892) to work on /opt/airflow/dags/dag_market_eod.py
[2026-09-30T07:20:16.639+0000] {processor.py:830} INFO - Processing file /opt/airflow/dags/dag_market_eod.py for tasks to queue
[2026-09-30T07:20:16.640+0000] {logging_mixin.py:188} INFO - [2026-09-30T07:20:16.640+0000] {dagbag.py:545} INFO - Filling up the DagBag from /opt/airflow/dags/dag_market_eod.py
[2026-09-30T07:20:16.868+0000] {processor.py:840} INFO - DAG(s) 'dag_market_eod' retrieved from /opt/airflow/dags/dag_market_eod.py
[2026-09-30T07:20:16.992+0000] {logging_mixin.py:188} INFO - [2026-09-30T07:20:16.991+0000] {dag.py:3089} INFO - Sync 1 DAGs
[2026-09-30T07:20:17.011+0000] {logging_mixin.py:188} INFO - [2026-09-30T07:20:17.011+0000] {dag.py:3947} INFO - Setting next_dagrun for dag_market_eod to 2026-09-29 22:00:00+00:00, run_after=2026-09-30 22:00:00+00:00
[2026-09-30T07:20:17.025+0000] {processor.py:183} INFO - Processing /opt/airflow/dags/dag_market_eod.py took 0.390 seconds
[2026-09-30T07:20:47.133+0000] {processor.py:161} INFO - Started process (PID=2898) to work on /opt/airflow/dags/dag_market_eod.py
[2026-09-30T07:20:47.135+0000] {processor.py:830} INFO - Processing file /opt/airflow/dags/dag_market_eod.py for tasks to queue
[2026-09-30T07:20:47.136+0000] {logging_mixin.py:188} INFO - [2026-09-30T07:20:47.136+0000] {dagbag.py:545} INFO - Filling up the DagBag from /opt/airflow/dags/dag_market_eod.py
[2026-09-30T07:20:47.457+0000] {processor.py:840} INFO - DAG(s) 'dag_market_eod' retrieved from /opt/airflow/dags/dag_market_eod.py
[2026-09-30T07:20:47.471+0000] {logging_mixin.py:188} INFO - [2026-09-30T07:20:47.471+0000] {dag.py:3089} INFO - Sync 1 DAGs
[2026-09-30T07:20:47.482+0000] {logging_mixin.py:188} INFO - [2026-09-30T07:20:47.482+0000] {dag.py:3947} INFO - Setting next_dagrun for dag_market_eod to 2026-09-29 22:00:00+00:00, run_after=2026-09-30 22:00:00+00:00
[2026-09-30T07:20:47.492+0000] {processor.py:183} INFO - Processing /opt/airflow/dags/dag_market_eod.py took 0.362 seconds
[2026-09-30T07:21:17.595+0000] {processor.py:161} INFO - Started process (PID=2904) to work on /opt/airflow/dags/dag_market_eod.py
[2026-09-30T07:21:17.595+0000] {processor.py:830} INFO - Processing file /opt/airflow/dags/dag_market_eod.py for tasks to queue
[2026-09-30T07:21:17.596+0000] {logging_mixin.py:188} INFO - [2026-09-30T07:21:17.596+0000] {dagbag.py:545} INFO - Filling up the DagBag from /opt/airflow/dags/dag_market_eod.py
[2026-09-30T07:21:17.920+0000] {processor.py:840} INFO - DAG(s) 'dag_market_eod' retrieved from /opt/airflow/dags/dag_market_eod.py
[2026-09-30T07:21:17.938+0000] {logging_mixin.py:188} INFO - [2026-09-30T07:21:17.937+0000] {dag.py:3089} INFO - Sync 1 DAGs
[2026-09-30T07:21:17.949+0000] {logging_mixin.py:188} INFO - [2026-09-30T07:21:17.949+0000] {dag.py:3947} INFO - Setting next_dagrun for dag_market_eod to 2026-09-29 22:00:00+00:00, run_after=2026-09-30 22:00:00+00:00
[2026-09-30T07:21:17.960+0000] {processor.py:183} INFO - Processing /opt/airflow/dags/dag_market_eod.py took 0.369 seconds
[2026-09-30T07:21:48.062+0000] {processor.py:161} INFO - Started process (PID=2910) to work on /opt/airflow/dags/dag_market_eod.py
[2026-09-30T07:21:48.065+0000] {processor.py:830} INFO - Processing file /opt/airflow/dags/dag_market_eod.py for tasks to queue
[2026-09-30T07:21:48.066+0000] {logging_mixin.py:188} INFO - [2026-09-30T07:21:48.066+0000] {dagbag.py:545} INFO - Filling up the DagBag from /opt/airflow/dags/dag_market_eod.py
[2026-09-30T07:21:48.390+0000] {processor.py:840} INFO - DAG(s) 'dag_market_eod' retrieved from /opt/airflow/dags/dag_market_eod.py
[2026-09-30T07:21:48.409+0000] {logging_mixin.py:188} INFO - [2026-09-30T07:21:48.409+0000] {dag.py:3089} INFO - Sync 1 DAGs
[2026-09-30T07:21:48.421+0000] {logging_mixin.py:188} INFO - [2026-09-30T07:21:48.421+0000] {dag.py:3947} INFO - Setting next_dagrun for dag_market_eod to 2026-09-29 22:00:00+00:00, run_after=2026-09-30 22:00:00+00:00
[2026-09-30T07:21:48.432+0000] {processor.py:183} INFO - Processing /opt/airflow/dags/dag_market_eod.py took 0.374 seconds
[2026-09-30T07:22:18.535+0000] {processor.py:161} INFO - Started process (PID=2916) to work on /opt/airflow/dags/dag_market_eod.py
[2026-09-30T07:22:18.535+0000] {processor.py:830} INFO - Processing file /opt/airflow/dags/dag_market_eod.py for tasks to queue
[2026-09-30T07:22:18.536+0000] {logging_mixin.py:188} INFO - [2026-09-30T07:22:18.536+0000] {dagbag.py:545} INFO - Filling up the DagBag from /opt/airflow/dags/dag_market_eod.py
[2026-09-30T07:22:18.865+0000] {processor.py:840} INFO - DAG(s) 'dag_market_eod' retrieved from /opt/airflow/dags/dag_market_eod.py
[2026-09-30T07:22:18.883+0000] {logging_mixin.py:188} INFO - [2026-09-30T07:22:18.882+0000] {dag.py:3089} INFO - Sync 1 DAGs
[2026-09-30T07:22:18.895+0000] {logging_mixin.py:188} INFO - [2026-09-30T07:22:18.895+0000] {dag.py:3947} INFO - Setting next_dagrun for dag_market_eod to 2026-09-29 22:00:00+00:00, run_after=2026-09-30 22:00:00+00:00
[2026-09-30T07:22:18.905+0000] {processor.py:183} INFO - Processing /opt/airflow/dags/dag_market_eod.py took 0.375 seconds
[2026-09-30T07:22:49.009+0000] {processor.py:161} INFO - Started process (PID=2922) to work on /opt/airflow/dags/dag_market_eod.py
[2026-09-30T07:22:49.010+0000] {processor.py:830} INFO - Processing file /opt/airflow/dags/dag_market_eod.py for tasks to queue
[2026-09-30T07:22:49.011+0000] {logging_mixin.py:188} INFO - [2026-09-30T07:22:49.011+0000] {dagbag.py:545} INFO - Filling up the DagBag from /opt/airflow/dags/dag_market_eod.py
[2026-09-30T07:22:49.343+0000] {processor.py:840} INFO - DAG(s) 'dag_market_eod' retrieved from /opt/airflow/dags/dag_market_eod.py
[2026-09-30T07:22:49.362+0000] {logging_mixin.py:188} INFO - [2026-09-30T07:22:49.361+0000] {dag.py:3089} INFO - Sync 1 DAGs
[2026-09-30T07:22:49.373+0000] {logging_mixin.py:188} INFO - [2026-09-30T07:22:49.373+0000] {dag.py:3947} INFO - Setting next_dagrun for dag_market_eod to 2026-09-29 22:00:00+00:00, run_after=2026-09-30 22:00:00+00:00
[2026-09-30T07:22:49.383+0000] {processor.py:183} INFO - Processing /opt/airflow/dags/dag_market_eod.py took 0.378 seconds
[2026-09-30T07:23:19.499+0000] {processor.py:161} INFO - Started process (PID=2928) to work on /opt/airflow/dags/dag_market_eod.py
[2026-09-30T07:23:19.499+0000] {processor.py:830} INFO - Processing file /opt/airflow/dags/dag_market_eod.py for tasks to queue
[2026-09-30T07:23:19.500+0000] {logging_mixin.py:188} INFO - [2026-09-30T07:23:19.500+0000] {dagbag.py:545} INFO - Filling up the DagBag from /opt/airflow/dags/dag_market_eod.py
[2026-09-30T07:23:19.734+0000] {processor.py:840} INFO - DAG(s) 'dag_market_eod' retrieved from /opt/airflow/dags/dag_market_eod.py
[2026-09-30T07:23:19.844+0000] {logging_mixin.py:188} INFO - [2026-09-30T07:23:19.844+0000] {dag.py:3089} INFO - Sync 1 DAGs
[2026-09-30T07:23:19.856+0000] {logging_mixin.py:188} INFO - [2026-09-30T07:23:19.856+0000] {dag.py:3947} INFO - Setting next_dagrun for dag_market_eod to 2026-09-29 22:00:00+00:00, run_after=2026-09-30 22:00:00+00:00
[2026-09-30T07:23:19.867+0000] {processor.py:183} INFO - Processing /opt/airflow/dags/dag_market_eod.py took 0.373 seconds
[2026-09-30T07:23:49.971+0000] {processor.py:161} INFO - Started process (PID=2934) to work on /opt/airflow/dags/dag_market_eod.py
[2026-09-30T07:23:49.973+0000] {processor.py:830} INFO - Processing file /opt/airflow/dags/dag_market_eod.py for tasks to queue
[2026-09-30T07:23:49.974+0000] {logging_mixin.py:188} INFO - [2026-09-30T07:23:49.974+0000] {dagbag.py:545} INFO - Filling up the DagBag from /opt/airflow/dags/dag_market_eod.py
[2026-09-30T07:23:50.296+0000] {processor.py:840} INFO - DAG(s) 'dag_market_eod' retrieved from /opt/airflow/dags/dag_market_eod.py
[2026-09-30T07:23:50.313+0000] {logging_mixin.py:188} INFO - [2026-09-30T07:23:50.312+0000] {dag.py:3089} INFO - Sync 1 DAGs
[2026-09-30T07:23:50.323+0000] {logging_mixin.py:188} INFO - [2026-09-30T07:23:50.323+0000] {dag.py:3947} INFO - Setting next_dagrun for dag_market_eod to 2026-09-29 22:00:00+00:00, run_after=2026-09-30 22:00:00+00:00
[2026-09-30T07:23:50.333+0000] {processor.py:183} INFO - Processing /opt/airflow/dags/dag_market_eod.py took 0.366 seconds
[2026-09-30T07:24:20.434+0000] {processor.py:161} INFO - Started process (PID=2940) to work on /opt/airflow/dags/dag_market_eod.py
[2026-09-30T07:24:20.435+0000] {processor.py:830} INFO - Processing file /opt/airflow/dags/dag_market_eod.py for tasks to queue
[2026-09-30T07:24:20.435+0000] {logging_mixin.py:188} INFO - [2026-09-30T07:24:20.435+0000] {dagbag.py:545} INFO - Filling up the DagBag from /opt/airflow/dags/dag_market_eod.py
[2026-09-30T07:24:20.760+0000] {processor.py:840} INFO - DAG(s) 'dag_market_eod' retrieved from /opt/airflow/dags/dag_market_eod.py
[2026-09-30T07:24:20.777+0000] {logging_mixin.py:188} INFO - [2026-09-30T07:24:20.777+0000] {dag.py:3089} INFO - Sync 1 DAGs
[2026-09-30T07:24:20.788+0000] {logging_mixin.py:188} INFO - [2026-09-30T07:24:20.788+0000] {dag.py:3947} INFO - Setting next_dagrun for dag_market_eod to 2026-09-29 22:00:00+00:00, run_after=2026-09-30 22:00:00+00:00
[2026-09-30T07:24:20.800+0000] {processor.py:183} INFO - Processing /opt/airflow/dags/dag_market_eod.py took 0.370 seconds
[2026-09-30T07:24:50.902+0000] {processor.py:161} INFO - Started process (PID=2946) to work on /opt/airflow/dags/dag_market_eod.py
[2026-09-30T07:24:50.904+0000] {processor.py:830} INFO - Processing file /opt/airflow/dags/dag_market_eod.py for tasks to queue
[2026-09-30T07:24:50.905+0000] {logging_mixin.py:188} INFO - [2026-09-30T07:24:50.905+0000] {dagbag.py:545} INFO - Filling up the DagBag from /opt/airflow/dags/dag_market_eod.py
[2026-09-30T07:24:51.230+0000] {processor.py:840} INFO - DAG(s) 'dag_market_eod' retrieved from /opt/airflow/dags/dag_market_eod.py
[2026-09-30T07:24:51.251+0000] {logging_mixin.py:188} INFO - [2026-09-30T07:24:51.250+0000] {dag.py:3089} INFO - Sync 1 DAGs
[2026-09-30T07:24:51.262+0000] {logging_mixin.py:188} INFO - [2026-09-30T07:24:51.262+0000] {dag.py:3947} INFO - Setting next_dagrun for dag_market_eod to 2026-09-29 22:00:00+00:00, run_after=2026-09-30 22:00:00+00:00
[2026-09-30T07:24:51.271+0000] {processor.py:183} INFO - Processing /opt/airflow/dags/dag_market_eod.py took 0.372 seconds
[2026-09-30T07:25:21.370+0000] {processor.py:161} INFO - Started process (PID=2952) to work on /opt/airflow/dags/dag_market_eod.py
[2026-09-30T07:25:21.371+0000] {processor.py:830} INFO - Processing file /opt/airflow/dags/dag_market_eod.py for tasks to queue
[2026-09-30T07:25:21.372+0000] {logging_mixin.py:188} INFO - [2026-09-30T07:25:21.371+0000] {dagbag.py:545} INFO - Filling up the DagBag from /opt/airflow/dags/dag_market_eod.py
[2026-09-30T07:25:21.698+0000] {processor.py:840} INFO - DAG(s) 'dag_market_eod' retrieved from /opt/airflow/dags/dag_market_eod.py
[2026-09-30T07:25:21.714+0000] {logging_mixin.py:188} INFO - [2026-09-30T07:25:21.713+0000] {dag.py:3089} INFO - Sync 1 DAGs
[2026-09-30T07:25:21.726+0000] {logging_mixin.py:188} INFO - [2026-09-30T07:25:21.726+0000] {dag.py:3947} INFO - Setting next_dagrun for dag_market_eod to 2026-09-29 22:00:00+00:00, run_after=2026-09-30 22:00:00+00:00
[2026-09-30T07:25:21.735+0000] {processor.py:183} INFO - Processing /opt/airflow/dags/dag_market_eod.py took 0.368 seconds
[2026-09-30T07:25:51.833+0000] {processor.py:161} INFO - Started process (PID=2958) to work on /opt/airflow/dags/dag_market_eod.py
[2026-09-30T07:25:51.835+0000] {processor.py:830} INFO - Processing file /opt/airflow/dags/dag_market_eod.py for tasks to queue
[2026-09-30T07:25:51.836+0000] {logging_mixin.py:188} INFO - [2026-09-30T07:25:51.836+0000] {dagbag.py:545} INFO - Filling up the DagBag from /opt/airflow/dags/dag_market_eod.py
[2026-09-30T07:25:52.161+0000] {processor.py:840} INFO - DAG(s) 'dag_market_eod' retrieved from /opt/airflow/dags/dag_market_eod.py
[2026-09-30T07:25:52.175+0000] {logging_mixin.py:188} INFO - [2026-09-30T07:25:52.175+0000] {dag.py:3089} INFO - Sync 1 DAGs
[2026-09-30T07:25:52.186+0000] {logging_mixin.py:188} INFO - [2026-09-30T07:25:52.186+0000] {dag.py:3947} INFO - Setting next_dagrun for dag_market_eod to 2026-09-29 22:00:00+00:00, run_after=2026-09-30 22:00:00+00:00
[2026-09-30T07:25:52.196+0000] {processor.py:183} INFO - Processing /opt/airflow/dags/dag_market_eod.py took 0.368 seconds
[2026-09-30T07:26:22.308+0000] {processor.py:161} INFO - Started process (PID=2964) to work on /opt/airflow/dags/dag_market_eod.py
[2026-09-30T07:26:22.309+0000] {processor.py:830} INFO - Processing file /opt/airflow/dags/dag_market_eod.py for tasks to queue
[2026-09-30T07:26:22.310+0000] {logging_mixin.py:188} INFO - [2026-09-30T07:26:22.310+0000] {dagbag.py:545} INFO - Filling up the DagBag from /opt/airflow/dags/dag_market_eod.py
[2026-09-30T07:26:22.542+0000] {processor.py:840} INFO - DAG(s) 'dag_market_eod' retrieved from /opt/airflow/dags/dag_market_eod.py
[2026-09-30T07:26:22.653+0000] {logging_mixin.py:188} INFO - [2026-09-30T07:26:22.653+0000] {dag.py:3089} INFO - Sync 1 DAGs
[2026-09-30T07:26:22.664+0000] {logging_mixin.py:188} INFO - [2026-09-30T07:26:22.664+0000] {dag.py:3947} INFO - Setting next_dagrun for dag_market_eod to 2026-09-29 22:00:00+00:00, run_after=2026-09-30 22:00:00+00:00
[2026-09-30T07:26:22.673+0000] {processor.py:183} INFO - Processing /opt/airflow/dags/dag_market_eod.py took 0.369 seconds
[2026-09-30T07:26:52.775+0000] {processor.py:161} INFO - Started process (PID=2970) to work on /opt/airflow/dags/dag_market_eod.py
[2026-09-30T07:26:52.778+0000] {processor.py:830} INFO - Processing file /opt/airflow/dags/dag_market_eod.py for tasks to queue
[2026-09-30T07:26:52.779+0000] {logging_mixin.py:188} INFO - [2026-09-30T07:26:52.779+0000] {dagbag.py:545} INFO - Filling up the DagBag from /opt/airflow/dags/dag_market_eod.py
[2026-09-30T07:26:53.102+0000] {processor.py:840} INFO - DAG(s) 'dag_market_eod' retrieved from /opt/airflow/dags/dag_market_eod.py
[2026-09-30T07:26:53.116+0000] {logging_mixin.py:188} INFO - [2026-09-30T07:26:53.116+0000] {dag.py:3089} INFO - Sync 1 DAGs
[2026-09-30T07:26:53.127+0000] {logging_mixin.py:188} INFO - [2026-09-30T07:26:53.127+0000] {dag.py:3947} INFO - Setting next_dagrun for dag_market_eod to 2026-09-29 22:00:00+00:00, run_after=2026-09-30 22:00:00+00:00
[2026-09-30T07:26:53.136+0000] {processor.py:183} INFO - Processing /opt/airflow/dags/dag_market_eod.py took 0.365 seconds
[2026-09-30T07:27:23.242+0000] {processor.py:161} INFO - Started process (PID=2976) to work on /opt/airflow/dags/dag_market_eod.py
[2026-09-30T07:27:23.243+0000] {processor.py:830} INFO - Processing file /opt/airflow/dags/dag_market_eod.py for tasks to queue
[2026-09-30T07:27:23.244+0000] {logging_mixin.py:188} INFO - [2026-09-30T07:27:23.243+0000] {dagbag.py:545} INFO - Filling up the DagBag from /opt/airflow/dags/dag_market_eod.py
[2026-09-30T07:27:23.569+0000] {processor.py:840} INFO - DAG(s) 'dag_market_eod' retrieved from /opt/airflow/dags/dag_market_eod.py
[2026-09-30T07:27:23.584+0000] {logging_mixin.py:188} INFO - [2026-09-30T07:27:23.584+0000] {dag.py:3089} INFO - Sync 1 DAGs
[2026-09-30T07:27:23.595+0000] {logging_mixin.py:188} INFO - [2026-09-30T07:27:23.595+0000] {dag.py:3947} INFO - Setting next_dagrun for dag_market_eod to 2026-09-29 22:00:00+00:00, run_after=2026-09-30 22:00:00+00:00
[2026-09-30T07:27:23.606+0000] {processor.py:183} INFO - Processing /opt/airflow/dags/dag_market_eod.py took 0.368 seconds
[2026-09-30T07:27:53.704+0000] {processor.py:161} INFO - Started process (PID=2982) to work on /opt/airflow/dags/dag_market_eod.py
[2026-09-30T07:27:53.706+0000] {processor.py:830} INFO - Processing file /opt/airflow/dags/dag_market_eod.py for tasks to queue
[2026-09-30T07:27:53.707+0000] {logging_mixin.py:188} INFO - [2026-09-30T07:27:53.707+0000] {dagbag.py:545} INFO - Filling up the DagBag from /opt/airflow/dags/dag_market_eod.py
[2026-09-30T07:27:54.032+0000] {processor.py:840} INFO - DAG(s) 'dag_market_eod' retrieved from /opt/airflow/dags/dag_market_eod.py
[2026-09-30T07:27:54.047+0000] {logging_mixin.py:188} INFO - [2026-09-30T07:27:54.046+0000] {dag.py:3089} INFO - Sync 1 DAGs
[2026-09-30T07:27:54.059+0000] {logging_mixin.py:188} INFO - [2026-09-30T07:27:54.059+0000] {dag.py:3947} INFO - Setting next_dagrun for dag_market_eod to 2026-09-29 22:00:00+00:00, run_after=2026-09-30 22:00:00+00:00
[2026-09-30T07:27:54.070+0000] {processor.py:183} INFO - Processing /opt/airflow/dags/dag_market_eod.py took 0.370 seconds
[2026-09-30T07:28:24.183+0000] {processor.py:161} INFO - Started process (PID=2988) to work on /opt/airflow/dags/dag_market_eod.py
[2026-09-30T07:28:24.183+0000] {processor.py:830} INFO - Processing file /opt/airflow/dags/dag_market_eod.py for tasks to queue
[2026-09-30T07:28:24.184+0000] {logging_mixin.py:188} INFO - [2026-09-30T07:28:24.184+0000] {dagbag.py:545} INFO - Filling up the DagBag from /opt/airflow/dags/dag_market_eod.py
[2026-09-30T07:28:24.512+0000] {processor.py:840} INFO - DAG(s) 'dag_market_eod' retrieved from /opt/airflow/dags/dag_market_eod.py
[2026-09-30T07:28:24.528+0000] {logging_mixin.py:188} INFO - [2026-09-30T07:28:24.528+0000] {dag.py:3089} INFO - Sync 1 DAGs
[2026-09-30T07:28:24.540+0000] {logging_mixin.py:188} INFO - [2026-09-30T07:28:24.540+0000] {dag.py:3947} INFO - Setting next_dagrun for dag_market_eod to 2026-09-29 22:00:00+00:00, run_after=2026-09-30 22:00:00+00:00
[2026-09-30T07:28:24.552+0000] {processor.py:183} INFO - Processing /opt/airflow/dags/dag_market_eod.py took 0.373 seconds
[2026-09-30T07:28:54.648+0000] {processor.py:161} INFO - Started process (PID=2994) to work on /opt/airflow/dags/dag_market_eod.py
[2026-09-30T07:28:54.650+0000] {processor.py:830} INFO - Processing file /opt/airflow/dags/dag_market_eod.py for tasks to queue
[2026-09-30T07:28:54.651+0000] {logging_mixin.py:188} INFO - [2026-09-30T07:28:54.651+0000] {dagbag.py:545} INFO - Filling up the DagBag from /opt/airflow/dags/dag_market_eod.py
[2026-09-30T07:28:54.879+0000] {processor.py:840} INFO - DAG(s) 'dag_market_eod' retrieved from /opt/airflow/dags/dag_market_eod.py
[2026-09-30T07:28:54.997+0000] {logging_mixin.py:188} INFO - [2026-09-30T07:28:54.997+0000] {dag.py:3089} INFO - Sync 1 DAGs
[2026-09-30T07:28:55.009+0000] {logging_mixin.py:188} INFO - [2026-09-30T07:28:55.009+0000] {dag.py:3947} INFO - Setting next_dagrun for dag_market_eod to 2026-09-29 22:00:00+00:00, run_after=2026-09-30 22:00:00+00:00
[2026-09-30T07:28:55.020+0000] {processor.py:183} INFO - Processing /opt/airflow/dags/dag_market_eod.py took 0.376 seconds
[2026-09-30T07:29:25.130+0000] {processor.py:161} INFO - Started process (PID=3000) to work on /opt/airflow/dags/dag_market_eod.py
[2026-09-30T07:29:25.131+0000] {processor.py:830} INFO - Processing file /opt/airflow/dags/dag_market_eod.py for tasks to queue
[2026-09-30T07:29:25.132+0000] {logging_mixin.py:188} INFO - [2026-09-30T07:29:25.132+0000] {dagbag.py:545} INFO - Filling up the DagBag from /opt/airflow/dags/dag_market_eod.py
[2026-09-30T07:29:25.456+0000] {processor.py:840} INFO - DAG(s) 'dag_market_eod' retrieved from /opt/airflow/dags/dag_market_eod.py
[2026-09-30T07:29:25.471+0000] {logging_mixin.py:188} INFO - [2026-09-30T07:29:25.470+0000] {dag.py:3089} INFO - Sync 1 DAGs
[2026-09-30T07:29:25.482+0000] {logging_mixin.py:188} INFO - [2026-09-30T07:29:25.482+0000] {dag.py:3947} INFO - Setting next_dagrun for dag_market_eod to 2026-09-29 22:00:00+00:00, run_after=2026-09-30 22:00:00+00:00
[2026-09-30T07:29:25.493+0000] {processor.py:183} INFO - Processing /opt/airflow/dags/dag_market_eod.py took 0.367 seconds
[2026-09-30T07:29:55.599+0000] {processor.py:161} INFO - Started process (PID=3006) to work on /opt/airflow/dags/dag_market_eod.py
[2026-09-30T07:29:55.601+0000] {processor.py:830} INFO - Processing file /opt/airflow/dags/dag_market_eod.py for tasks to queue
[2026-09-30T07:29:55.603+0000] {logging_mixin.py:188} INFO - [2026-09-30T07:29:55.602+0000] {dagbag.py:545} INFO - Filling up the DagBag from /opt/airflow/dags/dag_market_eod.py
[2026-09-30T07:29:55.932+0000] {processor.py:840} INFO - DAG(s) 'dag_market_eod' retrieved from /opt/airflow/dags/dag_market_eod.py
[2026-09-30T07:29:55.946+0000] {logging_mixin.py:188} INFO - [2026-09-30T07:29:55.946+0000] {dag.py:3089} INFO - Sync 1 DAGs
[2026-09-30T07:29:55.958+0000] {logging_mixin.py:188} INFO - [2026-09-30T07:29:55.957+0000] {dag.py:3947} INFO - Setting next_dagrun for dag_market_eod to 2026-09-29 22:00:00+00:00, run_after=2026-09-30 22:00:00+00:00
[2026-09-30T07:29:55.969+0000] {processor.py:183} INFO - Processing /opt/airflow/dags/dag_market_eod.py took 0.374 seconds
[2026-09-30T07:30:26.067+0000] {processor.py:161} INFO - Started process (PID=3012) to work on /opt/airflow/dags/dag_market_eod.py
[2026-09-30T07:30:26.067+0000] {processor.py:830} INFO - Processing file /opt/airflow/dags/dag_market_eod.py for tasks to queue
[2026-09-30T07:30:26.068+0000] {logging_mixin.py:188} INFO - [2026-09-30T07:30:26.068+0000] {dagbag.py:545} INFO - Filling up the DagBag from /opt/airflow/dags/dag_market_eod.py
[2026-09-30T07:30:26.386+0000] {processor.py:840} INFO - DAG(s) 'dag_market_eod' retrieved from /opt/airflow/dags/dag_market_eod.py
[2026-09-30T07:30:26.406+0000] {logging_mixin.py:188} INFO - [2026-09-30T07:30:26.406+0000] {dag.py:3089} INFO - Sync 1 DAGs
[2026-09-30T07:30:26.418+0000] {logging_mixin.py:188} INFO - [2026-09-30T07:30:26.417+0000] {dag.py:3947} INFO - Setting next_dagrun for dag_market_eod to 2026-09-29 22:00:00+00:00, run_after=2026-09-30 22:00:00+00:00
[2026-09-30T07:30:26.428+0000] {processor.py:183} INFO - Processing /opt/airflow/dags/dag_market_eod.py took 0.366 seconds
[2026-09-30T07:30:56.528+0000] {processor.py:161} INFO - Started process (PID=3018) to work on /opt/airflow/dags/dag_market_eod.py
[2026-09-30T07:30:56.530+0000] {processor.py:830} INFO - Processing file /opt/airflow/dags/dag_market_eod.py for tasks to queue
[2026-09-30T07:30:56.531+0000] {logging_mixin.py:188} INFO - [2026-09-30T07:30:56.531+0000] {dagbag.py:545} INFO - Filling up the DagBag from /opt/airflow/dags/dag_market_eod.py
[2026-09-30T07:30:56.852+0000] {processor.py:840} INFO - DAG(s) 'dag_market_eod' retrieved from /opt/airflow/dags/dag_market_eod.py
[2026-09-30T07:30:56.872+0000] {logging_mixin.py:188} INFO - [2026-09-30T07:30:56.872+0000] {dag.py:3089} INFO - Sync 1 DAGs
[2026-09-30T07:30:56.884+0000] {logging_mixin.py:188} INFO - [2026-09-30T07:30:56.884+0000] {dag.py:3947} INFO - Setting next_dagrun for dag_market_eod to 2026-09-29 22:00:00+00:00, run_after=2026-09-30 22:00:00+00:00
[2026-09-30T07:30:56.894+0000] {processor.py:183} INFO - Processing /opt/airflow/dags/dag_market_eod.py took 0.371 seconds
[2026-09-30T07:31:26.996+0000] {processor.py:161} INFO - Started process (PID=3024) to work on /opt/airflow/dags/dag_market_eod.py
[2026-09-30T07:31:26.996+0000] {processor.py:830} INFO - Processing file /opt/airflow/dags/dag_market_eod.py for tasks to queue
[2026-09-30T07:31:26.998+0000] {logging_mixin.py:188} INFO - [2026-09-30T07:31:26.998+0000] {dagbag.py:545} INFO - Filling up the DagBag from /opt/airflow/dags/dag_market_eod.py
[2026-09-30T07:31:27.330+0000] {processor.py:840} INFO - DAG(s) 'dag_market_eod' retrieved from /opt/airflow/dags/dag_market_eod.py
[2026-09-30T07:31:27.346+0000] {logging_mixin.py:188} INFO - [2026-09-30T07:31:27.346+0000] {dag.py:3089} INFO - Sync 1 DAGs
[2026-09-30T07:31:27.358+0000] {logging_mixin.py:188} INFO - [2026-09-30T07:31:27.358+0000] {dag.py:3947} INFO - Setting next_dagrun for dag_market_eod to 2026-09-29 22:00:00+00:00, run_after=2026-09-30 22:00:00+00:00
[2026-09-30T07:31:27.368+0000] {processor.py:183} INFO - Processing /opt/airflow/dags/dag_market_eod.py took 0.377 seconds
[2026-09-30T07:31:57.472+0000] {processor.py:161} INFO - Started process (PID=3030) to work on /opt/airflow/dags/dag_market_eod.py
[2026-09-30T07:31:57.474+0000] {processor.py:830} INFO - Processing file /opt/airflow/dags/dag_market_eod.py for tasks to queue
[2026-09-30T07:31:57.475+0000] {logging_mixin.py:188} INFO - [2026-09-30T07:31:57.475+0000] {dagbag.py:545} INFO - Filling up the DagBag from /opt/airflow/dags/dag_market_eod.py
[2026-09-30T07:31:57.705+0000] {processor.py:840} INFO - DAG(s) 'dag_market_eod' retrieved from /opt/airflow/dags/dag_market_eod.py
[2026-09-30T07:31:57.822+0000] {logging_mixin.py:188} INFO - [2026-09-30T07:31:57.821+0000] {dag.py:3089} INFO - Sync 1 DAGs
[2026-09-30T07:31:57.834+0000] {logging_mixin.py:188} INFO - [2026-09-30T07:31:57.834+0000] {dag.py:3947} INFO - Setting next_dagrun for dag_market_eod to 2026-09-29 22:00:00+00:00, run_after=2026-09-30 22:00:00+00:00
[2026-09-30T07:31:57.845+0000] {processor.py:183} INFO - Processing /opt/airflow/dags/dag_market_eod.py took 0.376 seconds
[2026-09-30T07:32:27.948+0000] {processor.py:161} INFO - Started process (PID=3036) to work on /opt/airflow/dags/dag_market_eod.py
[2026-09-30T07:32:27.948+0000] {processor.py:830} INFO - Processing file /opt/airflow/dags/dag_market_eod.py for tasks to queue
[2026-09-30T07:32:27.949+0000] {logging_mixin.py:188} INFO - [2026-09-30T07:32:27.949+0000] {dagbag.py:545} INFO - Filling up the DagBag from /opt/airflow/dags/dag_market_eod.py
[2026-09-30T07:32:28.273+0000] {processor.py:840} INFO - DAG(s) 'dag_market_eod' retrieved from /opt/airflow/dags/dag_market_eod.py
[2026-09-30T07:32:28.296+0000] {logging_mixin.py:188} INFO - [2026-09-30T07:32:28.295+0000] {dag.py:3089} INFO - Sync 1 DAGs
[2026-09-30T07:32:28.308+0000] {logging_mixin.py:188} INFO - [2026-09-30T07:32:28.308+0000] {dag.py:3947} INFO - Setting next_dagrun for dag_market_eod to 2026-09-29 22:00:00+00:00, run_after=2026-09-30 22:00:00+00:00
[2026-09-30T07:32:28.319+0000] {processor.py:183} INFO - Processing /opt/airflow/dags/dag_market_eod.py took 0.375 seconds
[2026-09-30T07:32:58.423+0000] {processor.py:161} INFO - Started process (PID=3042) to work on /opt/airflow/dags/dag_market_eod.py
[2026-09-30T07:32:58.425+0000] {processor.py:830} INFO - Processing file /opt/airflow/dags/dag_market_eod.py for tasks to queue
[2026-09-30T07:32:58.426+0000] {logging_mixin.py:188} INFO - [2026-09-30T07:32:58.426+0000] {dagbag.py:545} INFO - Filling up the DagBag from /opt/airflow/dags/dag_market_eod.py
[2026-09-30T07:32:58.750+0000] {processor.py:840} INFO - DAG(s) 'dag_market_eod' retrieved from /opt/airflow/dags/dag_market_eod.py
[2026-09-30T07:32:58.768+0000] {logging_mixin.py:188} INFO - [2026-09-30T07:32:58.768+0000] {dag.py:3089} INFO - Sync 1 DAGs
[2026-09-30T07:32:58.780+0000] {logging_mixin.py:188} INFO - [2026-09-30T07:32:58.779+0000] {dag.py:3947} INFO - Setting next_dagrun for dag_market_eod to 2026-09-29 22:00:00+00:00, run_after=2026-09-30 22:00:00+00:00
[2026-09-30T07:32:58.793+0000] {processor.py:183} INFO - Processing /opt/airflow/dags/dag_market_eod.py took 0.373 seconds
[2026-09-30T07:33:28.901+0000] {processor.py:161} INFO - Started process (PID=3048) to work on /opt/airflow/dags/dag_market_eod.py
[2026-09-30T07:33:28.902+0000] {processor.py:830} INFO - Processing file /opt/airflow/dags/dag_market_eod.py for tasks to queue
[2026-09-30T07:33:28.903+0000] {logging_mixin.py:188} INFO - [2026-09-30T07:33:28.902+0000] {dagbag.py:545} INFO - Filling up the DagBag from /opt/airflow/dags/dag_market_eod.py
[2026-09-30T07:33:29.236+0000] {processor.py:840} INFO - DAG(s) 'dag_market_eod' retrieved from /opt/airflow/dags/dag_market_eod.py
[2026-09-30T07:33:29.250+0000] {logging_mixin.py:188} INFO - [2026-09-30T07:33:29.250+0000] {dag.py:3089} INFO - Sync 1 DAGs
[2026-09-30T07:33:29.262+0000] {logging_mixin.py:188} INFO - [2026-09-30T07:33:29.261+0000] {dag.py:3947} INFO - Setting next_dagrun for dag_market_eod to 2026-09-29 22:00:00+00:00, run_after=2026-09-30 22:00:00+00:00
[2026-09-30T07:33:29.271+0000] {processor.py:183} INFO - Processing /opt/airflow/dags/dag_market_eod.py took 0.375 seconds
[2026-09-30T07:33:59.380+0000] {processor.py:161} INFO - Started process (PID=3054) to work on /opt/airflow/dags/dag_market_eod.py
[2026-09-30T07:33:59.380+0000] {processor.py:830} INFO - Processing file /opt/airflow/dags/dag_market_eod.py for tasks to queue
[2026-09-30T07:33:59.381+0000] {logging_mixin.py:188} INFO - [2026-09-30T07:33:59.381+0000] {dagbag.py:545} INFO - Filling up the DagBag from /opt/airflow/dags/dag_market_eod.py
[2026-09-30T07:33:59.706+0000] {processor.py:840} INFO - DAG(s) 'dag_market_eod' retrieved from /opt/airflow/dags/dag_market_eod.py
[2026-09-30T07:33:59.720+0000] {logging_mixin.py:188} INFO - [2026-09-30T07:33:59.720+0000] {dag.py:3089} INFO - Sync 1 DAGs
[2026-09-30T07:33:59.732+0000] {logging_mixin.py:188} INFO - [2026-09-30T07:33:59.732+0000] {dag.py:3947} INFO - Setting next_dagrun for dag_market_eod to 2026-09-29 22:00:00+00:00, run_after=2026-09-30 22:00:00+00:00
[2026-09-30T07:33:59.742+0000] {processor.py:183} INFO - Processing /opt/airflow/dags/dag_market_eod.py took 0.365 seconds
[2026-09-30T07:34:29.841+0000] {processor.py:161} INFO - Started process (PID=3060) to work on /opt/airflow/dags/dag_market_eod.py
[2026-09-30T07:34:29.843+0000] {processor.py:830} INFO - Processing file /opt/airflow/dags/dag_market_eod.py for tasks to queue
[2026-09-30T07:34:29.844+0000] {logging_mixin.py:188} INFO - [2026-09-30T07:34:29.843+0000] {dagbag.py:545} INFO - Filling up the DagBag from /opt/airflow/dags/dag_market_eod.py
[2026-09-30T07:34:30.177+0000] {processor.py:840} INFO - DAG(s) 'dag_market_eod' retrieved from /opt/airflow/dags/dag_market_eod.py
[2026-09-30T07:34:30.194+0000] {logging_mixin.py:188} INFO - [2026-09-30T07:34:30.193+0000] {dag.py:3089} INFO - Sync 1 DAGs
[2026-09-30T07:34:30.206+0000] {logging_mixin.py:188} INFO - [2026-09-30T07:34:30.205+0000] {dag.py:3947} INFO - Setting next_dagrun for dag_market_eod to 2026-09-29 22:00:00+00:00, run_after=2026-09-30 22:00:00+00:00
[2026-09-30T07:34:30.216+0000] {processor.py:183} INFO - Processing /opt/airflow/dags/dag_market_eod.py took 0.378 seconds
[2026-09-30T07:35:00.322+0000] {processor.py:161} INFO - Started process (PID=3066) to work on /opt/airflow/dags/dag_market_eod.py
[2026-09-30T07:35:00.323+0000] {processor.py:830} INFO - Processing file /opt/airflow/dags/dag_market_eod.py for tasks to queue
[2026-09-30T07:35:00.324+0000] {logging_mixin.py:188} INFO - [2026-09-30T07:35:00.324+0000] {dagbag.py:545} INFO - Filling up the DagBag from /opt/airflow/dags/dag_market_eod.py
[2026-09-30T07:35:00.555+0000] {processor.py:840} INFO - DAG(s) 'dag_market_eod' retrieved from /opt/airflow/dags/dag_market_eod.py
[2026-09-30T07:35:00.668+0000] {logging_mixin.py:188} INFO - [2026-09-30T07:35:00.668+0000] {dag.py:3089} INFO - Sync 1 DAGs
[2026-09-30T07:35:00.680+0000] {logging_mixin.py:188} INFO - [2026-09-30T07:35:00.680+0000] {dag.py:3947} INFO - Setting next_dagrun for dag_market_eod to 2026-09-29 22:00:00+00:00, run_after=2026-09-30 22:00:00+00:00
[2026-09-30T07:35:00.691+0000] {processor.py:183} INFO - Processing /opt/airflow/dags/dag_market_eod.py took 0.372 seconds
[2026-09-30T07:35:30.789+0000] {processor.py:161} INFO - Started process (PID=3072) to work on /opt/airflow/dags/dag_market_eod.py
[2026-09-30T07:35:30.791+0000] {processor.py:830} INFO - Processing file /opt/airflow/dags/dag_market_eod.py for tasks to queue
[2026-09-30T07:35:30.792+0000] {logging_mixin.py:188} INFO - [2026-09-30T07:35:30.792+0000] {dagbag.py:545} INFO - Filling up the DagBag from /opt/airflow/dags/dag_market_eod.py
[2026-09-30T07:35:31.114+0000] {processor.py:840} INFO - DAG(s) 'dag_market_eod' retrieved from /opt/airflow/dags/dag_market_eod.py
[2026-09-30T07:35:31.134+0000] {logging_mixin.py:188} INFO - [2026-09-30T07:35:31.134+0000] {dag.py:3089} INFO - Sync 1 DAGs
[2026-09-30T07:35:31.145+0000] {logging_mixin.py:188} INFO - [2026-09-30T07:35:31.145+0000] {dag.py:3947} INFO - Setting next_dagrun for dag_market_eod to 2026-09-29 22:00:00+00:00, run_after=2026-09-30 22:00:00+00:00
[2026-09-30T07:35:31.154+0000] {processor.py:183} INFO - Processing /opt/airflow/dags/dag_market_eod.py took 0.369 seconds
[2026-09-30T07:36:01.258+0000] {processor.py:161} INFO - Started process (PID=3078) to work on /opt/airflow/dags/dag_market_eod.py
[2026-09-30T07:36:01.258+0000] {processor.py:830} INFO - Processing file /opt/airflow/dags/dag_market_eod.py for tasks to queue
[2026-09-30T07:36:01.260+0000] {logging_mixin.py:188} INFO - [2026-09-30T07:36:01.260+0000] {dagbag.py:545} INFO - Filling up the DagBag from /opt/airflow/dags/dag_market_eod.py
[2026-09-30T07:36:01.585+0000] {processor.py:840} INFO - DAG(s) 'dag_market_eod' retrieved from /opt/airflow/dags/dag_market_eod.py
[2026-09-30T07:36:01.606+0000] {logging_mixin.py:188} INFO - [2026-09-30T07:36:01.605+0000] {dag.py:3089} INFO - Sync 1 DAGs
[2026-09-30T07:36:01.618+0000] {logging_mixin.py:188} INFO - [2026-09-30T07:36:01.618+0000] {dag.py:3947} INFO - Setting next_dagrun for dag_market_eod to 2026-09-29 22:00:00+00:00, run_after=2026-09-30 22:00:00+00:00
[2026-09-30T07:36:01.627+0000] {processor.py:183} INFO - Processing /opt/airflow/dags/dag_market_eod.py took 0.374 seconds
[2026-09-30T07:36:31.722+0000] {processor.py:161} INFO - Started process (PID=3084) to work on /opt/airflow/dags/dag_market_eod.py
[2026-09-30T07:36:31.723+0000] {processor.py:830} INFO - Processing file /opt/airflow/dags/dag_market_eod.py for tasks to queue
[2026-09-30T07:36:31.724+0000] {logging_mixin.py:188} INFO - [2026-09-30T07:36:31.723+0000] {dagbag.py:545} INFO - Filling up the DagBag from /opt/airflow/dags/dag_market_eod.py
[2026-09-30T07:36:32.045+0000] {processor.py:840} INFO - DAG(s) 'dag_market_eod' retrieved from /opt/airflow/dags/dag_market_eod.py
[2026-09-30T07:36:32.059+0000] {logging_mixin.py:188} INFO - [2026-09-30T07:36:32.059+0000] {dag.py:3089} INFO - Sync 1 DAGs
[2026-09-30T07:36:32.071+0000] {logging_mixin.py:188} INFO - [2026-09-30T07:36:32.071+0000] {dag.py:3947} INFO - Setting next_dagrun for dag_market_eod to 2026-09-29 22:00:00+00:00, run_after=2026-09-30 22:00:00+00:00
[2026-09-30T07:36:32.082+0000] {processor.py:183} INFO - Processing /opt/airflow/dags/dag_market_eod.py took 0.363 seconds
[2026-09-30T07:37:02.194+0000] {processor.py:161} INFO - Started process (PID=3090) to work on /opt/airflow/dags/dag_market_eod.py
[2026-09-30T07:37:02.195+0000] {processor.py:830} INFO - Processing file /opt/airflow/dags/dag_market_eod.py for tasks to queue
[2026-09-30T07:37:02.196+0000] {logging_mixin.py:188} INFO - [2026-09-30T07:37:02.196+0000] {dagbag.py:545} INFO - Filling up the DagBag from /opt/airflow/dags/dag_market_eod.py
[2026-09-30T07:37:02.529+0000] {processor.py:840} INFO - DAG(s) 'dag_market_eod' retrieved from /opt/airflow/dags/dag_market_eod.py
[2026-09-30T07:37:02.544+0000] {logging_mixin.py:188} INFO - [2026-09-30T07:37:02.543+0000] {dag.py:3089} INFO - Sync 1 DAGs
[2026-09-30T07:37:02.555+0000] {logging_mixin.py:188} INFO - [2026-09-30T07:37:02.555+0000] {dag.py:3947} INFO - Setting next_dagrun for dag_market_eod to 2026-09-29 22:00:00+00:00, run_after=2026-09-30 22:00:00+00:00
[2026-09-30T07:37:02.565+0000] {processor.py:183} INFO - Processing /opt/airflow/dags/dag_market_eod.py took 0.375 seconds
[2026-09-30T07:37:32.675+0000] {processor.py:161} INFO - Started process (PID=3096) to work on /opt/airflow/dags/dag_market_eod.py
[2026-09-30T07:37:32.677+0000] {processor.py:830} INFO - Processing file /opt/airflow/dags/dag_market_eod.py for tasks to queue
[2026-09-30T07:37:32.678+0000] {logging_mixin.py:188} INFO - [2026-09-30T07:37:32.678+0000] {dagbag.py:545} INFO - Filling up the DagBag from /opt/airflow/dags/dag_market_eod.py
[2026-09-30T07:37:33.008+0000] {processor.py:840} INFO - DAG(s) 'dag_market_eod' retrieved from /opt/airflow/dags/dag_market_eod.py
[2026-09-30T07:37:33.023+0000] {logging_mixin.py:188} INFO - [2026-09-30T07:37:33.023+0000] {dag.py:3089} INFO - Sync 1 DAGs
[2026-09-30T07:37:33.035+0000] {logging_mixin.py:188} INFO - [2026-09-30T07:37:33.035+0000] {dag.py:3947} INFO - Setting next_dagrun for dag_market_eod to 2026-09-29 22:00:00+00:00, run_after=2026-09-30 22:00:00+00:00
[2026-09-30T07:37:33.044+0000] {processor.py:183} INFO - Processing /opt/airflow/dags/dag_market_eod.py took 0.373 seconds
[2026-09-30T07:38:03.146+0000] {processor.py:161} INFO - Started process (PID=3102) to work on /opt/airflow/dags/dag_market_eod.py
[2026-09-30T07:38:03.147+0000] {processor.py:830} INFO - Processing file /opt/airflow/dags/dag_market_eod.py for tasks to queue
[2026-09-30T07:38:03.148+0000] {logging_mixin.py:188} INFO - [2026-09-30T07:38:03.147+0000] {dagbag.py:545} INFO - Filling up the DagBag from /opt/airflow/dags/dag_market_eod.py
[2026-09-30T07:38:03.380+0000] {processor.py:840} INFO - DAG(s) 'dag_market_eod' retrieved from /opt/airflow/dags/dag_market_eod.py
[2026-09-30T07:38:03.502+0000] {logging_mixin.py:188} INFO - [2026-09-30T07:38:03.501+0000] {dag.py:3089} INFO - Sync 1 DAGs
[2026-09-30T07:38:03.513+0000] {logging_mixin.py:188} INFO - [2026-09-30T07:38:03.513+0000] {dag.py:3947} INFO - Setting next_dagrun for dag_market_eod to 2026-09-29 22:00:00+00:00, run_after=2026-09-30 22:00:00+00:00
[2026-09-30T07:38:03.523+0000] {processor.py:183} INFO - Processing /opt/airflow/dags/dag_market_eod.py took 0.381 seconds
[2026-09-30T07:38:33.632+0000] {processor.py:161} INFO - Started process (PID=3108) to work on /opt/airflow/dags/dag_market_eod.py
[2026-09-30T07:38:33.634+0000] {processor.py:830} INFO - Processing file /opt/airflow/dags/dag_market_eod.py for tasks to queue
[2026-09-30T07:38:33.635+0000] {logging_mixin.py:188} INFO - [2026-09-30T07:38:33.635+0000] {dagbag.py:545} INFO - Filling up the DagBag from /opt/airflow/dags/dag_market_eod.py
[2026-09-30T07:38:33.969+0000] {processor.py:840} INFO - DAG(s) 'dag_market_eod' retrieved from /opt/airflow/dags/dag_market_eod.py
[2026-09-30T07:38:33.987+0000] {logging_mixin.py:188} INFO - [2026-09-30T07:38:33.987+0000] {dag.py:3089} INFO - Sync 1 DAGs
[2026-09-30T07:38:33.999+0000] {logging_mixin.py:188} INFO - [2026-09-30T07:38:33.998+0000] {dag.py:3947} INFO - Setting next_dagrun for dag_market_eod to 2026-09-29 22:00:00+00:00, run_after=2026-09-30 22:00:00+00:00
[2026-09-30T07:38:34.008+0000] {processor.py:183} INFO - Processing /opt/airflow/dags/dag_market_eod.py took 0.379 seconds
[2026-09-30T07:39:04.110+0000] {processor.py:161} INFO - Started process (PID=3114) to work on /opt/airflow/dags/dag_market_eod.py
[2026-09-30T07:39:04.111+0000] {processor.py:830} INFO - Processing file /opt/airflow/dags/dag_market_eod.py for tasks to queue
[2026-09-30T07:39:04.111+0000] {logging_mixin.py:188} INFO - [2026-09-30T07:39:04.111+0000] {dagbag.py:545} INFO - Filling up the DagBag from /opt/airflow/dags/dag_market_eod.py
[2026-09-30T07:39:04.433+0000] {processor.py:840} INFO - DAG(s) 'dag_market_eod' retrieved from /opt/airflow/dags/dag_market_eod.py
[2026-09-30T07:39:04.451+0000] {logging_mixin.py:188} INFO - [2026-09-30T07:39:04.451+0000] {dag.py:3089} INFO - Sync 1 DAGs
[2026-09-30T07:39:04.462+0000] {logging_mixin.py:188} INFO - [2026-09-30T07:39:04.462+0000] {dag.py:3947} INFO - Setting next_dagrun for dag_market_eod to 2026-09-29 22:00:00+00:00, run_after=2026-09-30 22:00:00+00:00
[2026-09-30T07:39:04.473+0000] {processor.py:183} INFO - Processing /opt/airflow/dags/dag_market_eod.py took 0.366 seconds
[2026-09-30T07:39:34.567+0000] {processor.py:161} INFO - Started process (PID=3120) to work on /opt/airflow/dags/dag_market_eod.py
[2026-09-30T07:39:34.569+0000] {processor.py:830} INFO - Processing file /opt/airflow/dags/dag_market_eod.py for tasks to queue
[2026-09-30T07:39:34.570+0000] {logging_mixin.py:188} INFO - [2026-09-30T07:39:34.570+0000] {dagbag.py:545} INFO - Filling up the DagBag from /opt/airflow/dags/dag_market_eod.py
[2026-09-30T07:39:34.898+0000] {processor.py:840} INFO - DAG(s) 'dag_market_eod' retrieved from /opt/airflow/dags/dag_market_eod.py
[2026-09-30T07:39:34.913+0000] {logging_mixin.py:188} INFO - [2026-09-30T07:39:34.912+0000] {dag.py:3089} INFO - Sync 1 DAGs
[2026-09-30T07:39:34.924+0000] {logging_mixin.py:188} INFO - [2026-09-30T07:39:34.924+0000] {dag.py:3947} INFO - Setting next_dagrun for dag_market_eod to 2026-09-29 22:00:00+00:00, run_after=2026-09-30 22:00:00+00:00
[2026-09-30T07:39:34.933+0000] {processor.py:183} INFO - Processing /opt/airflow/dags/dag_market_eod.py took 0.371 seconds
[2026-09-30T07:40:05.045+0000] {processor.py:161} INFO - Started process (PID=3126) to work on /opt/airflow/dags/dag_market_eod.py
[2026-09-30T07:40:05.045+0000] {processor.py:830} INFO - Processing file /opt/airflow/dags/dag_market_eod.py for tasks to queue
[2026-09-30T07:40:05.046+0000] {logging_mixin.py:188} INFO - [2026-09-30T07:40:05.046+0000] {dagbag.py:545} INFO - Filling up the DagBag from /opt/airflow/dags/dag_market_eod.py
[2026-09-30T07:40:05.364+0000] {processor.py:840} INFO - DAG(s) 'dag_market_eod' retrieved from /opt/airflow/dags/dag_market_eod.py
[2026-09-30T07:40:05.384+0000] {logging_mixin.py:188} INFO - [2026-09-30T07:40:05.384+0000] {dag.py:3089} INFO - Sync 1 DAGs
[2026-09-30T07:40:05.399+0000] {logging_mixin.py:188} INFO - [2026-09-30T07:40:05.399+0000] {dag.py:3947} INFO - Setting next_dagrun for dag_market_eod to 2026-09-29 22:00:00+00:00, run_after=2026-09-30 22:00:00+00:00
[2026-09-30T07:40:05.407+0000] {processor.py:183} INFO - Processing /opt/airflow/dags/dag_market_eod.py took 0.366 seconds
[2026-09-30T07:40:35.517+0000] {processor.py:161} INFO - Started process (PID=3132) to work on /opt/airflow/dags/dag_market_eod.py
[2026-09-30T07:40:35.519+0000] {processor.py:830} INFO - Processing file /opt/airflow/dags/dag_market_eod.py for tasks to queue
[2026-09-30T07:40:35.520+0000] {logging_mixin.py:188} INFO - [2026-09-30T07:40:35.520+0000] {dagbag.py:545} INFO - Filling up the DagBag from /opt/airflow/dags/dag_market_eod.py
[2026-09-30T07:40:35.844+0000] {processor.py:840} INFO - DAG(s) 'dag_market_eod' retrieved from /opt/airflow/dags/dag_market_eod.py
[2026-09-30T07:40:35.863+0000] {logging_mixin.py:188} INFO - [2026-09-30T07:40:35.863+0000] {dag.py:3089} INFO - Sync 1 DAGs
[2026-09-30T07:40:35.874+0000] {logging_mixin.py:188} INFO - [2026-09-30T07:40:35.874+0000] {dag.py:3947} INFO - Setting next_dagrun for dag_market_eod to 2026-09-29 22:00:00+00:00, run_after=2026-09-30 22:00:00+00:00
[2026-09-30T07:40:35.883+0000] {processor.py:183} INFO - Processing /opt/airflow/dags/dag_market_eod.py took 0.369 seconds
[2026-09-30T07:41:05.995+0000] {processor.py:161} INFO - Started process (PID=3138) to work on /opt/airflow/dags/dag_market_eod.py
[2026-09-30T07:41:05.995+0000] {processor.py:830} INFO - Processing file /opt/airflow/dags/dag_market_eod.py for tasks to queue
[2026-09-30T07:41:05.996+0000] {logging_mixin.py:188} INFO - [2026-09-30T07:41:05.996+0000] {dagbag.py:545} INFO - Filling up the DagBag from /opt/airflow/dags/dag_market_eod.py
[2026-09-30T07:41:06.223+0000] {processor.py:840} INFO - DAG(s) 'dag_market_eod' retrieved from /opt/airflow/dags/dag_market_eod.py
[2026-09-30T07:41:06.340+0000] {logging_mixin.py:188} INFO - [2026-09-30T07:41:06.339+0000] {dag.py:3089} INFO - Sync 1 DAGs
[2026-09-30T07:41:06.351+0000] {logging_mixin.py:188} INFO - [2026-09-30T07:41:06.351+0000] {dag.py:3947} INFO - Setting next_dagrun for dag_market_eod to 2026-09-29 22:00:00+00:00, run_after=2026-09-30 22:00:00+00:00
[2026-09-30T07:41:06.362+0000] {processor.py:183} INFO - Processing /opt/airflow/dags/dag_market_eod.py took 0.370 seconds
[2026-09-30T07:41:36.466+0000] {processor.py:161} INFO - Started process (PID=3144) to work on /opt/airflow/dags/dag_market_eod.py
[2026-09-30T07:41:36.468+0000] {processor.py:830} INFO - Processing file /opt/airflow/dags/dag_market_eod.py for tasks to queue
[2026-09-30T07:41:36.468+0000] {logging_mixin.py:188} INFO - [2026-09-30T07:41:36.468+0000] {dagbag.py:545} INFO - Filling up the DagBag from /opt/airflow/dags/dag_market_eod.py
[2026-09-30T07:41:36.792+0000] {processor.py:840} INFO - DAG(s) 'dag_market_eod' retrieved from /opt/airflow/dags/dag_market_eod.py
[2026-09-30T07:41:36.807+0000] {logging_mixin.py:188} INFO - [2026-09-30T07:41:36.807+0000] {dag.py:3089} INFO - Sync 1 DAGs
[2026-09-30T07:41:36.818+0000] {logging_mixin.py:188} INFO - [2026-09-30T07:41:36.818+0000] {dag.py:3947} INFO - Setting next_dagrun for dag_market_eod to 2026-09-29 22:00:00+00:00, run_after=2026-09-30 22:00:00+00:00
[2026-09-30T07:41:36.827+0000] {processor.py:183} INFO - Processing /opt/airflow/dags/dag_market_eod.py took 0.365 seconds
[2026-09-30T07:42:06.933+0000] {processor.py:161} INFO - Started process (PID=3150) to work on /opt/airflow/dags/dag_market_eod.py
[2026-09-30T07:42:06.933+0000] {processor.py:830} INFO - Processing file /opt/airflow/dags/dag_market_eod.py for tasks to queue
[2026-09-30T07:42:06.934+0000] {logging_mixin.py:188} INFO - [2026-09-30T07:42:06.934+0000] {dagbag.py:545} INFO - Filling up the DagBag from /opt/airflow/dags/dag_market_eod.py
[2026-09-30T07:42:07.259+0000] {processor.py:840} INFO - DAG(s) 'dag_market_eod' retrieved from /opt/airflow/dags/dag_market_eod.py
[2026-09-30T07:42:07.274+0000] {logging_mixin.py:188} INFO - [2026-09-30T07:42:07.274+0000] {dag.py:3089} INFO - Sync 1 DAGs
[2026-09-30T07:42:07.285+0000] {logging_mixin.py:188} INFO - [2026-09-30T07:42:07.285+0000] {dag.py:3947} INFO - Setting next_dagrun for dag_market_eod to 2026-09-29 22:00:00+00:00, run_after=2026-09-30 22:00:00+00:00
[2026-09-30T07:42:07.296+0000] {processor.py:183} INFO - Processing /opt/airflow/dags/dag_market_eod.py took 0.368 seconds
[2026-09-30T07:42:37.401+0000] {processor.py:161} INFO - Started process (PID=3156) to work on /opt/airflow/dags/dag_market_eod.py
[2026-09-30T07:42:37.403+0000] {processor.py:830} INFO - Processing file /opt/airflow/dags/dag_market_eod.py for tasks to queue
[2026-09-30T07:42:37.404+0000] {logging_mixin.py:188} INFO - [2026-09-30T07:42:37.403+0000] {dagbag.py:545} INFO - Filling up the DagBag from /opt/airflow/dags/dag_market_eod.py
[2026-09-30T07:42:37.730+0000] {processor.py:840} INFO - DAG(s) 'dag_market_eod' retrieved from /opt/airflow/dags/dag_market_eod.py
[2026-09-30T07:42:37.746+0000] {logging_mixin.py:188} INFO - [2026-09-30T07:42:37.745+0000] {dag.py:3089} INFO - Sync 1 DAGs
[2026-09-30T07:42:37.757+0000] {logging_mixin.py:188} INFO - [2026-09-30T07:42:37.757+0000] {dag.py:3947} INFO - Setting next_dagrun for dag_market_eod to 2026-09-29 22:00:00+00:00, run_after=2026-09-30 22:00:00+00:00
[2026-09-30T07:42:37.768+0000] {processor.py:183} INFO - Processing /opt/airflow/dags/dag_market_eod.py took 0.371 seconds
[2026-09-30T07:43:07.870+0000] {processor.py:161} INFO - Started process (PID=3162) to work on /opt/airflow/dags/dag_market_eod.py
[2026-09-30T07:43:07.870+0000] {processor.py:830} INFO - Processing file /opt/airflow/dags/dag_market_eod.py for tasks to queue
[2026-09-30T07:43:07.871+0000] {logging_mixin.py:188} INFO - [2026-09-30T07:43:07.871+0000] {dagbag.py:545} INFO - Filling up the DagBag from /opt/airflow/dags/dag_market_eod.py
[2026-09-30T07:43:08.192+0000] {processor.py:840} INFO - DAG(s) 'dag_market_eod' retrieved from /opt/airflow/dags/dag_market_eod.py
[2026-09-30T07:43:08.208+0000] {logging_mixin.py:188} INFO - [2026-09-30T07:43:08.207+0000] {dag.py:3089} INFO - Sync 1 DAGs
[2026-09-30T07:43:08.220+0000] {logging_mixin.py:188} INFO - [2026-09-30T07:43:08.220+0000] {dag.py:3947} INFO - Setting next_dagrun for dag_market_eod to 2026-09-29 22:00:00+00:00, run_after=2026-09-30 22:00:00+00:00
[2026-09-30T07:43:08.231+0000] {processor.py:183} INFO - Processing /opt/airflow/dags/dag_market_eod.py took 0.364 seconds
[2026-09-30T07:43:38.344+0000] {processor.py:161} INFO - Started process (PID=3168) to work on /opt/airflow/dags/dag_market_eod.py
[2026-09-30T07:43:38.346+0000] {processor.py:830} INFO - Processing file /opt/airflow/dags/dag_market_eod.py for tasks to queue
[2026-09-30T07:43:38.348+0000] {logging_mixin.py:188} INFO - [2026-09-30T07:43:38.347+0000] {dagbag.py:545} INFO - Filling up the DagBag from /opt/airflow/dags/dag_market_eod.py
[2026-09-30T07:43:38.670+0000] {processor.py:840} INFO - DAG(s) 'dag_market_eod' retrieved from /opt/airflow/dags/dag_market_eod.py
[2026-09-30T07:43:38.689+0000] {logging_mixin.py:188} INFO - [2026-09-30T07:43:38.689+0000] {dag.py:3089} INFO - Sync 1 DAGs
[2026-09-30T07:43:38.700+0000] {logging_mixin.py:188} INFO - [2026-09-30T07:43:38.700+0000] {dag.py:3947} INFO - Setting next_dagrun for dag_market_eod to 2026-09-29 22:00:00+00:00, run_after=2026-09-30 22:00:00+00:00
[2026-09-30T07:43:38.711+0000] {processor.py:183} INFO - Processing /opt/airflow/dags/dag_market_eod.py took 0.372 seconds
[2026-09-30T07:44:08.808+0000] {processor.py:161} INFO - Started process (PID=3174) to work on /opt/airflow/dags/dag_market_eod.py
[2026-09-30T07:44:08.808+0000] {processor.py:830} INFO - Processing file /opt/airflow/dags/dag_market_eod.py for tasks to queue
[2026-09-30T07:44:08.810+0000] {logging_mixin.py:188} INFO - [2026-09-30T07:44:08.809+0000] {dagbag.py:545} INFO - Filling up the DagBag from /opt/airflow/dags/dag_market_eod.py
[2026-09-30T07:44:09.037+0000] {processor.py:840} INFO - DAG(s) 'dag_market_eod' retrieved from /opt/airflow/dags/dag_market_eod.py
[2026-09-30T07:44:09.157+0000] {logging_mixin.py:188} INFO - [2026-09-30T07:44:09.157+0000] {dag.py:3089} INFO - Sync 1 DAGs
[2026-09-30T07:44:09.169+0000] {logging_mixin.py:188} INFO - [2026-09-30T07:44:09.169+0000] {dag.py:3947} INFO - Setting next_dagrun for dag_market_eod to 2026-09-29 22:00:00+00:00, run_after=2026-09-30 22:00:00+00:00
[2026-09-30T07:44:09.180+0000] {processor.py:183} INFO - Processing /opt/airflow/dags/dag_market_eod.py took 0.376 seconds
[2026-09-30T07:44:39.278+0000] {processor.py:161} INFO - Started process (PID=3180) to work on /opt/airflow/dags/dag_market_eod.py
[2026-09-30T07:44:39.280+0000] {processor.py:830} INFO - Processing file /opt/airflow/dags/dag_market_eod.py for tasks to queue
[2026-09-30T07:44:39.281+0000] {logging_mixin.py:188} INFO - [2026-09-30T07:44:39.281+0000] {dagbag.py:545} INFO - Filling up the DagBag from /opt/airflow/dags/dag_market_eod.py
[2026-09-30T07:44:39.612+0000] {processor.py:840} INFO - DAG(s) 'dag_market_eod' retrieved from /opt/airflow/dags/dag_market_eod.py
[2026-09-30T07:44:39.627+0000] {logging_mixin.py:188} INFO - [2026-09-30T07:44:39.627+0000] {dag.py:3089} INFO - Sync 1 DAGs
[2026-09-30T07:44:39.638+0000] {logging_mixin.py:188} INFO - [2026-09-30T07:44:39.638+0000] {dag.py:3947} INFO - Setting next_dagrun for dag_market_eod to 2026-09-29 22:00:00+00:00, run_after=2026-09-30 22:00:00+00:00
[2026-09-30T07:44:39.649+0000] {processor.py:183} INFO - Processing /opt/airflow/dags/dag_market_eod.py took 0.376 seconds
[2026-09-30T07:45:09.757+0000] {processor.py:161} INFO - Started process (PID=3186) to work on /opt/airflow/dags/dag_market_eod.py
[2026-09-30T07:45:09.758+0000] {processor.py:830} INFO - Processing file /opt/airflow/dags/dag_market_eod.py for tasks to queue
[2026-09-30T07:45:09.759+0000] {logging_mixin.py:188} INFO - [2026-09-30T07:45:09.758+0000] {dagbag.py:545} INFO - Filling up the DagBag from /opt/airflow/dags/dag_market_eod.py
[2026-09-30T07:45:10.086+0000] {processor.py:840} INFO - DAG(s) 'dag_market_eod' retrieved from /opt/airflow/dags/dag_market_eod.py
[2026-09-30T07:45:10.103+0000] {logging_mixin.py:188} INFO - [2026-09-30T07:45:10.103+0000] {dag.py:3089} INFO - Sync 1 DAGs
[2026-09-30T07:45:10.115+0000] {logging_mixin.py:188} INFO - [2026-09-30T07:45:10.114+0000] {dag.py:3947} INFO - Setting next_dagrun for dag_market_eod to 2026-09-29 22:00:00+00:00, run_after=2026-09-30 22:00:00+00:00
[2026-09-30T07:45:10.126+0000] {processor.py:183} INFO - Processing /opt/airflow/dags/dag_market_eod.py took 0.373 seconds
[2026-09-30T07:45:40.230+0000] {processor.py:161} INFO - Started process (PID=3192) to work on /opt/airflow/dags/dag_market_eod.py
[2026-09-30T07:45:40.232+0000] {processor.py:830} INFO - Processing file /opt/airflow/dags/dag_market_eod.py for tasks to queue
[2026-09-30T07:45:40.233+0000] {logging_mixin.py:188} INFO - [2026-09-30T07:45:40.233+0000] {dagbag.py:545} INFO - Filling up the DagBag from /opt/airflow/dags/dag_market_eod.py
[2026-09-30T07:45:40.559+0000] {processor.py:840} INFO - DAG(s) 'dag_market_eod' retrieved from /opt/airflow/dags/dag_market_eod.py
[2026-09-30T07:45:40.574+0000] {logging_mixin.py:188} INFO - [2026-09-30T07:45:40.574+0000] {dag.py:3089} INFO - Sync 1 DAGs
[2026-09-30T07:45:40.586+0000] {logging_mixin.py:188} INFO - [2026-09-30T07:45:40.586+0000] {dag.py:3947} INFO - Setting next_dagrun for dag_market_eod to 2026-09-29 22:00:00+00:00, run_after=2026-09-30 22:00:00+00:00
[2026-09-30T07:45:40.597+0000] {processor.py:183} INFO - Processing /opt/airflow/dags/dag_market_eod.py took 0.372 seconds
[2026-09-30T07:46:10.703+0000] {processor.py:161} INFO - Started process (PID=3198) to work on /opt/airflow/dags/dag_market_eod.py
[2026-09-30T07:46:10.704+0000] {processor.py:830} INFO - Processing file /opt/airflow/dags/dag_market_eod.py for tasks to queue
[2026-09-30T07:46:10.705+0000] {logging_mixin.py:188} INFO - [2026-09-30T07:46:10.705+0000] {dagbag.py:545} INFO - Filling up the DagBag from /opt/airflow/dags/dag_market_eod.py
[2026-09-30T07:46:11.033+0000] {processor.py:840} INFO - DAG(s) 'dag_market_eod' retrieved from /opt/airflow/dags/dag_market_eod.py
[2026-09-30T07:46:11.049+0000] {logging_mixin.py:188} INFO - [2026-09-30T07:46:11.049+0000] {dag.py:3089} INFO - Sync 1 DAGs
[2026-09-30T07:46:11.061+0000] {logging_mixin.py:188} INFO - [2026-09-30T07:46:11.061+0000] {dag.py:3947} INFO - Setting next_dagrun for dag_market_eod to 2026-09-29 22:00:00+00:00, run_after=2026-09-30 22:00:00+00:00
[2026-09-30T07:46:11.071+0000] {processor.py:183} INFO - Processing /opt/airflow/dags/dag_market_eod.py took 0.373 seconds
[2026-09-30T07:46:41.171+0000] {processor.py:161} INFO - Started process (PID=3204) to work on /opt/airflow/dags/dag_market_eod.py
[2026-09-30T07:46:41.173+0000] {processor.py:830} INFO - Processing file /opt/airflow/dags/dag_market_eod.py for tasks to queue
[2026-09-30T07:46:41.174+0000] {logging_mixin.py:188} INFO - [2026-09-30T07:46:41.174+0000] {dagbag.py:545} INFO - Filling up the DagBag from /opt/airflow/dags/dag_market_eod.py
[2026-09-30T07:46:41.499+0000] {processor.py:840} INFO - DAG(s) 'dag_market_eod' retrieved from /opt/airflow/dags/dag_market_eod.py
[2026-09-30T07:46:41.518+0000] {logging_mixin.py:188} INFO - [2026-09-30T07:46:41.518+0000] {dag.py:3089} INFO - Sync 1 DAGs
[2026-09-30T07:46:41.530+0000] {logging_mixin.py:188} INFO - [2026-09-30T07:46:41.530+0000] {dag.py:3947} INFO - Setting next_dagrun for dag_market_eod to 2026-09-29 22:00:00+00:00, run_after=2026-09-30 22:00:00+00:00
[2026-09-30T07:46:41.540+0000] {processor.py:183} INFO - Processing /opt/airflow/dags/dag_market_eod.py took 0.373 seconds
[2026-09-30T07:47:11.642+0000] {processor.py:161} INFO - Started process (PID=3210) to work on /opt/airflow/dags/dag_market_eod.py
[2026-09-30T07:47:11.643+0000] {processor.py:830} INFO - Processing file /opt/airflow/dags/dag_market_eod.py for tasks to queue
[2026-09-30T07:47:11.644+0000] {logging_mixin.py:188} INFO - [2026-09-30T07:47:11.643+0000] {dagbag.py:545} INFO - Filling up the DagBag from /opt/airflow/dags/dag_market_eod.py
[2026-09-30T07:47:11.875+0000] {processor.py:840} INFO - DAG(s) 'dag_market_eod' retrieved from /opt/airflow/dags/dag_market_eod.py
[2026-09-30T07:47:11.995+0000] {logging_mixin.py:188} INFO - [2026-09-30T07:47:11.995+0000] {dag.py:3089} INFO - Sync 1 DAGs
[2026-09-30T07:47:12.008+0000] {logging_mixin.py:188} INFO - [2026-09-30T07:47:12.007+0000] {dag.py:3947} INFO - Setting next_dagrun for dag_market_eod to 2026-09-29 22:00:00+00:00, run_after=2026-09-30 22:00:00+00:00
[2026-09-30T07:47:12.017+0000] {processor.py:183} INFO - Processing /opt/airflow/dags/dag_market_eod.py took 0.378 seconds
[2026-09-30T07:47:42.122+0000] {processor.py:161} INFO - Started process (PID=3216) to work on /opt/airflow/dags/dag_market_eod.py
[2026-09-30T07:47:42.123+0000] {processor.py:830} INFO - Processing file /opt/airflow/dags/dag_market_eod.py for tasks to queue
[2026-09-30T07:47:42.124+0000] {logging_mixin.py:188} INFO - [2026-09-30T07:47:42.124+0000] {dagbag.py:545} INFO - Filling up the DagBag from /opt/airflow/dags/dag_market_eod.py
[2026-09-30T07:47:42.451+0000] {processor.py:840} INFO - DAG(s) 'dag_market_eod' retrieved from /opt/airflow/dags/dag_market_eod.py
[2026-09-30T07:47:42.467+0000] {logging_mixin.py:188} INFO - [2026-09-30T07:47:42.466+0000] {dag.py:3089} INFO - Sync 1 DAGs
[2026-09-30T07:47:42.478+0000] {logging_mixin.py:188} INFO - [2026-09-30T07:47:42.478+0000] {dag.py:3947} INFO - Setting next_dagrun for dag_market_eod to 2026-09-29 22:00:00+00:00, run_after=2026-09-30 22:00:00+00:00
[2026-09-30T07:47:42.488+0000] {processor.py:183} INFO - Processing /opt/airflow/dags/dag_market_eod.py took 0.369 seconds
[2026-09-30T07:48:12.594+0000] {processor.py:161} INFO - Started process (PID=3222) to work on /opt/airflow/dags/dag_market_eod.py
[2026-09-30T07:48:12.594+0000] {processor.py:830} INFO - Processing file /opt/airflow/dags/dag_market_eod.py for tasks to queue
[2026-09-30T07:48:12.595+0000] {logging_mixin.py:188} INFO - [2026-09-30T07:48:12.595+0000] {dagbag.py:545} INFO - Filling up the DagBag from /opt/airflow/dags/dag_market_eod.py
[2026-09-30T07:48:12.924+0000] {processor.py:840} INFO - DAG(s) 'dag_market_eod' retrieved from /opt/airflow/dags/dag_market_eod.py
[2026-09-30T07:48:12.938+0000] {logging_mixin.py:188} INFO - [2026-09-30T07:48:12.938+0000] {dag.py:3089} INFO - Sync 1 DAGs
[2026-09-30T07:48:12.951+0000] {logging_mixin.py:188} INFO - [2026-09-30T07:48:12.951+0000] {dag.py:3947} INFO - Setting next_dagrun for dag_market_eod to 2026-09-29 22:00:00+00:00, run_after=2026-09-30 22:00:00+00:00
[2026-09-30T07:48:12.961+0000] {processor.py:183} INFO - Processing /opt/airflow/dags/dag_market_eod.py took 0.372 seconds
[2026-09-30T07:48:43.067+0000] {processor.py:161} INFO - Started process (PID=3228) to work on /opt/airflow/dags/dag_market_eod.py
[2026-09-30T07:48:43.067+0000] {processor.py:830} INFO - Processing file /opt/airflow/dags/dag_market_eod.py for tasks to queue
[2026-09-30T07:48:43.068+0000] {logging_mixin.py:188} INFO - [2026-09-30T07:48:43.068+0000] {dagbag.py:545} INFO - Filling up the DagBag from /opt/airflow/dags/dag_market_eod.py
[2026-09-30T07:48:43.400+0000] {processor.py:840} INFO - DAG(s) 'dag_market_eod' retrieved from /opt/airflow/dags/dag_market_eod.py
[2026-09-30T07:48:43.415+0000] {logging_mixin.py:188} INFO - [2026-09-30T07:48:43.414+0000] {dag.py:3089} INFO - Sync 1 DAGs
[2026-09-30T07:48:43.427+0000] {logging_mixin.py:188} INFO - [2026-09-30T07:48:43.426+0000] {dag.py:3947} INFO - Setting next_dagrun for dag_market_eod to 2026-09-29 22:00:00+00:00, run_after=2026-09-30 22:00:00+00:00
[2026-09-30T07:48:43.437+0000] {processor.py:183} INFO - Processing /opt/airflow/dags/dag_market_eod.py took 0.374 seconds
[2026-09-30T07:49:13.535+0000] {processor.py:161} INFO - Started process (PID=3234) to work on /opt/airflow/dags/dag_market_eod.py
[2026-09-30T07:49:13.537+0000] {processor.py:830} INFO - Processing file /opt/airflow/dags/dag_market_eod.py for tasks to queue
[2026-09-30T07:49:13.537+0000] {logging_mixin.py:188} INFO - [2026-09-30T07:49:13.537+0000] {dagbag.py:545} INFO - Filling up the DagBag from /opt/airflow/dags/dag_market_eod.py
[2026-09-30T07:49:13.859+0000] {processor.py:840} INFO - DAG(s) 'dag_market_eod' retrieved from /opt/airflow/dags/dag_market_eod.py
[2026-09-30T07:49:13.874+0000] {logging_mixin.py:188} INFO - [2026-09-30T07:49:13.874+0000] {dag.py:3089} INFO - Sync 1 DAGs
[2026-09-30T07:49:13.886+0000] {logging_mixin.py:188} INFO - [2026-09-30T07:49:13.886+0000] {dag.py:3947} INFO - Setting next_dagrun for dag_market_eod to 2026-09-29 22:00:00+00:00, run_after=2026-09-30 22:00:00+00:00
[2026-09-30T07:49:13.896+0000] {processor.py:183} INFO - Processing /opt/airflow/dags/dag_market_eod.py took 0.365 seconds
[2026-09-30T07:49:43.995+0000] {processor.py:161} INFO - Started process (PID=3240) to work on /opt/airflow/dags/dag_market_eod.py
[2026-09-30T07:49:43.996+0000] {processor.py:830} INFO - Processing file /opt/airflow/dags/dag_market_eod.py for tasks to queue
[2026-09-30T07:49:43.997+0000] {logging_mixin.py:188} INFO - [2026-09-30T07:49:43.997+0000] {dagbag.py:545} INFO - Filling up the DagBag from /opt/airflow/dags/dag_market_eod.py
[2026-09-30T07:49:44.320+0000] {processor.py:840} INFO - DAG(s) 'dag_market_eod' retrieved from /opt/airflow/dags/dag_market_eod.py
[2026-09-30T07:49:44.335+0000] {logging_mixin.py:188} INFO - [2026-09-30T07:49:44.335+0000] {dag.py:3089} INFO - Sync 1 DAGs
[2026-09-30T07:49:44.347+0000] {logging_mixin.py:188} INFO - [2026-09-30T07:49:44.347+0000] {dag.py:3947} INFO - Setting next_dagrun for dag_market_eod to 2026-09-29 22:00:00+00:00, run_after=2026-09-30 22:00:00+00:00
[2026-09-30T07:49:44.357+0000] {processor.py:183} INFO - Processing /opt/airflow/dags/dag_market_eod.py took 0.366 seconds
[2026-09-30T07:50:14.457+0000] {processor.py:161} INFO - Started process (PID=3246) to work on /opt/airflow/dags/dag_market_eod.py
[2026-09-30T07:50:14.459+0000] {processor.py:830} INFO - Processing file /opt/airflow/dags/dag_market_eod.py for tasks to queue
[2026-09-30T07:50:14.460+0000] {logging_mixin.py:188} INFO - [2026-09-30T07:50:14.459+0000] {dagbag.py:545} INFO - Filling up the DagBag from /opt/airflow/dags/dag_market_eod.py
[2026-09-30T07:50:14.787+0000] {processor.py:840} INFO - DAG(s) 'dag_market_eod' retrieved from /opt/airflow/dags/dag_market_eod.py
[2026-09-30T07:50:14.807+0000] {logging_mixin.py:188} INFO - [2026-09-30T07:50:14.806+0000] {dag.py:3089} INFO - Sync 1 DAGs
[2026-09-30T07:50:14.818+0000] {logging_mixin.py:188} INFO - [2026-09-30T07:50:14.818+0000] {dag.py:3947} INFO - Setting next_dagrun for dag_market_eod to 2026-09-29 22:00:00+00:00, run_after=2026-09-30 22:00:00+00:00
[2026-09-30T07:50:14.827+0000] {processor.py:183} INFO - Processing /opt/airflow/dags/dag_market_eod.py took 0.373 seconds
[2026-09-30T07:50:44.922+0000] {processor.py:161} INFO - Started process (PID=3252) to work on /opt/airflow/dags/dag_market_eod.py
[2026-09-30T07:50:44.923+0000] {processor.py:830} INFO - Processing file /opt/airflow/dags/dag_market_eod.py for tasks to queue
[2026-09-30T07:50:44.924+0000] {logging_mixin.py:188} INFO - [2026-09-30T07:50:44.924+0000] {dagbag.py:545} INFO - Filling up the DagBag from /opt/airflow/dags/dag_market_eod.py
[2026-09-30T07:50:45.254+0000] {processor.py:840} INFO - DAG(s) 'dag_market_eod' retrieved from /opt/airflow/dags/dag_market_eod.py
[2026-09-30T07:50:45.274+0000] {logging_mixin.py:188} INFO - [2026-09-30T07:50:45.274+0000] {dag.py:3089} INFO - Sync 1 DAGs
[2026-09-30T07:50:45.287+0000] {logging_mixin.py:188} INFO - [2026-09-30T07:50:45.287+0000] {dag.py:3947} INFO - Setting next_dagrun for dag_market_eod to 2026-09-29 22:00:00+00:00, run_after=2026-09-30 22:00:00+00:00
[2026-09-30T07:50:45.298+0000] {processor.py:183} INFO - Processing /opt/airflow/dags/dag_market_eod.py took 0.380 seconds
[2026-09-30T07:51:15.408+0000] {processor.py:161} INFO - Started process (PID=3258) to work on /opt/airflow/dags/dag_market_eod.py
[2026-09-30T07:51:15.410+0000] {processor.py:830} INFO - Processing file /opt/airflow/dags/dag_market_eod.py for tasks to queue
[2026-09-30T07:51:15.411+0000] {logging_mixin.py:188} INFO - [2026-09-30T07:51:15.411+0000] {dagbag.py:545} INFO - Filling up the DagBag from /opt/airflow/dags/dag_market_eod.py
[2026-09-30T07:51:15.736+0000] {processor.py:840} INFO - DAG(s) 'dag_market_eod' retrieved from /opt/airflow/dags/dag_market_eod.py
[2026-09-30T07:51:15.752+0000] {logging_mixin.py:188} INFO - [2026-09-30T07:51:15.752+0000] {dag.py:3089} INFO - Sync 1 DAGs
[2026-09-30T07:51:15.763+0000] {logging_mixin.py:188} INFO - [2026-09-30T07:51:15.763+0000] {dag.py:3947} INFO - Setting next_dagrun for dag_market_eod to 2026-09-29 22:00:00+00:00, run_after=2026-09-30 22:00:00+00:00
[2026-09-30T07:51:15.772+0000] {processor.py:183} INFO - Processing /opt/airflow/dags/dag_market_eod.py took 0.368 seconds
[2026-09-30T07:51:45.876+0000] {processor.py:161} INFO - Started process (PID=3264) to work on /opt/airflow/dags/dag_market_eod.py
[2026-09-30T07:51:45.877+0000] {processor.py:830} INFO - Processing file /opt/airflow/dags/dag_market_eod.py for tasks to queue
[2026-09-30T07:51:45.878+0000] {logging_mixin.py:188} INFO - [2026-09-30T07:51:45.877+0000] {dagbag.py:545} INFO - Filling up the DagBag from /opt/airflow/dags/dag_market_eod.py
[2026-09-30T07:51:46.203+0000] {processor.py:840} INFO - DAG(s) 'dag_market_eod' retrieved from /opt/airflow/dags/dag_market_eod.py
[2026-09-30T07:51:46.219+0000] {logging_mixin.py:188} INFO - [2026-09-30T07:51:46.219+0000] {dag.py:3089} INFO - Sync 1 DAGs
[2026-09-30T07:51:46.230+0000] {logging_mixin.py:188} INFO - [2026-09-30T07:51:46.230+0000] {dag.py:3947} INFO - Setting next_dagrun for dag_market_eod to 2026-09-29 22:00:00+00:00, run_after=2026-09-30 22:00:00+00:00
[2026-09-30T07:51:46.241+0000] {processor.py:183} INFO - Processing /opt/airflow/dags/dag_market_eod.py took 0.368 seconds
[2026-09-30T07:52:16.341+0000] {processor.py:161} INFO - Started process (PID=3270) to work on /opt/airflow/dags/dag_market_eod.py
[2026-09-30T07:52:16.343+0000] {processor.py:830} INFO - Processing file /opt/airflow/dags/dag_market_eod.py for tasks to queue
[2026-09-30T07:52:16.344+0000] {logging_mixin.py:188} INFO - [2026-09-30T07:52:16.344+0000] {dagbag.py:545} INFO - Filling up the DagBag from /opt/airflow/dags/dag_market_eod.py
[2026-09-30T07:52:16.666+0000] {processor.py:840} INFO - DAG(s) 'dag_market_eod' retrieved from /opt/airflow/dags/dag_market_eod.py
[2026-09-30T07:52:16.687+0000] {logging_mixin.py:188} INFO - [2026-09-30T07:52:16.686+0000] {dag.py:3089} INFO - Sync 1 DAGs
[2026-09-30T07:52:16.699+0000] {logging_mixin.py:188} INFO - [2026-09-30T07:52:16.699+0000] {dag.py:3947} INFO - Setting next_dagrun for dag_market_eod to 2026-09-29 22:00:00+00:00, run_after=2026-09-30 22:00:00+00:00
[2026-09-30T07:52:16.709+0000] {processor.py:183} INFO - Processing /opt/airflow/dags/dag_market_eod.py took 0.372 seconds
[2026-09-30T07:52:46.816+0000] {processor.py:161} INFO - Started process (PID=3276) to work on /opt/airflow/dags/dag_market_eod.py
[2026-09-30T07:52:46.817+0000] {processor.py:830} INFO - Processing file /opt/airflow/dags/dag_market_eod.py for tasks to queue
[2026-09-30T07:52:46.818+0000] {logging_mixin.py:188} INFO - [2026-09-30T07:52:46.818+0000] {dagbag.py:545} INFO - Filling up the DagBag from /opt/airflow/dags/dag_market_eod.py
[2026-09-30T07:52:47.142+0000] {processor.py:840} INFO - DAG(s) 'dag_market_eod' retrieved from /opt/airflow/dags/dag_market_eod.py
[2026-09-30T07:52:47.162+0000] {logging_mixin.py:188} INFO - [2026-09-30T07:52:47.162+0000] {dag.py:3089} INFO - Sync 1 DAGs
[2026-09-30T07:52:47.174+0000] {logging_mixin.py:188} INFO - [2026-09-30T07:52:47.174+0000] {dag.py:3947} INFO - Setting next_dagrun for dag_market_eod to 2026-09-29 22:00:00+00:00, run_after=2026-09-30 22:00:00+00:00
[2026-09-30T07:52:47.183+0000] {processor.py:183} INFO - Processing /opt/airflow/dags/dag_market_eod.py took 0.371 seconds
[2026-09-30T07:53:17.284+0000] {processor.py:161} INFO - Started process (PID=3282) to work on /opt/airflow/dags/dag_market_eod.py
[2026-09-30T07:53:17.286+0000] {processor.py:830} INFO - Processing file /opt/airflow/dags/dag_market_eod.py for tasks to queue
[2026-09-30T07:53:17.287+0000] {logging_mixin.py:188} INFO - [2026-09-30T07:53:17.287+0000] {dagbag.py:545} INFO - Filling up the DagBag from /opt/airflow/dags/dag_market_eod.py
[2026-09-30T07:53:17.613+0000] {processor.py:840} INFO - DAG(s) 'dag_market_eod' retrieved from /opt/airflow/dags/dag_market_eod.py
[2026-09-30T07:53:17.632+0000] {logging_mixin.py:188} INFO - [2026-09-30T07:53:17.632+0000] {dag.py:3089} INFO - Sync 1 DAGs
[2026-09-30T07:53:17.645+0000] {logging_mixin.py:188} INFO - [2026-09-30T07:53:17.645+0000] {dag.py:3947} INFO - Setting next_dagrun for dag_market_eod to 2026-09-29 22:00:00+00:00, run_after=2026-09-30 22:00:00+00:00
[2026-09-30T07:53:17.655+0000] {processor.py:183} INFO - Processing /opt/airflow/dags/dag_market_eod.py took 0.375 seconds
[2026-09-30T07:53:47.763+0000] {processor.py:161} INFO - Started process (PID=3288) to work on /opt/airflow/dags/dag_market_eod.py
[2026-09-30T07:53:47.763+0000] {processor.py:830} INFO - Processing file /opt/airflow/dags/dag_market_eod.py for tasks to queue
[2026-09-30T07:53:47.764+0000] {logging_mixin.py:188} INFO - [2026-09-30T07:53:47.764+0000] {dagbag.py:545} INFO - Filling up the DagBag from /opt/airflow/dags/dag_market_eod.py
[2026-09-30T07:53:48.091+0000] {processor.py:840} INFO - DAG(s) 'dag_market_eod' retrieved from /opt/airflow/dags/dag_market_eod.py
[2026-09-30T07:53:48.110+0000] {logging_mixin.py:188} INFO - [2026-09-30T07:53:48.109+0000] {dag.py:3089} INFO - Sync 1 DAGs
[2026-09-30T07:53:48.120+0000] {logging_mixin.py:188} INFO - [2026-09-30T07:53:48.120+0000] {dag.py:3947} INFO - Setting next_dagrun for dag_market_eod to 2026-09-29 22:00:00+00:00, run_after=2026-09-30 22:00:00+00:00
[2026-09-30T07:53:48.131+0000] {processor.py:183} INFO - Processing /opt/airflow/dags/dag_market_eod.py took 0.372 seconds
[2026-09-30T07:54:18.234+0000] {processor.py:161} INFO - Started process (PID=3294) to work on /opt/airflow/dags/dag_market_eod.py
[2026-09-30T07:54:18.236+0000] {processor.py:830} INFO - Processing file /opt/airflow/dags/dag_market_eod.py for tasks to queue
[2026-09-30T07:54:18.237+0000] {logging_mixin.py:188} INFO - [2026-09-30T07:54:18.237+0000] {dagbag.py:545} INFO - Filling up the DagBag from /opt/airflow/dags/dag_market_eod.py
[2026-09-30T07:54:18.561+0000] {processor.py:840} INFO - DAG(s) 'dag_market_eod' retrieved from /opt/airflow/dags/dag_market_eod.py
[2026-09-30T07:54:18.576+0000] {logging_mixin.py:188} INFO - [2026-09-30T07:54:18.575+0000] {dag.py:3089} INFO - Sync 1 DAGs
[2026-09-30T07:54:18.587+0000] {logging_mixin.py:188} INFO - [2026-09-30T07:54:18.587+0000] {dag.py:3947} INFO - Setting next_dagrun for dag_market_eod to 2026-09-29 22:00:00+00:00, run_after=2026-09-30 22:00:00+00:00
[2026-09-30T07:54:18.598+0000] {processor.py:183} INFO - Processing /opt/airflow/dags/dag_market_eod.py took 0.368 seconds
[2026-09-30T07:54:48.702+0000] {processor.py:161} INFO - Started process (PID=3300) to work on /opt/airflow/dags/dag_market_eod.py
[2026-09-30T07:54:48.702+0000] {processor.py:830} INFO - Processing file /opt/airflow/dags/dag_market_eod.py for tasks to queue
[2026-09-30T07:54:48.703+0000] {logging_mixin.py:188} INFO - [2026-09-30T07:54:48.703+0000] {dagbag.py:545} INFO - Filling up the DagBag from /opt/airflow/dags/dag_market_eod.py
[2026-09-30T07:54:49.024+0000] {processor.py:840} INFO - DAG(s) 'dag_market_eod' retrieved from /opt/airflow/dags/dag_market_eod.py
[2026-09-30T07:54:49.041+0000] {logging_mixin.py:188} INFO - [2026-09-30T07:54:49.040+0000] {dag.py:3089} INFO - Sync 1 DAGs
[2026-09-30T07:54:49.053+0000] {logging_mixin.py:188} INFO - [2026-09-30T07:54:49.053+0000] {dag.py:3947} INFO - Setting next_dagrun for dag_market_eod to 2026-09-29 22:00:00+00:00, run_after=2026-09-30 22:00:00+00:00
[2026-09-30T07:54:49.063+0000] {processor.py:183} INFO - Processing /opt/airflow/dags/dag_market_eod.py took 0.364 seconds
[2026-09-30T07:55:19.164+0000] {processor.py:161} INFO - Started process (PID=3306) to work on /opt/airflow/dags/dag_market_eod.py
[2026-09-30T07:55:19.166+0000] {processor.py:830} INFO - Processing file /opt/airflow/dags/dag_market_eod.py for tasks to queue
[2026-09-30T07:55:19.167+0000] {logging_mixin.py:188} INFO - [2026-09-30T07:55:19.167+0000] {dagbag.py:545} INFO - Filling up the DagBag from /opt/airflow/dags/dag_market_eod.py
[2026-09-30T07:55:19.498+0000] {processor.py:840} INFO - DAG(s) 'dag_market_eod' retrieved from /opt/airflow/dags/dag_market_eod.py
[2026-09-30T07:55:19.513+0000] {logging_mixin.py:188} INFO - [2026-09-30T07:55:19.513+0000] {dag.py:3089} INFO - Sync 1 DAGs
[2026-09-30T07:55:19.526+0000] {logging_mixin.py:188} INFO - [2026-09-30T07:55:19.525+0000] {dag.py:3947} INFO - Setting next_dagrun for dag_market_eod to 2026-09-29 22:00:00+00:00, run_after=2026-09-30 22:00:00+00:00
[2026-09-30T07:55:19.536+0000] {processor.py:183} INFO - Processing /opt/airflow/dags/dag_market_eod.py took 0.376 seconds
[2026-09-30T07:55:49.639+0000] {processor.py:161} INFO - Started process (PID=3312) to work on /opt/airflow/dags/dag_market_eod.py
[2026-09-30T07:55:49.639+0000] {processor.py:830} INFO - Processing file /opt/airflow/dags/dag_market_eod.py for tasks to queue
[2026-09-30T07:55:49.640+0000] {logging_mixin.py:188} INFO - [2026-09-30T07:55:49.640+0000] {dagbag.py:545} INFO - Filling up the DagBag from /opt/airflow/dags/dag_market_eod.py
[2026-09-30T07:55:49.970+0000] {processor.py:840} INFO - DAG(s) 'dag_market_eod' retrieved from /opt/airflow/dags/dag_market_eod.py
[2026-09-30T07:55:49.988+0000] {logging_mixin.py:188} INFO - [2026-09-30T07:55:49.987+0000] {dag.py:3089} INFO - Sync 1 DAGs
[2026-09-30T07:55:49.999+0000] {logging_mixin.py:188} INFO - [2026-09-30T07:55:49.999+0000] {dag.py:3947} INFO - Setting next_dagrun for dag_market_eod to 2026-09-29 22:00:00+00:00, run_after=2026-09-30 22:00:00+00:00
[2026-09-30T07:55:50.009+0000] {processor.py:183} INFO - Processing /opt/airflow/dags/dag_market_eod.py took 0.374 seconds
[2026-09-30T07:56:20.118+0000] {processor.py:161} INFO - Started process (PID=3318) to work on /opt/airflow/dags/dag_market_eod.py
[2026-09-30T07:56:20.120+0000] {processor.py:830} INFO - Processing file /opt/airflow/dags/dag_market_eod.py for tasks to queue
[2026-09-30T07:56:20.121+0000] {logging_mixin.py:188} INFO - [2026-09-30T07:56:20.121+0000] {dagbag.py:545} INFO - Filling up the DagBag from /opt/airflow/dags/dag_market_eod.py
[2026-09-30T07:56:20.439+0000] {processor.py:840} INFO - DAG(s) 'dag_market_eod' retrieved from /opt/airflow/dags/dag_market_eod.py
[2026-09-30T07:56:20.455+0000] {logging_mixin.py:188} INFO - [2026-09-30T07:56:20.455+0000] {dag.py:3089} INFO - Sync 1 DAGs
[2026-09-30T07:56:20.466+0000] {logging_mixin.py:188} INFO - [2026-09-30T07:56:20.466+0000] {dag.py:3947} INFO - Setting next_dagrun for dag_market_eod to 2026-09-29 22:00:00+00:00, run_after=2026-09-30 22:00:00+00:00
[2026-09-30T07:56:20.476+0000] {processor.py:183} INFO - Processing /opt/airflow/dags/dag_market_eod.py took 0.363 seconds
[2026-09-30T07:56:50.581+0000] {processor.py:161} INFO - Started process (PID=3324) to work on /opt/airflow/dags/dag_market_eod.py
[2026-09-30T07:56:50.581+0000] {processor.py:830} INFO - Processing file /opt/airflow/dags/dag_market_eod.py for tasks to queue
[2026-09-30T07:56:50.582+0000] {logging_mixin.py:188} INFO - [2026-09-30T07:56:50.582+0000] {dagbag.py:545} INFO - Filling up the DagBag from /opt/airflow/dags/dag_market_eod.py
[2026-09-30T07:56:50.908+0000] {processor.py:840} INFO - DAG(s) 'dag_market_eod' retrieved from /opt/airflow/dags/dag_market_eod.py
[2026-09-30T07:56:50.922+0000] {logging_mixin.py:188} INFO - [2026-09-30T07:56:50.922+0000] {dag.py:3089} INFO - Sync 1 DAGs
[2026-09-30T07:56:50.933+0000] {logging_mixin.py:188} INFO - [2026-09-30T07:56:50.933+0000] {dag.py:3947} INFO - Setting next_dagrun for dag_market_eod to 2026-09-29 22:00:00+00:00, run_after=2026-09-30 22:00:00+00:00
[2026-09-30T07:56:50.943+0000] {processor.py:183} INFO - Processing /opt/airflow/dags/dag_market_eod.py took 0.365 seconds
[2026-09-30T07:57:21.050+0000] {processor.py:161} INFO - Started process (PID=3330) to work on /opt/airflow/dags/dag_market_eod.py
[2026-09-30T07:57:21.051+0000] {processor.py:830} INFO - Processing file /opt/airflow/dags/dag_market_eod.py for tasks to queue
[2026-09-30T07:57:21.051+0000] {logging_mixin.py:188} INFO - [2026-09-30T07:57:21.051+0000] {dagbag.py:545} INFO - Filling up the DagBag from /opt/airflow/dags/dag_market_eod.py
[2026-09-30T07:57:21.386+0000] {processor.py:840} INFO - DAG(s) 'dag_market_eod' retrieved from /opt/airflow/dags/dag_market_eod.py
[2026-09-30T07:57:21.401+0000] {logging_mixin.py:188} INFO - [2026-09-30T07:57:21.400+0000] {dag.py:3089} INFO - Sync 1 DAGs
[2026-09-30T07:57:21.413+0000] {logging_mixin.py:188} INFO - [2026-09-30T07:57:21.413+0000] {dag.py:3947} INFO - Setting next_dagrun for dag_market_eod to 2026-09-29 22:00:00+00:00, run_after=2026-09-30 22:00:00+00:00
[2026-09-30T07:57:21.423+0000] {processor.py:183} INFO - Processing /opt/airflow/dags/dag_market_eod.py took 0.376 seconds
[2026-09-30T07:57:51.531+0000] {processor.py:161} INFO - Started process (PID=3336) to work on /opt/airflow/dags/dag_market_eod.py
[2026-09-30T07:57:51.531+0000] {processor.py:830} INFO - Processing file /opt/airflow/dags/dag_market_eod.py for tasks to queue
[2026-09-30T07:57:51.532+0000] {logging_mixin.py:188} INFO - [2026-09-30T07:57:51.532+0000] {dagbag.py:545} INFO - Filling up the DagBag from /opt/airflow/dags/dag_market_eod.py
[2026-09-30T07:57:51.863+0000] {processor.py:840} INFO - DAG(s) 'dag_market_eod' retrieved from /opt/airflow/dags/dag_market_eod.py
[2026-09-30T07:57:51.881+0000] {logging_mixin.py:188} INFO - [2026-09-30T07:57:51.880+0000] {dag.py:3089} INFO - Sync 1 DAGs
[2026-09-30T07:57:51.893+0000] {logging_mixin.py:188} INFO - [2026-09-30T07:57:51.892+0000] {dag.py:3947} INFO - Setting next_dagrun for dag_market_eod to 2026-09-29 22:00:00+00:00, run_after=2026-09-30 22:00:00+00:00
[2026-09-30T07:57:51.902+0000] {processor.py:183} INFO - Processing /opt/airflow/dags/dag_market_eod.py took 0.375 seconds
[2026-09-30T07:58:22.002+0000] {processor.py:161} INFO - Started process (PID=3342) to work on /opt/airflow/dags/dag_market_eod.py
[2026-09-30T07:58:22.004+0000] {processor.py:830} INFO - Processing file /opt/airflow/dags/dag_market_eod.py for tasks to queue
[2026-09-30T07:58:22.006+0000] {logging_mixin.py:188} INFO - [2026-09-30T07:58:22.005+0000] {dagbag.py:545} INFO - Filling up the DagBag from /opt/airflow/dags/dag_market_eod.py
[2026-09-30T07:58:22.332+0000] {processor.py:840} INFO - DAG(s) 'dag_market_eod' retrieved from /opt/airflow/dags/dag_market_eod.py
[2026-09-30T07:58:22.350+0000] {logging_mixin.py:188} INFO - [2026-09-30T07:58:22.350+0000] {dag.py:3089} INFO - Sync 1 DAGs
[2026-09-30T07:58:22.361+0000] {logging_mixin.py:188} INFO - [2026-09-30T07:58:22.361+0000] {dag.py:3947} INFO - Setting next_dagrun for dag_market_eod to 2026-09-29 22:00:00+00:00, run_after=2026-09-30 22:00:00+00:00
[2026-09-30T07:58:22.370+0000] {processor.py:183} INFO - Processing /opt/airflow/dags/dag_market_eod.py took 0.372 seconds
[2026-09-30T07:58:52.469+0000] {processor.py:161} INFO - Started process (PID=3348) to work on /opt/airflow/dags/dag_market_eod.py
[2026-09-30T07:58:52.470+0000] {processor.py:830} INFO - Processing file /opt/airflow/dags/dag_market_eod.py for tasks to queue
[2026-09-30T07:58:52.471+0000] {logging_mixin.py:188} INFO - [2026-09-30T07:58:52.471+0000] {dagbag.py:545} INFO - Filling up the DagBag from /opt/airflow/dags/dag_market_eod.py
[2026-09-30T07:58:52.794+0000] {processor.py:840} INFO - DAG(s) 'dag_market_eod' retrieved from /opt/airflow/dags/dag_market_eod.py
[2026-09-30T07:58:52.809+0000] {logging_mixin.py:188} INFO - [2026-09-30T07:58:52.809+0000] {dag.py:3089} INFO - Sync 1 DAGs
[2026-09-30T07:58:52.820+0000] {logging_mixin.py:188} INFO - [2026-09-30T07:58:52.820+0000] {dag.py:3947} INFO - Setting next_dagrun for dag_market_eod to 2026-09-29 22:00:00+00:00, run_after=2026-09-30 22:00:00+00:00
[2026-09-30T07:58:52.832+0000] {processor.py:183} INFO - Processing /opt/airflow/dags/dag_market_eod.py took 0.367 seconds
[2026-09-30T07:59:22.937+0000] {processor.py:161} INFO - Started process (PID=3354) to work on /opt/airflow/dags/dag_market_eod.py
[2026-09-30T07:59:22.939+0000] {processor.py:830} INFO - Processing file /opt/airflow/dags/dag_market_eod.py for tasks to queue
[2026-09-30T07:59:22.940+0000] {logging_mixin.py:188} INFO - [2026-09-30T07:59:22.940+0000] {dagbag.py:545} INFO - Filling up the DagBag from /opt/airflow/dags/dag_market_eod.py
[2026-09-30T07:59:23.264+0000] {processor.py:840} INFO - DAG(s) 'dag_market_eod' retrieved from /opt/airflow/dags/dag_market_eod.py
[2026-09-30T07:59:23.285+0000] {logging_mixin.py:188} INFO - [2026-09-30T07:59:23.285+0000] {dag.py:3089} INFO - Sync 1 DAGs
[2026-09-30T07:59:23.296+0000] {logging_mixin.py:188} INFO - [2026-09-30T07:59:23.296+0000] {dag.py:3947} INFO - Setting next_dagrun for dag_market_eod to 2026-09-29 22:00:00+00:00, run_after=2026-09-30 22:00:00+00:00
[2026-09-30T07:59:23.306+0000] {processor.py:183} INFO - Processing /opt/airflow/dags/dag_market_eod.py took 0.373 seconds
[2026-09-30T07:59:53.413+0000] {processor.py:161} INFO - Started process (PID=3360) to work on /opt/airflow/dags/dag_market_eod.py
[2026-09-30T07:59:53.414+0000] {processor.py:830} INFO - Processing file /opt/airflow/dags/dag_market_eod.py for tasks to queue
[2026-09-30T07:59:53.415+0000] {logging_mixin.py:188} INFO - [2026-09-30T07:59:53.415+0000] {dagbag.py:545} INFO - Filling up the DagBag from /opt/airflow/dags/dag_market_eod.py
[2026-09-30T07:59:53.743+0000] {processor.py:840} INFO - DAG(s) 'dag_market_eod' retrieved from /opt/airflow/dags/dag_market_eod.py
[2026-09-30T07:59:53.757+0000] {logging_mixin.py:188} INFO - [2026-09-30T07:59:53.757+0000] {dag.py:3089} INFO - Sync 1 DAGs
[2026-09-30T07:59:53.768+0000] {logging_mixin.py:188} INFO - [2026-09-30T07:59:53.768+0000] {dag.py:3947} INFO - Setting next_dagrun for dag_market_eod to 2026-09-29 22:00:00+00:00, run_after=2026-09-30 22:00:00+00:00
[2026-09-30T07:59:53.777+0000] {processor.py:183} INFO - Processing /opt/airflow/dags/dag_market_eod.py took 0.368 seconds
[2026-09-30T08:00:23.871+0000] {processor.py:161} INFO - Started process (PID=3366) to work on /opt/airflow/dags/dag_market_eod.py
[2026-09-30T08:00:23.873+0000] {processor.py:830} INFO - Processing file /opt/airflow/dags/dag_market_eod.py for tasks to queue
[2026-09-30T08:00:23.874+0000] {logging_mixin.py:188} INFO - [2026-09-30T08:00:23.874+0000] {dagbag.py:545} INFO - Filling up the DagBag from /opt/airflow/dags/dag_market_eod.py
[2026-09-30T08:00:24.200+0000] {processor.py:840} INFO - DAG(s) 'dag_market_eod' retrieved from /opt/airflow/dags/dag_market_eod.py
[2026-09-30T08:00:24.220+0000] {logging_mixin.py:188} INFO - [2026-09-30T08:00:24.220+0000] {dag.py:3089} INFO - Sync 1 DAGs
[2026-09-30T08:00:24.232+0000] {logging_mixin.py:188} INFO - [2026-09-30T08:00:24.232+0000] {dag.py:3947} INFO - Setting next_dagrun for dag_market_eod to 2026-09-29 22:00:00+00:00, run_after=2026-09-30 22:00:00+00:00
[2026-09-30T08:00:24.242+0000] {processor.py:183} INFO - Processing /opt/airflow/dags/dag_market_eod.py took 0.374 seconds
[2026-09-30T08:00:54.341+0000] {processor.py:161} INFO - Started process (PID=3372) to work on /opt/airflow/dags/dag_market_eod.py
[2026-09-30T08:00:54.342+0000] {processor.py:830} INFO - Processing file /opt/airflow/dags/dag_market_eod.py for tasks to queue
[2026-09-30T08:00:54.343+0000] {logging_mixin.py:188} INFO - [2026-09-30T08:00:54.343+0000] {dagbag.py:545} INFO - Filling up the DagBag from /opt/airflow/dags/dag_market_eod.py
[2026-09-30T08:00:54.673+0000] {processor.py:840} INFO - DAG(s) 'dag_market_eod' retrieved from /opt/airflow/dags/dag_market_eod.py
[2026-09-30T08:00:54.690+0000] {logging_mixin.py:188} INFO - [2026-09-30T08:00:54.690+0000] {dag.py:3089} INFO - Sync 1 DAGs
[2026-09-30T08:00:54.702+0000] {logging_mixin.py:188} INFO - [2026-09-30T08:00:54.702+0000] {dag.py:3947} INFO - Setting next_dagrun for dag_market_eod to 2026-09-29 22:00:00+00:00, run_after=2026-09-30 22:00:00+00:00
[2026-09-30T08:00:54.713+0000] {processor.py:183} INFO - Processing /opt/airflow/dags/dag_market_eod.py took 0.376 seconds
[2026-09-30T08:01:24.815+0000] {processor.py:161} INFO - Started process (PID=3378) to work on /opt/airflow/dags/dag_market_eod.py
[2026-09-30T08:01:24.817+0000] {processor.py:830} INFO - Processing file /opt/airflow/dags/dag_market_eod.py for tasks to queue
[2026-09-30T08:01:24.818+0000] {logging_mixin.py:188} INFO - [2026-09-30T08:01:24.817+0000] {dagbag.py:545} INFO - Filling up the DagBag from /opt/airflow/dags/dag_market_eod.py
[2026-09-30T08:01:25.142+0000] {processor.py:840} INFO - DAG(s) 'dag_market_eod' retrieved from /opt/airflow/dags/dag_market_eod.py
[2026-09-30T08:01:25.158+0000] {logging_mixin.py:188} INFO - [2026-09-30T08:01:25.158+0000] {dag.py:3089} INFO - Sync 1 DAGs
[2026-09-30T08:01:25.169+0000] {logging_mixin.py:188} INFO - [2026-09-30T08:01:25.169+0000] {dag.py:3947} INFO - Setting next_dagrun for dag_market_eod to 2026-09-29 22:00:00+00:00, run_after=2026-09-30 22:00:00+00:00
[2026-09-30T08:01:25.180+0000] {processor.py:183} INFO - Processing /opt/airflow/dags/dag_market_eod.py took 0.369 seconds
[2026-09-30T08:01:55.281+0000] {processor.py:161} INFO - Started process (PID=3384) to work on /opt/airflow/dags/dag_market_eod.py
[2026-09-30T08:01:55.281+0000] {processor.py:830} INFO - Processing file /opt/airflow/dags/dag_market_eod.py for tasks to queue
[2026-09-30T08:01:55.282+0000] {logging_mixin.py:188} INFO - [2026-09-30T08:01:55.282+0000] {dagbag.py:545} INFO - Filling up the DagBag from /opt/airflow/dags/dag_market_eod.py
[2026-09-30T08:01:55.614+0000] {processor.py:840} INFO - DAG(s) 'dag_market_eod' retrieved from /opt/airflow/dags/dag_market_eod.py
[2026-09-30T08:01:55.629+0000] {logging_mixin.py:188} INFO - [2026-09-30T08:01:55.629+0000] {dag.py:3089} INFO - Sync 1 DAGs
[2026-09-30T08:01:55.640+0000] {logging_mixin.py:188} INFO - [2026-09-30T08:01:55.640+0000] {dag.py:3947} INFO - Setting next_dagrun for dag_market_eod to 2026-09-29 22:00:00+00:00, run_after=2026-09-30 22:00:00+00:00
[2026-09-30T08:01:55.650+0000] {processor.py:183} INFO - Processing /opt/airflow/dags/dag_market_eod.py took 0.373 seconds
[2026-09-30T08:02:25.754+0000] {processor.py:161} INFO - Started process (PID=3390) to work on /opt/airflow/dags/dag_market_eod.py
[2026-09-30T08:02:25.756+0000] {processor.py:830} INFO - Processing file /opt/airflow/dags/dag_market_eod.py for tasks to queue
[2026-09-30T08:02:25.757+0000] {logging_mixin.py:188} INFO - [2026-09-30T08:02:25.757+0000] {dagbag.py:545} INFO - Filling up the DagBag from /opt/airflow/dags/dag_market_eod.py
[2026-09-30T08:02:26.087+0000] {processor.py:840} INFO - DAG(s) 'dag_market_eod' retrieved from /opt/airflow/dags/dag_market_eod.py
[2026-09-30T08:02:26.103+0000] {logging_mixin.py:188} INFO - [2026-09-30T08:02:26.103+0000] {dag.py:3089} INFO - Sync 1 DAGs
[2026-09-30T08:02:26.114+0000] {logging_mixin.py:188} INFO - [2026-09-30T08:02:26.114+0000] {dag.py:3947} INFO - Setting next_dagrun for dag_market_eod to 2026-09-29 22:00:00+00:00, run_after=2026-09-30 22:00:00+00:00
[2026-09-30T08:02:26.124+0000] {processor.py:183} INFO - Processing /opt/airflow/dags/dag_market_eod.py took 0.375 seconds
[2026-09-30T08:02:56.233+0000] {processor.py:161} INFO - Started process (PID=3396) to work on /opt/airflow/dags/dag_market_eod.py
[2026-09-30T08:02:56.233+0000] {processor.py:830} INFO - Processing file /opt/airflow/dags/dag_market_eod.py for tasks to queue
[2026-09-30T08:02:56.234+0000] {logging_mixin.py:188} INFO - [2026-09-30T08:02:56.234+0000] {dagbag.py:545} INFO - Filling up the DagBag from /opt/airflow/dags/dag_market_eod.py
[2026-09-30T08:02:56.557+0000] {processor.py:840} INFO - DAG(s) 'dag_market_eod' retrieved from /opt/airflow/dags/dag_market_eod.py
[2026-09-30T08:02:56.573+0000] {logging_mixin.py:188} INFO - [2026-09-30T08:02:56.572+0000] {dag.py:3089} INFO - Sync 1 DAGs
[2026-09-30T08:02:56.584+0000] {logging_mixin.py:188} INFO - [2026-09-30T08:02:56.584+0000] {dag.py:3947} INFO - Setting next_dagrun for dag_market_eod to 2026-09-29 22:00:00+00:00, run_after=2026-09-30 22:00:00+00:00
[2026-09-30T08:02:56.594+0000] {processor.py:183} INFO - Processing /opt/airflow/dags/dag_market_eod.py took 0.364 seconds
[2026-09-30T08:03:26.697+0000] {processor.py:161} INFO - Started process (PID=3402) to work on /opt/airflow/dags/dag_market_eod.py
[2026-09-30T08:03:26.698+0000] {processor.py:830} INFO - Processing file /opt/airflow/dags/dag_market_eod.py for tasks to queue
[2026-09-30T08:03:26.699+0000] {logging_mixin.py:188} INFO - [2026-09-30T08:03:26.699+0000] {dagbag.py:545} INFO - Filling up the DagBag from /opt/airflow/dags/dag_market_eod.py
[2026-09-30T08:03:27.020+0000] {processor.py:840} INFO - DAG(s) 'dag_market_eod' retrieved from /opt/airflow/dags/dag_market_eod.py
[2026-09-30T08:03:27.035+0000] {logging_mixin.py:188} INFO - [2026-09-30T08:03:27.035+0000] {dag.py:3089} INFO - Sync 1 DAGs
[2026-09-30T08:03:27.047+0000] {logging_mixin.py:188} INFO - [2026-09-30T08:03:27.047+0000] {dag.py:3947} INFO - Setting next_dagrun for dag_market_eod to 2026-09-29 22:00:00+00:00, run_after=2026-09-30 22:00:00+00:00
[2026-09-30T08:03:27.057+0000] {processor.py:183} INFO - Processing /opt/airflow/dags/dag_market_eod.py took 0.363 seconds
[2026-09-30T08:03:57.160+0000] {processor.py:161} INFO - Started process (PID=3408) to work on /opt/airflow/dags/dag_market_eod.py
[2026-09-30T08:03:57.160+0000] {processor.py:830} INFO - Processing file /opt/airflow/dags/dag_market_eod.py for tasks to queue
[2026-09-30T08:03:57.161+0000] {logging_mixin.py:188} INFO - [2026-09-30T08:03:57.161+0000] {dagbag.py:545} INFO - Filling up the DagBag from /opt/airflow/dags/dag_market_eod.py
[2026-09-30T08:03:57.484+0000] {processor.py:840} INFO - DAG(s) 'dag_market_eod' retrieved from /opt/airflow/dags/dag_market_eod.py
[2026-09-30T08:03:57.500+0000] {logging_mixin.py:188} INFO - [2026-09-30T08:03:57.499+0000] {dag.py:3089} INFO - Sync 1 DAGs
[2026-09-30T08:03:57.512+0000] {logging_mixin.py:188} INFO - [2026-09-30T08:03:57.511+0000] {dag.py:3947} INFO - Setting next_dagrun for dag_market_eod to 2026-09-29 22:00:00+00:00, run_after=2026-09-30 22:00:00+00:00
[2026-09-30T08:03:57.521+0000] {processor.py:183} INFO - Processing /opt/airflow/dags/dag_market_eod.py took 0.365 seconds
[2026-09-30T08:04:27.621+0000] {processor.py:161} INFO - Started process (PID=3414) to work on /opt/airflow/dags/dag_market_eod.py
[2026-09-30T08:04:27.623+0000] {processor.py:830} INFO - Processing file /opt/airflow/dags/dag_market_eod.py for tasks to queue
[2026-09-30T08:04:27.624+0000] {logging_mixin.py:188} INFO - [2026-09-30T08:04:27.624+0000] {dagbag.py:545} INFO - Filling up the DagBag from /opt/airflow/dags/dag_market_eod.py
[2026-09-30T08:04:27.948+0000] {processor.py:840} INFO - DAG(s) 'dag_market_eod' retrieved from /opt/airflow/dags/dag_market_eod.py
[2026-09-30T08:04:27.971+0000] {logging_mixin.py:188} INFO - [2026-09-30T08:04:27.971+0000] {dag.py:3089} INFO - Sync 1 DAGs
[2026-09-30T08:04:27.983+0000] {logging_mixin.py:188} INFO - [2026-09-30T08:04:27.983+0000] {dag.py:3947} INFO - Setting next_dagrun for dag_market_eod to 2026-09-29 22:00:00+00:00, run_after=2026-09-30 22:00:00+00:00
[2026-09-30T08:04:27.994+0000] {processor.py:183} INFO - Processing /opt/airflow/dags/dag_market_eod.py took 0.377 seconds
[2026-09-30T08:04:58.097+0000] {processor.py:161} INFO - Started process (PID=3420) to work on /opt/airflow/dags/dag_market_eod.py
[2026-09-30T08:04:58.097+0000] {processor.py:830} INFO - Processing file /opt/airflow/dags/dag_market_eod.py for tasks to queue
[2026-09-30T08:04:58.099+0000] {logging_mixin.py:188} INFO - [2026-09-30T08:04:58.098+0000] {dagbag.py:545} INFO - Filling up the DagBag from /opt/airflow/dags/dag_market_eod.py
[2026-09-30T08:04:58.448+0000] {processor.py:840} INFO - DAG(s) 'dag_market_eod' retrieved from /opt/airflow/dags/dag_market_eod.py
[2026-09-30T08:04:58.472+0000] {logging_mixin.py:188} INFO - [2026-09-30T08:04:58.471+0000] {dag.py:3089} INFO - Sync 1 DAGs
[2026-09-30T08:04:58.483+0000] {logging_mixin.py:188} INFO - [2026-09-30T08:04:58.483+0000] {dag.py:3947} INFO - Setting next_dagrun for dag_market_eod to 2026-09-29 22:00:00+00:00, run_after=2026-09-30 22:00:00+00:00
[2026-09-30T08:04:58.495+0000] {processor.py:183} INFO - Processing /opt/airflow/dags/dag_market_eod.py took 0.403 seconds
[2026-09-30T08:05:28.601+0000] {processor.py:161} INFO - Started process (PID=3426) to work on /opt/airflow/dags/dag_market_eod.py
[2026-09-30T08:05:28.602+0000] {processor.py:830} INFO - Processing file /opt/airflow/dags/dag_market_eod.py for tasks to queue
[2026-09-30T08:05:28.604+0000] {logging_mixin.py:188} INFO - [2026-09-30T08:05:28.603+0000] {dagbag.py:545} INFO - Filling up the DagBag from /opt/airflow/dags/dag_market_eod.py
[2026-09-30T08:05:28.931+0000] {processor.py:840} INFO - DAG(s) 'dag_market_eod' retrieved from /opt/airflow/dags/dag_market_eod.py
[2026-09-30T08:05:28.953+0000] {logging_mixin.py:188} INFO - [2026-09-30T08:05:28.952+0000] {dag.py:3089} INFO - Sync 1 DAGs
[2026-09-30T08:05:28.974+0000] {logging_mixin.py:188} INFO - [2026-09-30T08:05:28.974+0000] {dag.py:3947} INFO - Setting next_dagrun for dag_market_eod to 2026-09-29 22:00:00+00:00, run_after=2026-09-30 22:00:00+00:00
[2026-09-30T08:05:28.993+0000] {processor.py:183} INFO - Processing /opt/airflow/dags/dag_market_eod.py took 0.396 seconds
[2026-09-30T08:05:59.090+0000] {processor.py:161} INFO - Started process (PID=3432) to work on /opt/airflow/dags/dag_market_eod.py
[2026-09-30T08:05:59.090+0000] {processor.py:830} INFO - Processing file /opt/airflow/dags/dag_market_eod.py for tasks to queue
[2026-09-30T08:05:59.091+0000] {logging_mixin.py:188} INFO - [2026-09-30T08:05:59.091+0000] {dagbag.py:545} INFO - Filling up the DagBag from /opt/airflow/dags/dag_market_eod.py
[2026-09-30T08:05:59.413+0000] {processor.py:840} INFO - DAG(s) 'dag_market_eod' retrieved from /opt/airflow/dags/dag_market_eod.py
[2026-09-30T08:05:59.433+0000] {logging_mixin.py:188} INFO - [2026-09-30T08:05:59.433+0000] {dag.py:3089} INFO - Sync 1 DAGs
[2026-09-30T08:05:59.446+0000] {logging_mixin.py:188} INFO - [2026-09-30T08:05:59.446+0000] {dag.py:3947} INFO - Setting next_dagrun for dag_market_eod to 2026-09-29 22:00:00+00:00, run_after=2026-09-30 22:00:00+00:00
[2026-09-30T08:05:59.457+0000] {processor.py:183} INFO - Processing /opt/airflow/dags/dag_market_eod.py took 0.371 seconds
[2026-09-30T08:06:29.561+0000] {processor.py:161} INFO - Started process (PID=3438) to work on /opt/airflow/dags/dag_market_eod.py
[2026-09-30T08:06:29.563+0000] {processor.py:830} INFO - Processing file /opt/airflow/dags/dag_market_eod.py for tasks to queue
[2026-09-30T08:06:29.564+0000] {logging_mixin.py:188} INFO - [2026-09-30T08:06:29.564+0000] {dagbag.py:545} INFO - Filling up the DagBag from /opt/airflow/dags/dag_market_eod.py
[2026-09-30T08:06:29.887+0000] {processor.py:840} INFO - DAG(s) 'dag_market_eod' retrieved from /opt/airflow/dags/dag_market_eod.py
[2026-09-30T08:06:29.904+0000] {logging_mixin.py:188} INFO - [2026-09-30T08:06:29.904+0000] {dag.py:3089} INFO - Sync 1 DAGs
[2026-09-30T08:06:29.916+0000] {logging_mixin.py:188} INFO - [2026-09-30T08:06:29.916+0000] {dag.py:3947} INFO - Setting next_dagrun for dag_market_eod to 2026-09-29 22:00:00+00:00, run_after=2026-09-30 22:00:00+00:00
[2026-09-30T08:06:29.927+0000] {processor.py:183} INFO - Processing /opt/airflow/dags/dag_market_eod.py took 0.371 seconds
[2026-09-30T08:07:00.030+0000] {processor.py:161} INFO - Started process (PID=3444) to work on /opt/airflow/dags/dag_market_eod.py
[2026-09-30T08:07:00.030+0000] {processor.py:830} INFO - Processing file /opt/airflow/dags/dag_market_eod.py for tasks to queue
[2026-09-30T08:07:00.031+0000] {logging_mixin.py:188} INFO - [2026-09-30T08:07:00.031+0000] {dagbag.py:545} INFO - Filling up the DagBag from /opt/airflow/dags/dag_market_eod.py
[2026-09-30T08:07:00.357+0000] {processor.py:840} INFO - DAG(s) 'dag_market_eod' retrieved from /opt/airflow/dags/dag_market_eod.py
[2026-09-30T08:07:00.372+0000] {logging_mixin.py:188} INFO - [2026-09-30T08:07:00.372+0000] {dag.py:3089} INFO - Sync 1 DAGs
[2026-09-30T08:07:00.384+0000] {logging_mixin.py:188} INFO - [2026-09-30T08:07:00.383+0000] {dag.py:3947} INFO - Setting next_dagrun for dag_market_eod to 2026-09-29 22:00:00+00:00, run_after=2026-09-30 22:00:00+00:00
[2026-09-30T08:07:00.394+0000] {processor.py:183} INFO - Processing /opt/airflow/dags/dag_market_eod.py took 0.367 seconds
[2026-09-30T08:07:30.509+0000] {processor.py:161} INFO - Started process (PID=3450) to work on /opt/airflow/dags/dag_market_eod.py
[2026-09-30T08:07:30.509+0000] {processor.py:830} INFO - Processing file /opt/airflow/dags/dag_market_eod.py for tasks to queue
[2026-09-30T08:07:30.510+0000] {logging_mixin.py:188} INFO - [2026-09-30T08:07:30.510+0000] {dagbag.py:545} INFO - Filling up the DagBag from /opt/airflow/dags/dag_market_eod.py
[2026-09-30T08:07:30.834+0000] {processor.py:840} INFO - DAG(s) 'dag_market_eod' retrieved from /opt/airflow/dags/dag_market_eod.py
[2026-09-30T08:07:30.856+0000] {logging_mixin.py:188} INFO - [2026-09-30T08:07:30.856+0000] {dag.py:3089} INFO - Sync 1 DAGs
[2026-09-30T08:07:30.870+0000] {logging_mixin.py:188} INFO - [2026-09-30T08:07:30.870+0000] {dag.py:3947} INFO - Setting next_dagrun for dag_market_eod to 2026-09-29 22:00:00+00:00, run_after=2026-09-30 22:00:00+00:00
[2026-09-30T08:07:30.880+0000] {processor.py:183} INFO - Processing /opt/airflow/dags/dag_market_eod.py took 0.376 seconds
[2026-09-30T08:08:00.994+0000] {processor.py:161} INFO - Started process (PID=3456) to work on /opt/airflow/dags/dag_market_eod.py
[2026-09-30T08:08:00.995+0000] {processor.py:830} INFO - Processing file /opt/airflow/dags/dag_market_eod.py for tasks to queue
[2026-09-30T08:08:00.996+0000] {logging_mixin.py:188} INFO - [2026-09-30T08:08:00.996+0000] {dagbag.py:545} INFO - Filling up the DagBag from /opt/airflow/dags/dag_market_eod.py
[2026-09-30T08:08:01.328+0000] {processor.py:840} INFO - DAG(s) 'dag_market_eod' retrieved from /opt/airflow/dags/dag_market_eod.py
[2026-09-30T08:08:01.343+0000] {logging_mixin.py:188} INFO - [2026-09-30T08:08:01.343+0000] {dag.py:3089} INFO - Sync 1 DAGs
[2026-09-30T08:08:01.354+0000] {logging_mixin.py:188} INFO - [2026-09-30T08:08:01.354+0000] {dag.py:3947} INFO - Setting next_dagrun for dag_market_eod to 2026-09-29 22:00:00+00:00, run_after=2026-09-30 22:00:00+00:00
[2026-09-30T08:08:01.364+0000] {processor.py:183} INFO - Processing /opt/airflow/dags/dag_market_eod.py took 0.375 seconds
[2026-09-30T08:08:31.464+0000] {processor.py:161} INFO - Started process (PID=3462) to work on /opt/airflow/dags/dag_market_eod.py
[2026-09-30T08:08:31.465+0000] {processor.py:830} INFO - Processing file /opt/airflow/dags/dag_market_eod.py for tasks to queue
[2026-09-30T08:08:31.465+0000] {logging_mixin.py:188} INFO - [2026-09-30T08:08:31.465+0000] {dagbag.py:545} INFO - Filling up the DagBag from /opt/airflow/dags/dag_market_eod.py
[2026-09-30T08:08:31.788+0000] {processor.py:840} INFO - DAG(s) 'dag_market_eod' retrieved from /opt/airflow/dags/dag_market_eod.py
[2026-09-30T08:08:31.810+0000] {logging_mixin.py:188} INFO - [2026-09-30T08:08:31.810+0000] {dag.py:3089} INFO - Sync 1 DAGs
[2026-09-30T08:08:31.821+0000] {logging_mixin.py:188} INFO - [2026-09-30T08:08:31.821+0000] {dag.py:3947} INFO - Setting next_dagrun for dag_market_eod to 2026-09-29 22:00:00+00:00, run_after=2026-09-30 22:00:00+00:00
[2026-09-30T08:08:31.836+0000] {processor.py:183} INFO - Processing /opt/airflow/dags/dag_market_eod.py took 0.375 seconds
[2026-09-30T08:09:01.938+0000] {processor.py:161} INFO - Started process (PID=3468) to work on /opt/airflow/dags/dag_market_eod.py
[2026-09-30T08:09:01.940+0000] {processor.py:830} INFO - Processing file /opt/airflow/dags/dag_market_eod.py for tasks to queue
[2026-09-30T08:09:01.941+0000] {logging_mixin.py:188} INFO - [2026-09-30T08:09:01.941+0000] {dagbag.py:545} INFO - Filling up the DagBag from /opt/airflow/dags/dag_market_eod.py
[2026-09-30T08:09:02.266+0000] {processor.py:840} INFO - DAG(s) 'dag_market_eod' retrieved from /opt/airflow/dags/dag_market_eod.py
[2026-09-30T08:09:02.281+0000] {logging_mixin.py:188} INFO - [2026-09-30T08:09:02.280+0000] {dag.py:3089} INFO - Sync 1 DAGs
[2026-09-30T08:09:02.292+0000] {logging_mixin.py:188} INFO - [2026-09-30T08:09:02.292+0000] {dag.py:3947} INFO - Setting next_dagrun for dag_market_eod to 2026-09-29 22:00:00+00:00, run_after=2026-09-30 22:00:00+00:00
[2026-09-30T08:09:02.302+0000] {processor.py:183} INFO - Processing /opt/airflow/dags/dag_market_eod.py took 0.368 seconds
[2026-09-30T08:09:32.409+0000] {processor.py:161} INFO - Started process (PID=3474) to work on /opt/airflow/dags/dag_market_eod.py
[2026-09-30T08:09:32.409+0000] {processor.py:830} INFO - Processing file /opt/airflow/dags/dag_market_eod.py for tasks to queue
[2026-09-30T08:09:32.410+0000] {logging_mixin.py:188} INFO - [2026-09-30T08:09:32.410+0000] {dagbag.py:545} INFO - Filling up the DagBag from /opt/airflow/dags/dag_market_eod.py
[2026-09-30T08:09:32.741+0000] {processor.py:840} INFO - DAG(s) 'dag_market_eod' retrieved from /opt/airflow/dags/dag_market_eod.py
[2026-09-30T08:09:32.755+0000] {logging_mixin.py:188} INFO - [2026-09-30T08:09:32.755+0000] {dag.py:3089} INFO - Sync 1 DAGs
[2026-09-30T08:09:32.767+0000] {logging_mixin.py:188} INFO - [2026-09-30T08:09:32.767+0000] {dag.py:3947} INFO - Setting next_dagrun for dag_market_eod to 2026-09-29 22:00:00+00:00, run_after=2026-09-30 22:00:00+00:00
[2026-09-30T08:09:32.775+0000] {processor.py:183} INFO - Processing /opt/airflow/dags/dag_market_eod.py took 0.370 seconds
[2026-09-30T08:10:02.885+0000] {processor.py:161} INFO - Started process (PID=3480) to work on /opt/airflow/dags/dag_market_eod.py
[2026-09-30T08:10:02.885+0000] {processor.py:830} INFO - Processing file /opt/airflow/dags/dag_market_eod.py for tasks to queue
[2026-09-30T08:10:02.886+0000] {logging_mixin.py:188} INFO - [2026-09-30T08:10:02.886+0000] {dagbag.py:545} INFO - Filling up the DagBag from /opt/airflow/dags/dag_market_eod.py
[2026-09-30T08:10:03.213+0000] {processor.py:840} INFO - DAG(s) 'dag_market_eod' retrieved from /opt/airflow/dags/dag_market_eod.py
[2026-09-30T08:10:03.227+0000] {logging_mixin.py:188} INFO - [2026-09-30T08:10:03.227+0000] {dag.py:3089} INFO - Sync 1 DAGs
[2026-09-30T08:10:03.240+0000] {logging_mixin.py:188} INFO - [2026-09-30T08:10:03.239+0000] {dag.py:3947} INFO - Setting next_dagrun for dag_market_eod to 2026-09-29 22:00:00+00:00, run_after=2026-09-30 22:00:00+00:00
[2026-09-30T08:10:03.250+0000] {processor.py:183} INFO - Processing /opt/airflow/dags/dag_market_eod.py took 0.368 seconds
[2026-09-30T08:10:33.354+0000] {processor.py:161} INFO - Started process (PID=3486) to work on /opt/airflow/dags/dag_market_eod.py
[2026-09-30T08:10:33.356+0000] {processor.py:830} INFO - Processing file /opt/airflow/dags/dag_market_eod.py for tasks to queue
[2026-09-30T08:10:33.357+0000] {logging_mixin.py:188} INFO - [2026-09-30T08:10:33.357+0000] {dagbag.py:545} INFO - Filling up the DagBag from /opt/airflow/dags/dag_market_eod.py
[2026-09-30T08:10:33.684+0000] {processor.py:840} INFO - DAG(s) 'dag_market_eod' retrieved from /opt/airflow/dags/dag_market_eod.py
[2026-09-30T08:10:33.699+0000] {logging_mixin.py:188} INFO - [2026-09-30T08:10:33.699+0000] {dag.py:3089} INFO - Sync 1 DAGs
[2026-09-30T08:10:33.710+0000] {logging_mixin.py:188} INFO - [2026-09-30T08:10:33.710+0000] {dag.py:3947} INFO - Setting next_dagrun for dag_market_eod to 2026-09-29 22:00:00+00:00, run_after=2026-09-30 22:00:00+00:00
[2026-09-30T08:10:33.720+0000] {processor.py:183} INFO - Processing /opt/airflow/dags/dag_market_eod.py took 0.369 seconds
[2026-09-30T08:11:03.825+0000] {processor.py:161} INFO - Started process (PID=3492) to work on /opt/airflow/dags/dag_market_eod.py
[2026-09-30T08:11:03.826+0000] {processor.py:830} INFO - Processing file /opt/airflow/dags/dag_market_eod.py for tasks to queue
[2026-09-30T08:11:03.827+0000] {logging_mixin.py:188} INFO - [2026-09-30T08:11:03.826+0000] {dagbag.py:545} INFO - Filling up the DagBag from /opt/airflow/dags/dag_market_eod.py
[2026-09-30T08:11:04.156+0000] {processor.py:840} INFO - DAG(s) 'dag_market_eod' retrieved from /opt/airflow/dags/dag_market_eod.py
[2026-09-30T08:11:04.170+0000] {logging_mixin.py:188} INFO - [2026-09-30T08:11:04.170+0000] {dag.py:3089} INFO - Sync 1 DAGs
[2026-09-30T08:11:04.182+0000] {logging_mixin.py:188} INFO - [2026-09-30T08:11:04.182+0000] {dag.py:3947} INFO - Setting next_dagrun for dag_market_eod to 2026-09-29 22:00:00+00:00, run_after=2026-09-30 22:00:00+00:00
[2026-09-30T08:11:04.192+0000] {processor.py:183} INFO - Processing /opt/airflow/dags/dag_market_eod.py took 0.370 seconds
[2026-09-30T08:11:34.296+0000] {processor.py:161} INFO - Started process (PID=3498) to work on /opt/airflow/dags/dag_market_eod.py
[2026-09-30T08:11:34.298+0000] {processor.py:830} INFO - Processing file /opt/airflow/dags/dag_market_eod.py for tasks to queue
[2026-09-30T08:11:34.299+0000] {logging_mixin.py:188} INFO - [2026-09-30T08:11:34.299+0000] {dagbag.py:545} INFO - Filling up the DagBag from /opt/airflow/dags/dag_market_eod.py
[2026-09-30T08:11:34.623+0000] {processor.py:840} INFO - DAG(s) 'dag_market_eod' retrieved from /opt/airflow/dags/dag_market_eod.py
[2026-09-30T08:11:34.641+0000] {logging_mixin.py:188} INFO - [2026-09-30T08:11:34.641+0000] {dag.py:3089} INFO - Sync 1 DAGs
[2026-09-30T08:11:34.652+0000] {logging_mixin.py:188} INFO - [2026-09-30T08:11:34.652+0000] {dag.py:3947} INFO - Setting next_dagrun for dag_market_eod to 2026-09-29 22:00:00+00:00, run_after=2026-09-30 22:00:00+00:00
[2026-09-30T08:11:34.661+0000] {processor.py:183} INFO - Processing /opt/airflow/dags/dag_market_eod.py took 0.370 seconds
[2026-09-30T08:12:04.773+0000] {processor.py:161} INFO - Started process (PID=3504) to work on /opt/airflow/dags/dag_market_eod.py
[2026-09-30T08:12:04.773+0000] {processor.py:830} INFO - Processing file /opt/airflow/dags/dag_market_eod.py for tasks to queue
[2026-09-30T08:12:04.774+0000] {logging_mixin.py:188} INFO - [2026-09-30T08:12:04.774+0000] {dagbag.py:545} INFO - Filling up the DagBag from /opt/airflow/dags/dag_market_eod.py
[2026-09-30T08:12:05.097+0000] {processor.py:840} INFO - DAG(s) 'dag_market_eod' retrieved from /opt/airflow/dags/dag_market_eod.py
[2026-09-30T08:12:05.120+0000] {logging_mixin.py:188} INFO - [2026-09-30T08:12:05.119+0000] {dag.py:3089} INFO - Sync 1 DAGs
[2026-09-30T08:12:05.132+0000] {logging_mixin.py:188} INFO - [2026-09-30T08:12:05.132+0000] {dag.py:3947} INFO - Setting next_dagrun for dag_market_eod to 2026-09-29 22:00:00+00:00, run_after=2026-09-30 22:00:00+00:00
[2026-09-30T08:12:05.142+0000] {processor.py:183} INFO - Processing /opt/airflow/dags/dag_market_eod.py took 0.372 seconds
[2026-09-30T08:12:35.252+0000] {processor.py:161} INFO - Started process (PID=3510) to work on /opt/airflow/dags/dag_market_eod.py
[2026-09-30T08:12:35.254+0000] {processor.py:830} INFO - Processing file /opt/airflow/dags/dag_market_eod.py for tasks to queue
[2026-09-30T08:12:35.255+0000] {logging_mixin.py:188} INFO - [2026-09-30T08:12:35.255+0000] {dagbag.py:545} INFO - Filling up the DagBag from /opt/airflow/dags/dag_market_eod.py
[2026-09-30T08:12:35.580+0000] {processor.py:840} INFO - DAG(s) 'dag_market_eod' retrieved from /opt/airflow/dags/dag_market_eod.py
[2026-09-30T08:12:35.594+0000] {logging_mixin.py:188} INFO - [2026-09-30T08:12:35.593+0000] {dag.py:3089} INFO - Sync 1 DAGs
[2026-09-30T08:12:35.606+0000] {logging_mixin.py:188} INFO - [2026-09-30T08:12:35.606+0000] {dag.py:3947} INFO - Setting next_dagrun for dag_market_eod to 2026-09-29 22:00:00+00:00, run_after=2026-09-30 22:00:00+00:00
[2026-09-30T08:12:35.616+0000] {processor.py:183} INFO - Processing /opt/airflow/dags/dag_market_eod.py took 0.367 seconds
[2026-09-30T08:13:05.717+0000] {processor.py:161} INFO - Started process (PID=3516) to work on /opt/airflow/dags/dag_market_eod.py
[2026-09-30T08:13:05.718+0000] {processor.py:830} INFO - Processing file /opt/airflow/dags/dag_market_eod.py for tasks to queue
[2026-09-30T08:13:05.719+0000] {logging_mixin.py:188} INFO - [2026-09-30T08:13:05.718+0000] {dagbag.py:545} INFO - Filling up the DagBag from /opt/airflow/dags/dag_market_eod.py
[2026-09-30T08:13:06.062+0000] {processor.py:840} INFO - DAG(s) 'dag_market_eod' retrieved from /opt/airflow/dags/dag_market_eod.py
[2026-09-30T08:13:06.079+0000] {logging_mixin.py:188} INFO - [2026-09-30T08:13:06.078+0000] {dag.py:3089} INFO - Sync 1 DAGs
[2026-09-30T08:13:06.091+0000] {logging_mixin.py:188} INFO - [2026-09-30T08:13:06.090+0000] {dag.py:3947} INFO - Setting next_dagrun for dag_market_eod to 2026-09-29 22:00:00+00:00, run_after=2026-09-30 22:00:00+00:00
[2026-09-30T08:13:06.102+0000] {processor.py:183} INFO - Processing /opt/airflow/dags/dag_market_eod.py took 0.388 seconds
[2026-09-30T08:13:36.201+0000] {processor.py:161} INFO - Started process (PID=3522) to work on /opt/airflow/dags/dag_market_eod.py
[2026-09-30T08:13:36.202+0000] {processor.py:830} INFO - Processing file /opt/airflow/dags/dag_market_eod.py for tasks to queue
[2026-09-30T08:13:36.203+0000] {logging_mixin.py:188} INFO - [2026-09-30T08:13:36.203+0000] {dagbag.py:545} INFO - Filling up the DagBag from /opt/airflow/dags/dag_market_eod.py
[2026-09-30T08:13:36.520+0000] {processor.py:840} INFO - DAG(s) 'dag_market_eod' retrieved from /opt/airflow/dags/dag_market_eod.py
[2026-09-30T08:13:36.533+0000] {logging_mixin.py:188} INFO - [2026-09-30T08:13:36.533+0000] {dag.py:3089} INFO - Sync 1 DAGs
[2026-09-30T08:13:36.544+0000] {logging_mixin.py:188} INFO - [2026-09-30T08:13:36.544+0000] {dag.py:3947} INFO - Setting next_dagrun for dag_market_eod to 2026-09-29 22:00:00+00:00, run_after=2026-09-30 22:00:00+00:00
[2026-09-30T08:13:36.562+0000] {processor.py:183} INFO - Processing /opt/airflow/dags/dag_market_eod.py took 0.364 seconds
[2026-09-30T08:14:06.671+0000] {processor.py:161} INFO - Started process (PID=3528) to work on /opt/airflow/dags/dag_market_eod.py
[2026-09-30T08:14:06.672+0000] {processor.py:830} INFO - Processing file /opt/airflow/dags/dag_market_eod.py for tasks to queue
[2026-09-30T08:14:06.673+0000] {logging_mixin.py:188} INFO - [2026-09-30T08:14:06.673+0000] {dagbag.py:545} INFO - Filling up the DagBag from /opt/airflow/dags/dag_market_eod.py
[2026-09-30T08:14:06.999+0000] {processor.py:840} INFO - DAG(s) 'dag_market_eod' retrieved from /opt/airflow/dags/dag_market_eod.py
[2026-09-30T08:14:07.018+0000] {logging_mixin.py:188} INFO - [2026-09-30T08:14:07.018+0000] {dag.py:3089} INFO - Sync 1 DAGs
[2026-09-30T08:14:07.029+0000] {logging_mixin.py:188} INFO - [2026-09-30T08:14:07.029+0000] {dag.py:3947} INFO - Setting next_dagrun for dag_market_eod to 2026-09-29 22:00:00+00:00, run_after=2026-09-30 22:00:00+00:00
[2026-09-30T08:14:07.038+0000] {processor.py:183} INFO - Processing /opt/airflow/dags/dag_market_eod.py took 0.371 seconds
[2026-09-30T08:14:37.137+0000] {processor.py:161} INFO - Started process (PID=3534) to work on /opt/airflow/dags/dag_market_eod.py
[2026-09-30T08:14:37.138+0000] {processor.py:830} INFO - Processing file /opt/airflow/dags/dag_market_eod.py for tasks to queue
[2026-09-30T08:14:37.139+0000] {logging_mixin.py:188} INFO - [2026-09-30T08:14:37.139+0000] {dagbag.py:545} INFO - Filling up the DagBag from /opt/airflow/dags/dag_market_eod.py
[2026-09-30T08:14:37.463+0000] {processor.py:840} INFO - DAG(s) 'dag_market_eod' retrieved from /opt/airflow/dags/dag_market_eod.py
[2026-09-30T08:14:37.477+0000] {logging_mixin.py:188} INFO - [2026-09-30T08:14:37.477+0000] {dag.py:3089} INFO - Sync 1 DAGs
[2026-09-30T08:14:37.488+0000] {logging_mixin.py:188} INFO - [2026-09-30T08:14:37.488+0000] {dag.py:3947} INFO - Setting next_dagrun for dag_market_eod to 2026-09-29 22:00:00+00:00, run_after=2026-09-30 22:00:00+00:00
[2026-09-30T08:14:37.499+0000] {processor.py:183} INFO - Processing /opt/airflow/dags/dag_market_eod.py took 0.366 seconds
[2026-09-30T08:15:07.600+0000] {processor.py:161} INFO - Started process (PID=3540) to work on /opt/airflow/dags/dag_market_eod.py
[2026-09-30T08:15:07.601+0000] {processor.py:830} INFO - Processing file /opt/airflow/dags/dag_market_eod.py for tasks to queue
[2026-09-30T08:15:07.602+0000] {logging_mixin.py:188} INFO - [2026-09-30T08:15:07.602+0000] {dagbag.py:545} INFO - Filling up the DagBag from /opt/airflow/dags/dag_market_eod.py
[2026-09-30T08:15:07.929+0000] {processor.py:840} INFO - DAG(s) 'dag_market_eod' retrieved from /opt/airflow/dags/dag_market_eod.py
[2026-09-30T08:15:07.948+0000] {logging_mixin.py:188} INFO - [2026-09-30T08:15:07.948+0000] {dag.py:3089} INFO - Sync 1 DAGs
[2026-09-30T08:15:07.960+0000] {logging_mixin.py:188} INFO - [2026-09-30T08:15:07.960+0000] {dag.py:3947} INFO - Setting next_dagrun for dag_market_eod to 2026-09-29 22:00:00+00:00, run_after=2026-09-30 22:00:00+00:00
[2026-09-30T08:15:07.971+0000] {processor.py:183} INFO - Processing /opt/airflow/dags/dag_market_eod.py took 0.375 seconds
[2026-09-30T08:15:38.071+0000] {processor.py:161} INFO - Started process (PID=3546) to work on /opt/airflow/dags/dag_market_eod.py
[2026-09-30T08:15:38.073+0000] {processor.py:830} INFO - Processing file /opt/airflow/dags/dag_market_eod.py for tasks to queue
[2026-09-30T08:15:38.074+0000] {logging_mixin.py:188} INFO - [2026-09-30T08:15:38.074+0000] {dagbag.py:545} INFO - Filling up the DagBag from /opt/airflow/dags/dag_market_eod.py
[2026-09-30T08:15:38.398+0000] {processor.py:840} INFO - DAG(s) 'dag_market_eod' retrieved from /opt/airflow/dags/dag_market_eod.py
[2026-09-30T08:15:38.416+0000] {logging_mixin.py:188} INFO - [2026-09-30T08:15:38.415+0000] {dag.py:3089} INFO - Sync 1 DAGs
[2026-09-30T08:15:38.427+0000] {logging_mixin.py:188} INFO - [2026-09-30T08:15:38.427+0000] {dag.py:3947} INFO - Setting next_dagrun for dag_market_eod to 2026-09-29 22:00:00+00:00, run_after=2026-09-30 22:00:00+00:00
[2026-09-30T08:15:38.436+0000] {processor.py:183} INFO - Processing /opt/airflow/dags/dag_market_eod.py took 0.371 seconds
[2026-09-30T08:16:08.537+0000] {processor.py:161} INFO - Started process (PID=3552) to work on /opt/airflow/dags/dag_market_eod.py
[2026-09-30T08:16:08.537+0000] {processor.py:830} INFO - Processing file /opt/airflow/dags/dag_market_eod.py for tasks to queue
[2026-09-30T08:16:08.538+0000] {logging_mixin.py:188} INFO - [2026-09-30T08:16:08.538+0000] {dagbag.py:545} INFO - Filling up the DagBag from /opt/airflow/dags/dag_market_eod.py
[2026-09-30T08:16:08.861+0000] {processor.py:840} INFO - DAG(s) 'dag_market_eod' retrieved from /opt/airflow/dags/dag_market_eod.py
[2026-09-30T08:16:08.876+0000] {logging_mixin.py:188} INFO - [2026-09-30T08:16:08.875+0000] {dag.py:3089} INFO - Sync 1 DAGs
[2026-09-30T08:16:08.888+0000] {logging_mixin.py:188} INFO - [2026-09-30T08:16:08.888+0000] {dag.py:3947} INFO - Setting next_dagrun for dag_market_eod to 2026-09-29 22:00:00+00:00, run_after=2026-09-30 22:00:00+00:00
[2026-09-30T08:16:08.896+0000] {processor.py:183} INFO - Processing /opt/airflow/dags/dag_market_eod.py took 0.363 seconds
[2026-09-30T08:16:38.994+0000] {processor.py:161} INFO - Started process (PID=3558) to work on /opt/airflow/dags/dag_market_eod.py
[2026-09-30T08:16:38.994+0000] {processor.py:830} INFO - Processing file /opt/airflow/dags/dag_market_eod.py for tasks to queue
[2026-09-30T08:16:38.995+0000] {logging_mixin.py:188} INFO - [2026-09-30T08:16:38.995+0000] {dagbag.py:545} INFO - Filling up the DagBag from /opt/airflow/dags/dag_market_eod.py
[2026-09-30T08:16:39.327+0000] {processor.py:840} INFO - DAG(s) 'dag_market_eod' retrieved from /opt/airflow/dags/dag_market_eod.py
[2026-09-30T08:16:39.346+0000] {logging_mixin.py:188} INFO - [2026-09-30T08:16:39.346+0000] {dag.py:3089} INFO - Sync 1 DAGs
[2026-09-30T08:16:39.357+0000] {logging_mixin.py:188} INFO - [2026-09-30T08:16:39.357+0000] {dag.py:3947} INFO - Setting next_dagrun for dag_market_eod to 2026-09-29 22:00:00+00:00, run_after=2026-09-30 22:00:00+00:00
[2026-09-30T08:16:39.368+0000] {processor.py:183} INFO - Processing /opt/airflow/dags/dag_market_eod.py took 0.377 seconds
[2026-09-30T08:17:09.465+0000] {processor.py:161} INFO - Started process (PID=3564) to work on /opt/airflow/dags/dag_market_eod.py
[2026-09-30T08:17:09.465+0000] {processor.py:830} INFO - Processing file /opt/airflow/dags/dag_market_eod.py for tasks to queue
[2026-09-30T08:17:09.466+0000] {logging_mixin.py:188} INFO - [2026-09-30T08:17:09.466+0000] {dagbag.py:545} INFO - Filling up the DagBag from /opt/airflow/dags/dag_market_eod.py
[2026-09-30T08:17:09.789+0000] {processor.py:840} INFO - DAG(s) 'dag_market_eod' retrieved from /opt/airflow/dags/dag_market_eod.py
[2026-09-30T08:17:09.809+0000] {logging_mixin.py:188} INFO - [2026-09-30T08:17:09.808+0000] {dag.py:3089} INFO - Sync 1 DAGs
[2026-09-30T08:17:09.819+0000] {logging_mixin.py:188} INFO - [2026-09-30T08:17:09.819+0000] {dag.py:3947} INFO - Setting next_dagrun for dag_market_eod to 2026-09-29 22:00:00+00:00, run_after=2026-09-30 22:00:00+00:00
[2026-09-30T08:17:09.830+0000] {processor.py:183} INFO - Processing /opt/airflow/dags/dag_market_eod.py took 0.370 seconds
[2026-09-30T08:17:39.933+0000] {processor.py:161} INFO - Started process (PID=3570) to work on /opt/airflow/dags/dag_market_eod.py
[2026-09-30T08:17:39.936+0000] {processor.py:830} INFO - Processing file /opt/airflow/dags/dag_market_eod.py for tasks to queue
[2026-09-30T08:17:39.937+0000] {logging_mixin.py:188} INFO - [2026-09-30T08:17:39.937+0000] {dagbag.py:545} INFO - Filling up the DagBag from /opt/airflow/dags/dag_market_eod.py
[2026-09-30T08:17:40.256+0000] {processor.py:840} INFO - DAG(s) 'dag_market_eod' retrieved from /opt/airflow/dags/dag_market_eod.py
[2026-09-30T08:17:40.270+0000] {logging_mixin.py:188} INFO - [2026-09-30T08:17:40.270+0000] {dag.py:3089} INFO - Sync 1 DAGs
[2026-09-30T08:17:40.281+0000] {logging_mixin.py:188} INFO - [2026-09-30T08:17:40.281+0000] {dag.py:3947} INFO - Setting next_dagrun for dag_market_eod to 2026-09-29 22:00:00+00:00, run_after=2026-09-30 22:00:00+00:00
[2026-09-30T08:17:40.291+0000] {processor.py:183} INFO - Processing /opt/airflow/dags/dag_market_eod.py took 0.362 seconds
[2026-09-30T08:18:10.394+0000] {processor.py:161} INFO - Started process (PID=3576) to work on /opt/airflow/dags/dag_market_eod.py
[2026-09-30T08:18:10.395+0000] {processor.py:830} INFO - Processing file /opt/airflow/dags/dag_market_eod.py for tasks to queue
[2026-09-30T08:18:10.396+0000] {logging_mixin.py:188} INFO - [2026-09-30T08:18:10.395+0000] {dagbag.py:545} INFO - Filling up the DagBag from /opt/airflow/dags/dag_market_eod.py
[2026-09-30T08:18:10.729+0000] {processor.py:840} INFO - DAG(s) 'dag_market_eod' retrieved from /opt/airflow/dags/dag_market_eod.py
[2026-09-30T08:18:10.744+0000] {logging_mixin.py:188} INFO - [2026-09-30T08:18:10.743+0000] {dag.py:3089} INFO - Sync 1 DAGs
[2026-09-30T08:18:10.756+0000] {logging_mixin.py:188} INFO - [2026-09-30T08:18:10.756+0000] {dag.py:3947} INFO - Setting next_dagrun for dag_market_eod to 2026-09-29 22:00:00+00:00, run_after=2026-09-30 22:00:00+00:00
[2026-09-30T08:18:10.766+0000] {processor.py:183} INFO - Processing /opt/airflow/dags/dag_market_eod.py took 0.375 seconds
[2026-09-30T08:18:40.874+0000] {processor.py:161} INFO - Started process (PID=3582) to work on /opt/airflow/dags/dag_market_eod.py
[2026-09-30T08:18:40.875+0000] {processor.py:830} INFO - Processing file /opt/airflow/dags/dag_market_eod.py for tasks to queue
[2026-09-30T08:18:40.876+0000] {logging_mixin.py:188} INFO - [2026-09-30T08:18:40.876+0000] {dagbag.py:545} INFO - Filling up the DagBag from /opt/airflow/dags/dag_market_eod.py
[2026-09-30T08:18:41.208+0000] {processor.py:840} INFO - DAG(s) 'dag_market_eod' retrieved from /opt/airflow/dags/dag_market_eod.py
[2026-09-30T08:18:41.227+0000] {logging_mixin.py:188} INFO - [2026-09-30T08:18:41.227+0000] {dag.py:3089} INFO - Sync 1 DAGs
[2026-09-30T08:18:41.242+0000] {logging_mixin.py:188} INFO - [2026-09-30T08:18:41.242+0000] {dag.py:3947} INFO - Setting next_dagrun for dag_market_eod to 2026-09-29 22:00:00+00:00, run_after=2026-09-30 22:00:00+00:00
[2026-09-30T08:18:41.251+0000] {processor.py:183} INFO - Processing /opt/airflow/dags/dag_market_eod.py took 0.381 seconds
[2026-09-30T08:19:11.352+0000] {processor.py:161} INFO - Started process (PID=3588) to work on /opt/airflow/dags/dag_market_eod.py
[2026-09-30T08:19:11.353+0000] {processor.py:830} INFO - Processing file /opt/airflow/dags/dag_market_eod.py for tasks to queue
[2026-09-30T08:19:11.354+0000] {logging_mixin.py:188} INFO - [2026-09-30T08:19:11.353+0000] {dagbag.py:545} INFO - Filling up the DagBag from /opt/airflow/dags/dag_market_eod.py
[2026-09-30T08:19:11.680+0000] {processor.py:840} INFO - DAG(s) 'dag_market_eod' retrieved from /opt/airflow/dags/dag_market_eod.py
[2026-09-30T08:19:11.695+0000] {logging_mixin.py:188} INFO - [2026-09-30T08:19:11.695+0000] {dag.py:3089} INFO - Sync 1 DAGs
[2026-09-30T08:19:11.706+0000] {logging_mixin.py:188} INFO - [2026-09-30T08:19:11.706+0000] {dag.py:3947} INFO - Setting next_dagrun for dag_market_eod to 2026-09-29 22:00:00+00:00, run_after=2026-09-30 22:00:00+00:00
[2026-09-30T08:19:11.717+0000] {processor.py:183} INFO - Processing /opt/airflow/dags/dag_market_eod.py took 0.367 seconds
[2026-09-30T08:19:41.820+0000] {processor.py:161} INFO - Started process (PID=3594) to work on /opt/airflow/dags/dag_market_eod.py
[2026-09-30T08:19:41.822+0000] {processor.py:830} INFO - Processing file /opt/airflow/dags/dag_market_eod.py for tasks to queue
[2026-09-30T08:19:41.823+0000] {logging_mixin.py:188} INFO - [2026-09-30T08:19:41.823+0000] {dagbag.py:545} INFO - Filling up the DagBag from /opt/airflow/dags/dag_market_eod.py
[2026-09-30T08:19:42.154+0000] {processor.py:840} INFO - DAG(s) 'dag_market_eod' retrieved from /opt/airflow/dags/dag_market_eod.py
[2026-09-30T08:19:42.170+0000] {logging_mixin.py:188} INFO - [2026-09-30T08:19:42.170+0000] {dag.py:3089} INFO - Sync 1 DAGs
[2026-09-30T08:19:42.181+0000] {logging_mixin.py:188} INFO - [2026-09-30T08:19:42.181+0000] {dag.py:3947} INFO - Setting next_dagrun for dag_market_eod to 2026-09-29 22:00:00+00:00, run_after=2026-09-30 22:00:00+00:00
[2026-09-30T08:19:42.192+0000] {processor.py:183} INFO - Processing /opt/airflow/dags/dag_market_eod.py took 0.376 seconds
[2026-09-30T08:20:12.293+0000] {processor.py:161} INFO - Started process (PID=3600) to work on /opt/airflow/dags/dag_market_eod.py
[2026-09-30T08:20:12.294+0000] {processor.py:830} INFO - Processing file /opt/airflow/dags/dag_market_eod.py for tasks to queue
[2026-09-30T08:20:12.295+0000] {logging_mixin.py:188} INFO - [2026-09-30T08:20:12.295+0000] {dagbag.py:545} INFO - Filling up the DagBag from /opt/airflow/dags/dag_market_eod.py
[2026-09-30T08:20:12.620+0000] {processor.py:840} INFO - DAG(s) 'dag_market_eod' retrieved from /opt/airflow/dags/dag_market_eod.py
[2026-09-30T08:20:12.634+0000] {logging_mixin.py:188} INFO - [2026-09-30T08:20:12.634+0000] {dag.py:3089} INFO - Sync 1 DAGs
[2026-09-30T08:20:12.645+0000] {logging_mixin.py:188} INFO - [2026-09-30T08:20:12.645+0000] {dag.py:3947} INFO - Setting next_dagrun for dag_market_eod to 2026-09-29 22:00:00+00:00, run_after=2026-09-30 22:00:00+00:00
[2026-09-30T08:20:12.656+0000] {processor.py:183} INFO - Processing /opt/airflow/dags/dag_market_eod.py took 0.367 seconds
[2026-09-30T08:20:42.759+0000] {processor.py:161} INFO - Started process (PID=3606) to work on /opt/airflow/dags/dag_market_eod.py
[2026-09-30T08:20:42.761+0000] {processor.py:830} INFO - Processing file /opt/airflow/dags/dag_market_eod.py for tasks to queue
[2026-09-30T08:20:42.762+0000] {logging_mixin.py:188} INFO - [2026-09-30T08:20:42.762+0000] {dagbag.py:545} INFO - Filling up the DagBag from /opt/airflow/dags/dag_market_eod.py
[2026-09-30T08:20:43.091+0000] {processor.py:840} INFO - DAG(s) 'dag_market_eod' retrieved from /opt/airflow/dags/dag_market_eod.py
[2026-09-30T08:20:43.112+0000] {logging_mixin.py:188} INFO - [2026-09-30T08:20:43.112+0000] {dag.py:3089} INFO - Sync 1 DAGs
[2026-09-30T08:20:43.123+0000] {logging_mixin.py:188} INFO - [2026-09-30T08:20:43.123+0000] {dag.py:3947} INFO - Setting next_dagrun for dag_market_eod to 2026-09-29 22:00:00+00:00, run_after=2026-09-30 22:00:00+00:00
[2026-09-30T08:20:43.134+0000] {processor.py:183} INFO - Processing /opt/airflow/dags/dag_market_eod.py took 0.378 seconds
[2026-09-30T08:21:13.230+0000] {processor.py:161} INFO - Started process (PID=3612) to work on /opt/airflow/dags/dag_market_eod.py
[2026-09-30T08:21:13.231+0000] {processor.py:830} INFO - Processing file /opt/airflow/dags/dag_market_eod.py for tasks to queue
[2026-09-30T08:21:13.232+0000] {logging_mixin.py:188} INFO - [2026-09-30T08:21:13.232+0000] {dagbag.py:545} INFO - Filling up the DagBag from /opt/airflow/dags/dag_market_eod.py
[2026-09-30T08:21:13.567+0000] {processor.py:840} INFO - DAG(s) 'dag_market_eod' retrieved from /opt/airflow/dags/dag_market_eod.py
[2026-09-30T08:21:13.581+0000] {logging_mixin.py:188} INFO - [2026-09-30T08:21:13.581+0000] {dag.py:3089} INFO - Sync 1 DAGs
[2026-09-30T08:21:13.595+0000] {logging_mixin.py:188} INFO - [2026-09-30T08:21:13.594+0000] {dag.py:3947} INFO - Setting next_dagrun for dag_market_eod to 2026-09-29 22:00:00+00:00, run_after=2026-09-30 22:00:00+00:00
[2026-09-30T08:21:13.605+0000] {processor.py:183} INFO - Processing /opt/airflow/dags/dag_market_eod.py took 0.380 seconds
[2026-09-30T08:21:43.711+0000] {processor.py:161} INFO - Started process (PID=3618) to work on /opt/airflow/dags/dag_market_eod.py
[2026-09-30T08:21:43.713+0000] {processor.py:830} INFO - Processing file /opt/airflow/dags/dag_market_eod.py for tasks to queue
[2026-09-30T08:21:43.714+0000] {logging_mixin.py:188} INFO - [2026-09-30T08:21:43.713+0000] {dagbag.py:545} INFO - Filling up the DagBag from /opt/airflow/dags/dag_market_eod.py
[2026-09-30T08:21:44.042+0000] {processor.py:840} INFO - DAG(s) 'dag_market_eod' retrieved from /opt/airflow/dags/dag_market_eod.py
[2026-09-30T08:21:44.060+0000] {logging_mixin.py:188} INFO - [2026-09-30T08:21:44.060+0000] {dag.py:3089} INFO - Sync 1 DAGs
[2026-09-30T08:21:44.072+0000] {logging_mixin.py:188} INFO - [2026-09-30T08:21:44.072+0000] {dag.py:3947} INFO - Setting next_dagrun for dag_market_eod to 2026-09-29 22:00:00+00:00, run_after=2026-09-30 22:00:00+00:00
[2026-09-30T08:21:44.083+0000] {processor.py:183} INFO - Processing /opt/airflow/dags/dag_market_eod.py took 0.375 seconds
[2026-09-30T08:22:14.192+0000] {processor.py:161} INFO - Started process (PID=3624) to work on /opt/airflow/dags/dag_market_eod.py
[2026-09-30T08:22:14.192+0000] {processor.py:830} INFO - Processing file /opt/airflow/dags/dag_market_eod.py for tasks to queue
[2026-09-30T08:22:14.193+0000] {logging_mixin.py:188} INFO - [2026-09-30T08:22:14.193+0000] {dagbag.py:545} INFO - Filling up the DagBag from /opt/airflow/dags/dag_market_eod.py
[2026-09-30T08:22:14.521+0000] {processor.py:840} INFO - DAG(s) 'dag_market_eod' retrieved from /opt/airflow/dags/dag_market_eod.py
[2026-09-30T08:22:14.537+0000] {logging_mixin.py:188} INFO - [2026-09-30T08:22:14.537+0000] {dag.py:3089} INFO - Sync 1 DAGs
[2026-09-30T08:22:14.548+0000] {logging_mixin.py:188} INFO - [2026-09-30T08:22:14.548+0000] {dag.py:3947} INFO - Setting next_dagrun for dag_market_eod to 2026-09-29 22:00:00+00:00, run_after=2026-09-30 22:00:00+00:00
[2026-09-30T08:22:14.557+0000] {processor.py:183} INFO - Processing /opt/airflow/dags/dag_market_eod.py took 0.369 seconds
[2026-09-30T08:22:44.671+0000] {processor.py:161} INFO - Started process (PID=3630) to work on /opt/airflow/dags/dag_market_eod.py
[2026-09-30T08:22:44.672+0000] {processor.py:830} INFO - Processing file /opt/airflow/dags/dag_market_eod.py for tasks to queue
[2026-09-30T08:22:44.673+0000] {logging_mixin.py:188} INFO - [2026-09-30T08:22:44.673+0000] {dagbag.py:545} INFO - Filling up the DagBag from /opt/airflow/dags/dag_market_eod.py
[2026-09-30T08:22:45.001+0000] {processor.py:840} INFO - DAG(s) 'dag_market_eod' retrieved from /opt/airflow/dags/dag_market_eod.py
[2026-09-30T08:22:45.017+0000] {logging_mixin.py:188} INFO - [2026-09-30T08:22:45.016+0000] {dag.py:3089} INFO - Sync 1 DAGs
[2026-09-30T08:22:45.028+0000] {logging_mixin.py:188} INFO - [2026-09-30T08:22:45.028+0000] {dag.py:3947} INFO - Setting next_dagrun for dag_market_eod to 2026-09-29 22:00:00+00:00, run_after=2026-09-30 22:00:00+00:00
[2026-09-30T08:22:45.037+0000] {processor.py:183} INFO - Processing /opt/airflow/dags/dag_market_eod.py took 0.370 seconds
[2026-09-30T08:23:15.139+0000] {processor.py:161} INFO - Started process (PID=3636) to work on /opt/airflow/dags/dag_market_eod.py
[2026-09-30T08:23:15.140+0000] {processor.py:830} INFO - Processing file /opt/airflow/dags/dag_market_eod.py for tasks to queue
[2026-09-30T08:23:15.141+0000] {logging_mixin.py:188} INFO - [2026-09-30T08:23:15.140+0000] {dagbag.py:545} INFO - Filling up the DagBag from /opt/airflow/dags/dag_market_eod.py
[2026-09-30T08:23:15.462+0000] {processor.py:840} INFO - DAG(s) 'dag_market_eod' retrieved from /opt/airflow/dags/dag_market_eod.py
[2026-09-30T08:23:15.479+0000] {logging_mixin.py:188} INFO - [2026-09-30T08:23:15.478+0000] {dag.py:3089} INFO - Sync 1 DAGs
[2026-09-30T08:23:15.490+0000] {logging_mixin.py:188} INFO - [2026-09-30T08:23:15.490+0000] {dag.py:3947} INFO - Setting next_dagrun for dag_market_eod to 2026-09-29 22:00:00+00:00, run_after=2026-09-30 22:00:00+00:00
[2026-09-30T08:23:15.503+0000] {processor.py:183} INFO - Processing /opt/airflow/dags/dag_market_eod.py took 0.367 seconds
[2026-09-30T08:23:45.609+0000] {processor.py:161} INFO - Started process (PID=3642) to work on /opt/airflow/dags/dag_market_eod.py
[2026-09-30T08:23:45.611+0000] {processor.py:830} INFO - Processing file /opt/airflow/dags/dag_market_eod.py for tasks to queue
[2026-09-30T08:23:45.612+0000] {logging_mixin.py:188} INFO - [2026-09-30T08:23:45.612+0000] {dagbag.py:545} INFO - Filling up the DagBag from /opt/airflow/dags/dag_market_eod.py
[2026-09-30T08:23:45.946+0000] {processor.py:840} INFO - DAG(s) 'dag_market_eod' retrieved from /opt/airflow/dags/dag_market_eod.py
[2026-09-30T08:23:45.961+0000] {logging_mixin.py:188} INFO - [2026-09-30T08:23:45.961+0000] {dag.py:3089} INFO - Sync 1 DAGs
[2026-09-30T08:23:45.972+0000] {logging_mixin.py:188} INFO - [2026-09-30T08:23:45.972+0000] {dag.py:3947} INFO - Setting next_dagrun for dag_market_eod to 2026-09-29 22:00:00+00:00, run_after=2026-09-30 22:00:00+00:00
[2026-09-30T08:23:45.982+0000] {processor.py:183} INFO - Processing /opt/airflow/dags/dag_market_eod.py took 0.376 seconds
[2026-09-30T08:24:16.078+0000] {processor.py:161} INFO - Started process (PID=3648) to work on /opt/airflow/dags/dag_market_eod.py
[2026-09-30T08:24:16.079+0000] {processor.py:830} INFO - Processing file /opt/airflow/dags/dag_market_eod.py for tasks to queue
[2026-09-30T08:24:16.080+0000] {logging_mixin.py:188} INFO - [2026-09-30T08:24:16.080+0000] {dagbag.py:545} INFO - Filling up the DagBag from /opt/airflow/dags/dag_market_eod.py
[2026-09-30T08:24:16.403+0000] {processor.py:840} INFO - DAG(s) 'dag_market_eod' retrieved from /opt/airflow/dags/dag_market_eod.py
[2026-09-30T08:24:16.417+0000] {logging_mixin.py:188} INFO - [2026-09-30T08:24:16.417+0000] {dag.py:3089} INFO - Sync 1 DAGs
[2026-09-30T08:24:16.429+0000] {logging_mixin.py:188} INFO - [2026-09-30T08:24:16.429+0000] {dag.py:3947} INFO - Setting next_dagrun for dag_market_eod to 2026-09-29 22:00:00+00:00, run_after=2026-09-30 22:00:00+00:00
[2026-09-30T08:24:16.439+0000] {processor.py:183} INFO - Processing /opt/airflow/dags/dag_market_eod.py took 0.365 seconds
[2026-09-30T08:24:46.544+0000] {processor.py:161} INFO - Started process (PID=3654) to work on /opt/airflow/dags/dag_market_eod.py
[2026-09-30T08:24:46.546+0000] {processor.py:830} INFO - Processing file /opt/airflow/dags/dag_market_eod.py for tasks to queue
[2026-09-30T08:24:46.548+0000] {logging_mixin.py:188} INFO - [2026-09-30T08:24:46.547+0000] {dagbag.py:545} INFO - Filling up the DagBag from /opt/airflow/dags/dag_market_eod.py
[2026-09-30T08:24:46.868+0000] {processor.py:840} INFO - DAG(s) 'dag_market_eod' retrieved from /opt/airflow/dags/dag_market_eod.py
[2026-09-30T08:24:46.887+0000] {logging_mixin.py:188} INFO - [2026-09-30T08:24:46.887+0000] {dag.py:3089} INFO - Sync 1 DAGs
[2026-09-30T08:24:46.904+0000] {logging_mixin.py:188} INFO - [2026-09-30T08:24:46.904+0000] {dag.py:3947} INFO - Setting next_dagrun for dag_market_eod to 2026-09-29 22:00:00+00:00, run_after=2026-09-30 22:00:00+00:00
[2026-09-30T08:24:46.915+0000] {processor.py:183} INFO - Processing /opt/airflow/dags/dag_market_eod.py took 0.375 seconds
[2026-09-30T08:25:17.011+0000] {processor.py:161} INFO - Started process (PID=3660) to work on /opt/airflow/dags/dag_market_eod.py
[2026-09-30T08:25:17.011+0000] {processor.py:830} INFO - Processing file /opt/airflow/dags/dag_market_eod.py for tasks to queue
[2026-09-30T08:25:17.012+0000] {logging_mixin.py:188} INFO - [2026-09-30T08:25:17.012+0000] {dagbag.py:545} INFO - Filling up the DagBag from /opt/airflow/dags/dag_market_eod.py
[2026-09-30T08:25:17.334+0000] {processor.py:840} INFO - DAG(s) 'dag_market_eod' retrieved from /opt/airflow/dags/dag_market_eod.py
[2026-09-30T08:25:17.350+0000] {logging_mixin.py:188} INFO - [2026-09-30T08:25:17.350+0000] {dag.py:3089} INFO - Sync 1 DAGs
[2026-09-30T08:25:17.361+0000] {logging_mixin.py:188} INFO - [2026-09-30T08:25:17.361+0000] {dag.py:3947} INFO - Setting next_dagrun for dag_market_eod to 2026-09-29 22:00:00+00:00, run_after=2026-09-30 22:00:00+00:00
[2026-09-30T08:25:17.371+0000] {processor.py:183} INFO - Processing /opt/airflow/dags/dag_market_eod.py took 0.365 seconds
[2026-09-30T08:25:47.479+0000] {processor.py:161} INFO - Started process (PID=3666) to work on /opt/airflow/dags/dag_market_eod.py
[2026-09-30T08:25:47.481+0000] {processor.py:830} INFO - Processing file /opt/airflow/dags/dag_market_eod.py for tasks to queue
[2026-09-30T08:25:47.482+0000] {logging_mixin.py:188} INFO - [2026-09-30T08:25:47.482+0000] {dagbag.py:545} INFO - Filling up the DagBag from /opt/airflow/dags/dag_market_eod.py
[2026-09-30T08:25:47.803+0000] {processor.py:840} INFO - DAG(s) 'dag_market_eod' retrieved from /opt/airflow/dags/dag_market_eod.py
[2026-09-30T08:25:47.818+0000] {logging_mixin.py:188} INFO - [2026-09-30T08:25:47.818+0000] {dag.py:3089} INFO - Sync 1 DAGs
[2026-09-30T08:25:47.829+0000] {logging_mixin.py:188} INFO - [2026-09-30T08:25:47.829+0000] {dag.py:3947} INFO - Setting next_dagrun for dag_market_eod to 2026-09-29 22:00:00+00:00, run_after=2026-09-30 22:00:00+00:00
[2026-09-30T08:25:47.840+0000] {processor.py:183} INFO - Processing /opt/airflow/dags/dag_market_eod.py took 0.366 seconds
[2026-09-30T08:26:17.938+0000] {processor.py:161} INFO - Started process (PID=3672) to work on /opt/airflow/dags/dag_market_eod.py
[2026-09-30T08:26:17.939+0000] {processor.py:830} INFO - Processing file /opt/airflow/dags/dag_market_eod.py for tasks to queue
[2026-09-30T08:26:17.940+0000] {logging_mixin.py:188} INFO - [2026-09-30T08:26:17.940+0000] {dagbag.py:545} INFO - Filling up the DagBag from /opt/airflow/dags/dag_market_eod.py
[2026-09-30T08:26:18.274+0000] {processor.py:840} INFO - DAG(s) 'dag_market_eod' retrieved from /opt/airflow/dags/dag_market_eod.py
[2026-09-30T08:26:18.289+0000] {logging_mixin.py:188} INFO - [2026-09-30T08:26:18.289+0000] {dag.py:3089} INFO - Sync 1 DAGs
[2026-09-30T08:26:18.300+0000] {logging_mixin.py:188} INFO - [2026-09-30T08:26:18.300+0000] {dag.py:3947} INFO - Setting next_dagrun for dag_market_eod to 2026-09-29 22:00:00+00:00, run_after=2026-09-30 22:00:00+00:00
[2026-09-30T08:26:18.310+0000] {processor.py:183} INFO - Processing /opt/airflow/dags/dag_market_eod.py took 0.376 seconds
[2026-09-30T08:26:48.422+0000] {processor.py:161} INFO - Started process (PID=3678) to work on /opt/airflow/dags/dag_market_eod.py
[2026-09-30T08:26:48.424+0000] {processor.py:830} INFO - Processing file /opt/airflow/dags/dag_market_eod.py for tasks to queue
[2026-09-30T08:26:48.426+0000] {logging_mixin.py:188} INFO - [2026-09-30T08:26:48.426+0000] {dagbag.py:545} INFO - Filling up the DagBag from /opt/airflow/dags/dag_market_eod.py
[2026-09-30T08:26:48.751+0000] {processor.py:840} INFO - DAG(s) 'dag_market_eod' retrieved from /opt/airflow/dags/dag_market_eod.py
[2026-09-30T08:26:48.767+0000] {logging_mixin.py:188} INFO - [2026-09-30T08:26:48.767+0000] {dag.py:3089} INFO - Sync 1 DAGs
[2026-09-30T08:26:48.778+0000] {logging_mixin.py:188} INFO - [2026-09-30T08:26:48.778+0000] {dag.py:3947} INFO - Setting next_dagrun for dag_market_eod to 2026-09-29 22:00:00+00:00, run_after=2026-09-30 22:00:00+00:00
[2026-09-30T08:26:48.789+0000] {processor.py:183} INFO - Processing /opt/airflow/dags/dag_market_eod.py took 0.372 seconds
[2026-09-30T08:27:18.899+0000] {processor.py:161} INFO - Started process (PID=3684) to work on /opt/airflow/dags/dag_market_eod.py
[2026-09-30T08:27:18.899+0000] {processor.py:830} INFO - Processing file /opt/airflow/dags/dag_market_eod.py for tasks to queue
[2026-09-30T08:27:18.900+0000] {logging_mixin.py:188} INFO - [2026-09-30T08:27:18.900+0000] {dagbag.py:545} INFO - Filling up the DagBag from /opt/airflow/dags/dag_market_eod.py
[2026-09-30T08:27:19.232+0000] {processor.py:840} INFO - DAG(s) 'dag_market_eod' retrieved from /opt/airflow/dags/dag_market_eod.py
[2026-09-30T08:27:19.246+0000] {logging_mixin.py:188} INFO - [2026-09-30T08:27:19.246+0000] {dag.py:3089} INFO - Sync 1 DAGs
[2026-09-30T08:27:19.258+0000] {logging_mixin.py:188} INFO - [2026-09-30T08:27:19.258+0000] {dag.py:3947} INFO - Setting next_dagrun for dag_market_eod to 2026-09-29 22:00:00+00:00, run_after=2026-09-30 22:00:00+00:00
[2026-09-30T08:27:19.268+0000] {processor.py:183} INFO - Processing /opt/airflow/dags/dag_market_eod.py took 0.372 seconds
[2026-09-30T08:27:49.372+0000] {processor.py:161} INFO - Started process (PID=3690) to work on /opt/airflow/dags/dag_market_eod.py
[2026-09-30T08:27:49.374+0000] {processor.py:830} INFO - Processing file /opt/airflow/dags/dag_market_eod.py for tasks to queue
[2026-09-30T08:27:49.375+0000] {logging_mixin.py:188} INFO - [2026-09-30T08:27:49.374+0000] {dagbag.py:545} INFO - Filling up the DagBag from /opt/airflow/dags/dag_market_eod.py
[2026-09-30T08:27:49.696+0000] {processor.py:840} INFO - DAG(s) 'dag_market_eod' retrieved from /opt/airflow/dags/dag_market_eod.py
[2026-09-30T08:27:49.713+0000] {logging_mixin.py:188} INFO - [2026-09-30T08:27:49.713+0000] {dag.py:3089} INFO - Sync 1 DAGs
[2026-09-30T08:27:49.725+0000] {logging_mixin.py:188} INFO - [2026-09-30T08:27:49.725+0000] {dag.py:3947} INFO - Setting next_dagrun for dag_market_eod to 2026-09-29 22:00:00+00:00, run_after=2026-09-30 22:00:00+00:00
[2026-09-30T08:27:49.735+0000] {processor.py:183} INFO - Processing /opt/airflow/dags/dag_market_eod.py took 0.368 seconds
[2026-09-30T08:28:19.832+0000] {processor.py:161} INFO - Started process (PID=3696) to work on /opt/airflow/dags/dag_market_eod.py
[2026-09-30T08:28:19.833+0000] {processor.py:830} INFO - Processing file /opt/airflow/dags/dag_market_eod.py for tasks to queue
[2026-09-30T08:28:19.833+0000] {logging_mixin.py:188} INFO - [2026-09-30T08:28:19.833+0000] {dagbag.py:545} INFO - Filling up the DagBag from /opt/airflow/dags/dag_market_eod.py
[2026-09-30T08:28:20.176+0000] {processor.py:840} INFO - DAG(s) 'dag_market_eod' retrieved from /opt/airflow/dags/dag_market_eod.py
[2026-09-30T08:28:20.194+0000] {logging_mixin.py:188} INFO - [2026-09-30T08:28:20.193+0000] {dag.py:3089} INFO - Sync 1 DAGs
[2026-09-30T08:28:20.206+0000] {logging_mixin.py:188} INFO - [2026-09-30T08:28:20.205+0000] {dag.py:3947} INFO - Setting next_dagrun for dag_market_eod to 2026-09-29 22:00:00+00:00, run_after=2026-09-30 22:00:00+00:00
[2026-09-30T08:28:20.216+0000] {processor.py:183} INFO - Processing /opt/airflow/dags/dag_market_eod.py took 0.387 seconds
[2026-09-30T08:28:50.318+0000] {processor.py:161} INFO - Started process (PID=3702) to work on /opt/airflow/dags/dag_market_eod.py
[2026-09-30T08:28:50.320+0000] {processor.py:830} INFO - Processing file /opt/airflow/dags/dag_market_eod.py for tasks to queue
[2026-09-30T08:28:50.321+0000] {logging_mixin.py:188} INFO - [2026-09-30T08:28:50.321+0000] {dagbag.py:545} INFO - Filling up the DagBag from /opt/airflow/dags/dag_market_eod.py
[2026-09-30T08:28:50.649+0000] {processor.py:840} INFO - DAG(s) 'dag_market_eod' retrieved from /opt/airflow/dags/dag_market_eod.py
[2026-09-30T08:28:50.664+0000] {logging_mixin.py:188} INFO - [2026-09-30T08:28:50.664+0000] {dag.py:3089} INFO - Sync 1 DAGs
[2026-09-30T08:28:50.676+0000] {logging_mixin.py:188} INFO - [2026-09-30T08:28:50.675+0000] {dag.py:3947} INFO - Setting next_dagrun for dag_market_eod to 2026-09-29 22:00:00+00:00, run_after=2026-09-30 22:00:00+00:00
[2026-09-30T08:28:50.687+0000] {processor.py:183} INFO - Processing /opt/airflow/dags/dag_market_eod.py took 0.372 seconds
[2026-09-30T08:29:20.789+0000] {processor.py:161} INFO - Started process (PID=3708) to work on /opt/airflow/dags/dag_market_eod.py
[2026-09-30T08:29:20.789+0000] {processor.py:830} INFO - Processing file /opt/airflow/dags/dag_market_eod.py for tasks to queue
[2026-09-30T08:29:20.790+0000] {logging_mixin.py:188} INFO - [2026-09-30T08:29:20.790+0000] {dagbag.py:545} INFO - Filling up the DagBag from /opt/airflow/dags/dag_market_eod.py
[2026-09-30T08:29:21.124+0000] {processor.py:840} INFO - DAG(s) 'dag_market_eod' retrieved from /opt/airflow/dags/dag_market_eod.py
[2026-09-30T08:29:21.143+0000] {logging_mixin.py:188} INFO - [2026-09-30T08:29:21.143+0000] {dag.py:3089} INFO - Sync 1 DAGs
[2026-09-30T08:29:21.154+0000] {logging_mixin.py:188} INFO - [2026-09-30T08:29:21.154+0000] {dag.py:3947} INFO - Setting next_dagrun for dag_market_eod to 2026-09-29 22:00:00+00:00, run_after=2026-09-30 22:00:00+00:00
[2026-09-30T08:29:21.167+0000] {processor.py:183} INFO - Processing /opt/airflow/dags/dag_market_eod.py took 0.382 seconds
[2026-09-30T08:29:51.271+0000] {processor.py:161} INFO - Started process (PID=3714) to work on /opt/airflow/dags/dag_market_eod.py
[2026-09-30T08:29:51.273+0000] {processor.py:830} INFO - Processing file /opt/airflow/dags/dag_market_eod.py for tasks to queue
[2026-09-30T08:29:51.274+0000] {logging_mixin.py:188} INFO - [2026-09-30T08:29:51.274+0000] {dagbag.py:545} INFO - Filling up the DagBag from /opt/airflow/dags/dag_market_eod.py
[2026-09-30T08:29:51.611+0000] {processor.py:840} INFO - DAG(s) 'dag_market_eod' retrieved from /opt/airflow/dags/dag_market_eod.py
[2026-09-30T08:29:51.626+0000] {logging_mixin.py:188} INFO - [2026-09-30T08:29:51.626+0000] {dag.py:3089} INFO - Sync 1 DAGs
[2026-09-30T08:29:51.638+0000] {logging_mixin.py:188} INFO - [2026-09-30T08:29:51.638+0000] {dag.py:3947} INFO - Setting next_dagrun for dag_market_eod to 2026-09-29 22:00:00+00:00, run_after=2026-09-30 22:00:00+00:00
[2026-09-30T08:29:51.649+0000] {processor.py:183} INFO - Processing /opt/airflow/dags/dag_market_eod.py took 0.383 seconds
[2026-09-30T08:30:21.759+0000] {processor.py:161} INFO - Started process (PID=3720) to work on /opt/airflow/dags/dag_market_eod.py
[2026-09-30T08:30:21.759+0000] {processor.py:830} INFO - Processing file /opt/airflow/dags/dag_market_eod.py for tasks to queue
[2026-09-30T08:30:21.760+0000] {logging_mixin.py:188} INFO - [2026-09-30T08:30:21.760+0000] {dagbag.py:545} INFO - Filling up the DagBag from /opt/airflow/dags/dag_market_eod.py
[2026-09-30T08:30:22.082+0000] {processor.py:840} INFO - DAG(s) 'dag_market_eod' retrieved from /opt/airflow/dags/dag_market_eod.py
[2026-09-30T08:30:22.101+0000] {logging_mixin.py:188} INFO - [2026-09-30T08:30:22.101+0000] {dag.py:3089} INFO - Sync 1 DAGs
[2026-09-30T08:30:22.113+0000] {logging_mixin.py:188} INFO - [2026-09-30T08:30:22.113+0000] {dag.py:3947} INFO - Setting next_dagrun for dag_market_eod to 2026-09-29 22:00:00+00:00, run_after=2026-09-30 22:00:00+00:00
[2026-09-30T08:30:22.124+0000] {processor.py:183} INFO - Processing /opt/airflow/dags/dag_market_eod.py took 0.369 seconds
[2026-09-30T08:30:52.234+0000] {processor.py:161} INFO - Started process (PID=3726) to work on /opt/airflow/dags/dag_market_eod.py
[2026-09-30T08:30:52.236+0000] {processor.py:830} INFO - Processing file /opt/airflow/dags/dag_market_eod.py for tasks to queue
[2026-09-30T08:30:52.237+0000] {logging_mixin.py:188} INFO - [2026-09-30T08:30:52.237+0000] {dagbag.py:545} INFO - Filling up the DagBag from /opt/airflow/dags/dag_market_eod.py
[2026-09-30T08:30:52.571+0000] {processor.py:840} INFO - DAG(s) 'dag_market_eod' retrieved from /opt/airflow/dags/dag_market_eod.py
[2026-09-30T08:30:52.589+0000] {logging_mixin.py:188} INFO - [2026-09-30T08:30:52.589+0000] {dag.py:3089} INFO - Sync 1 DAGs
[2026-09-30T08:30:52.601+0000] {logging_mixin.py:188} INFO - [2026-09-30T08:30:52.601+0000] {dag.py:3947} INFO - Setting next_dagrun for dag_market_eod to 2026-09-29 22:00:00+00:00, run_after=2026-09-30 22:00:00+00:00
[2026-09-30T08:30:52.611+0000] {processor.py:183} INFO - Processing /opt/airflow/dags/dag_market_eod.py took 0.381 seconds
[2026-09-30T08:31:22.720+0000] {processor.py:161} INFO - Started process (PID=3732) to work on /opt/airflow/dags/dag_market_eod.py
[2026-09-30T08:31:22.721+0000] {processor.py:830} INFO - Processing file /opt/airflow/dags/dag_market_eod.py for tasks to queue
[2026-09-30T08:31:22.722+0000] {logging_mixin.py:188} INFO - [2026-09-30T08:31:22.722+0000] {dagbag.py:545} INFO - Filling up the DagBag from /opt/airflow/dags/dag_market_eod.py
[2026-09-30T08:31:23.052+0000] {processor.py:840} INFO - DAG(s) 'dag_market_eod' retrieved from /opt/airflow/dags/dag_market_eod.py
[2026-09-30T08:31:23.068+0000] {logging_mixin.py:188} INFO - [2026-09-30T08:31:23.067+0000] {dag.py:3089} INFO - Sync 1 DAGs
[2026-09-30T08:31:23.079+0000] {logging_mixin.py:188} INFO - [2026-09-30T08:31:23.079+0000] {dag.py:3947} INFO - Setting next_dagrun for dag_market_eod to 2026-09-29 22:00:00+00:00, run_after=2026-09-30 22:00:00+00:00
[2026-09-30T08:31:23.088+0000] {processor.py:183} INFO - Processing /opt/airflow/dags/dag_market_eod.py took 0.373 seconds
[2026-09-30T08:31:53.187+0000] {processor.py:161} INFO - Started process (PID=3738) to work on /opt/airflow/dags/dag_market_eod.py
[2026-09-30T08:31:53.189+0000] {processor.py:830} INFO - Processing file /opt/airflow/dags/dag_market_eod.py for tasks to queue
[2026-09-30T08:31:53.190+0000] {logging_mixin.py:188} INFO - [2026-09-30T08:31:53.190+0000] {dagbag.py:545} INFO - Filling up the DagBag from /opt/airflow/dags/dag_market_eod.py
[2026-09-30T08:31:53.527+0000] {processor.py:840} INFO - DAG(s) 'dag_market_eod' retrieved from /opt/airflow/dags/dag_market_eod.py
[2026-09-30T08:31:53.541+0000] {logging_mixin.py:188} INFO - [2026-09-30T08:31:53.540+0000] {dag.py:3089} INFO - Sync 1 DAGs
[2026-09-30T08:31:53.552+0000] {logging_mixin.py:188} INFO - [2026-09-30T08:31:53.552+0000] {dag.py:3947} INFO - Setting next_dagrun for dag_market_eod to 2026-09-29 22:00:00+00:00, run_after=2026-09-30 22:00:00+00:00
[2026-09-30T08:31:53.561+0000] {processor.py:183} INFO - Processing /opt/airflow/dags/dag_market_eod.py took 0.379 seconds
[2026-09-30T08:32:23.656+0000] {processor.py:161} INFO - Started process (PID=3744) to work on /opt/airflow/dags/dag_market_eod.py
[2026-09-30T08:32:23.657+0000] {processor.py:830} INFO - Processing file /opt/airflow/dags/dag_market_eod.py for tasks to queue
[2026-09-30T08:32:23.658+0000] {logging_mixin.py:188} INFO - [2026-09-30T08:32:23.658+0000] {dagbag.py:545} INFO - Filling up the DagBag from /opt/airflow/dags/dag_market_eod.py
[2026-09-30T08:32:23.983+0000] {processor.py:840} INFO - DAG(s) 'dag_market_eod' retrieved from /opt/airflow/dags/dag_market_eod.py
[2026-09-30T08:32:24.005+0000] {logging_mixin.py:188} INFO - [2026-09-30T08:32:24.005+0000] {dag.py:3089} INFO - Sync 1 DAGs
[2026-09-30T08:32:24.017+0000] {logging_mixin.py:188} INFO - [2026-09-30T08:32:24.017+0000] {dag.py:3947} INFO - Setting next_dagrun for dag_market_eod to 2026-09-29 22:00:00+00:00, run_after=2026-09-30 22:00:00+00:00
[2026-09-30T08:32:24.028+0000] {processor.py:183} INFO - Processing /opt/airflow/dags/dag_market_eod.py took 0.376 seconds
[2026-09-30T08:32:54.129+0000] {processor.py:161} INFO - Started process (PID=3750) to work on /opt/airflow/dags/dag_market_eod.py
[2026-09-30T08:32:54.131+0000] {processor.py:830} INFO - Processing file /opt/airflow/dags/dag_market_eod.py for tasks to queue
[2026-09-30T08:32:54.132+0000] {logging_mixin.py:188} INFO - [2026-09-30T08:32:54.131+0000] {dagbag.py:545} INFO - Filling up the DagBag from /opt/airflow/dags/dag_market_eod.py
[2026-09-30T08:32:54.458+0000] {processor.py:840} INFO - DAG(s) 'dag_market_eod' retrieved from /opt/airflow/dags/dag_market_eod.py
[2026-09-30T08:32:54.475+0000] {logging_mixin.py:188} INFO - [2026-09-30T08:32:54.475+0000] {dag.py:3089} INFO - Sync 1 DAGs
[2026-09-30T08:32:54.486+0000] {logging_mixin.py:188} INFO - [2026-09-30T08:32:54.486+0000] {dag.py:3947} INFO - Setting next_dagrun for dag_market_eod to 2026-09-29 22:00:00+00:00, run_after=2026-09-30 22:00:00+00:00
[2026-09-30T08:32:54.498+0000] {processor.py:183} INFO - Processing /opt/airflow/dags/dag_market_eod.py took 0.372 seconds
[2026-09-30T08:33:24.599+0000] {processor.py:161} INFO - Started process (PID=3756) to work on /opt/airflow/dags/dag_market_eod.py
[2026-09-30T08:33:24.600+0000] {processor.py:830} INFO - Processing file /opt/airflow/dags/dag_market_eod.py for tasks to queue
[2026-09-30T08:33:24.601+0000] {logging_mixin.py:188} INFO - [2026-09-30T08:33:24.600+0000] {dagbag.py:545} INFO - Filling up the DagBag from /opt/airflow/dags/dag_market_eod.py
[2026-09-30T08:33:24.945+0000] {processor.py:840} INFO - DAG(s) 'dag_market_eod' retrieved from /opt/airflow/dags/dag_market_eod.py
[2026-09-30T08:33:24.965+0000] {logging_mixin.py:188} INFO - [2026-09-30T08:33:24.965+0000] {dag.py:3089} INFO - Sync 1 DAGs
[2026-09-30T08:33:24.977+0000] {logging_mixin.py:188} INFO - [2026-09-30T08:33:24.977+0000] {dag.py:3947} INFO - Setting next_dagrun for dag_market_eod to 2026-09-29 22:00:00+00:00, run_after=2026-09-30 22:00:00+00:00
[2026-09-30T08:33:24.986+0000] {processor.py:183} INFO - Processing /opt/airflow/dags/dag_market_eod.py took 0.392 seconds
[2026-09-30T08:33:55.089+0000] {processor.py:161} INFO - Started process (PID=3762) to work on /opt/airflow/dags/dag_market_eod.py
[2026-09-30T08:33:55.089+0000] {processor.py:830} INFO - Processing file /opt/airflow/dags/dag_market_eod.py for tasks to queue
[2026-09-30T08:33:55.090+0000] {logging_mixin.py:188} INFO - [2026-09-30T08:33:55.090+0000] {dagbag.py:545} INFO - Filling up the DagBag from /opt/airflow/dags/dag_market_eod.py
[2026-09-30T08:33:55.424+0000] {processor.py:840} INFO - DAG(s) 'dag_market_eod' retrieved from /opt/airflow/dags/dag_market_eod.py
[2026-09-30T08:33:55.442+0000] {logging_mixin.py:188} INFO - [2026-09-30T08:33:55.441+0000] {dag.py:3089} INFO - Sync 1 DAGs
[2026-09-30T08:33:55.454+0000] {logging_mixin.py:188} INFO - [2026-09-30T08:33:55.454+0000] {dag.py:3947} INFO - Setting next_dagrun for dag_market_eod to 2026-09-29 22:00:00+00:00, run_after=2026-09-30 22:00:00+00:00
[2026-09-30T08:33:55.465+0000] {processor.py:183} INFO - Processing /opt/airflow/dags/dag_market_eod.py took 0.381 seconds
[2026-09-30T08:34:25.570+0000] {processor.py:161} INFO - Started process (PID=3768) to work on /opt/airflow/dags/dag_market_eod.py
[2026-09-30T08:34:25.571+0000] {processor.py:830} INFO - Processing file /opt/airflow/dags/dag_market_eod.py for tasks to queue
[2026-09-30T08:34:25.572+0000] {logging_mixin.py:188} INFO - [2026-09-30T08:34:25.571+0000] {dagbag.py:545} INFO - Filling up the DagBag from /opt/airflow/dags/dag_market_eod.py
[2026-09-30T08:34:25.902+0000] {processor.py:840} INFO - DAG(s) 'dag_market_eod' retrieved from /opt/airflow/dags/dag_market_eod.py
[2026-09-30T08:34:25.919+0000] {logging_mixin.py:188} INFO - [2026-09-30T08:34:25.919+0000] {dag.py:3089} INFO - Sync 1 DAGs
[2026-09-30T08:34:25.931+0000] {logging_mixin.py:188} INFO - [2026-09-30T08:34:25.930+0000] {dag.py:3947} INFO - Setting next_dagrun for dag_market_eod to 2026-09-29 22:00:00+00:00, run_after=2026-09-30 22:00:00+00:00
[2026-09-30T08:34:25.941+0000] {processor.py:183} INFO - Processing /opt/airflow/dags/dag_market_eod.py took 0.374 seconds
[2026-09-30T08:34:56.042+0000] {processor.py:161} INFO - Started process (PID=3774) to work on /opt/airflow/dags/dag_market_eod.py
[2026-09-30T08:34:56.044+0000] {processor.py:830} INFO - Processing file /opt/airflow/dags/dag_market_eod.py for tasks to queue
[2026-09-30T08:34:56.045+0000] {logging_mixin.py:188} INFO - [2026-09-30T08:34:56.044+0000] {dagbag.py:545} INFO - Filling up the DagBag from /opt/airflow/dags/dag_market_eod.py
[2026-09-30T08:34:56.381+0000] {processor.py:840} INFO - DAG(s) 'dag_market_eod' retrieved from /opt/airflow/dags/dag_market_eod.py
[2026-09-30T08:34:56.397+0000] {logging_mixin.py:188} INFO - [2026-09-30T08:34:56.396+0000] {dag.py:3089} INFO - Sync 1 DAGs
[2026-09-30T08:34:56.408+0000] {logging_mixin.py:188} INFO - [2026-09-30T08:34:56.408+0000] {dag.py:3947} INFO - Setting next_dagrun for dag_market_eod to 2026-09-29 22:00:00+00:00, run_after=2026-09-30 22:00:00+00:00
[2026-09-30T08:34:56.418+0000] {processor.py:183} INFO - Processing /opt/airflow/dags/dag_market_eod.py took 0.381 seconds
[2026-09-30T08:35:26.516+0000] {processor.py:161} INFO - Started process (PID=3780) to work on /opt/airflow/dags/dag_market_eod.py
[2026-09-30T08:35:26.516+0000] {processor.py:830} INFO - Processing file /opt/airflow/dags/dag_market_eod.py for tasks to queue
[2026-09-30T08:35:26.517+0000] {logging_mixin.py:188} INFO - [2026-09-30T08:35:26.517+0000] {dagbag.py:545} INFO - Filling up the DagBag from /opt/airflow/dags/dag_market_eod.py
[2026-09-30T08:35:26.849+0000] {processor.py:840} INFO - DAG(s) 'dag_market_eod' retrieved from /opt/airflow/dags/dag_market_eod.py
[2026-09-30T08:35:26.863+0000] {logging_mixin.py:188} INFO - [2026-09-30T08:35:26.862+0000] {dag.py:3089} INFO - Sync 1 DAGs
[2026-09-30T08:35:26.874+0000] {logging_mixin.py:188} INFO - [2026-09-30T08:35:26.873+0000] {dag.py:3947} INFO - Setting next_dagrun for dag_market_eod to 2026-09-29 22:00:00+00:00, run_after=2026-09-30 22:00:00+00:00
[2026-09-30T08:35:26.884+0000] {processor.py:183} INFO - Processing /opt/airflow/dags/dag_market_eod.py took 0.371 seconds
[2026-09-30T08:35:56.981+0000] {processor.py:161} INFO - Started process (PID=3786) to work on /opt/airflow/dags/dag_market_eod.py
[2026-09-30T08:35:56.982+0000] {processor.py:830} INFO - Processing file /opt/airflow/dags/dag_market_eod.py for tasks to queue
[2026-09-30T08:35:56.983+0000] {logging_mixin.py:188} INFO - [2026-09-30T08:35:56.983+0000] {dagbag.py:545} INFO - Filling up the DagBag from /opt/airflow/dags/dag_market_eod.py
[2026-09-30T08:35:57.315+0000] {processor.py:840} INFO - DAG(s) 'dag_market_eod' retrieved from /opt/airflow/dags/dag_market_eod.py
[2026-09-30T08:35:57.330+0000] {logging_mixin.py:188} INFO - [2026-09-30T08:35:57.329+0000] {dag.py:3089} INFO - Sync 1 DAGs
[2026-09-30T08:35:57.341+0000] {logging_mixin.py:188} INFO - [2026-09-30T08:35:57.341+0000] {dag.py:3947} INFO - Setting next_dagrun for dag_market_eod to 2026-09-29 22:00:00+00:00, run_after=2026-09-30 22:00:00+00:00
[2026-09-30T08:35:57.351+0000] {processor.py:183} INFO - Processing /opt/airflow/dags/dag_market_eod.py took 0.375 seconds
[2026-09-30T08:36:27.450+0000] {processor.py:161} INFO - Started process (PID=3792) to work on /opt/airflow/dags/dag_market_eod.py
[2026-09-30T08:36:27.450+0000] {processor.py:830} INFO - Processing file /opt/airflow/dags/dag_market_eod.py for tasks to queue
[2026-09-30T08:36:27.451+0000] {logging_mixin.py:188} INFO - [2026-09-30T08:36:27.451+0000] {dagbag.py:545} INFO - Filling up the DagBag from /opt/airflow/dags/dag_market_eod.py
[2026-09-30T08:36:27.781+0000] {processor.py:840} INFO - DAG(s) 'dag_market_eod' retrieved from /opt/airflow/dags/dag_market_eod.py
[2026-09-30T08:36:27.801+0000] {logging_mixin.py:188} INFO - [2026-09-30T08:36:27.801+0000] {dag.py:3089} INFO - Sync 1 DAGs
[2026-09-30T08:36:27.813+0000] {logging_mixin.py:188} INFO - [2026-09-30T08:36:27.813+0000] {dag.py:3947} INFO - Setting next_dagrun for dag_market_eod to 2026-09-29 22:00:00+00:00, run_after=2026-09-30 22:00:00+00:00
[2026-09-30T08:36:27.823+0000] {processor.py:183} INFO - Processing /opt/airflow/dags/dag_market_eod.py took 0.377 seconds
[2026-09-30T08:36:57.918+0000] {processor.py:161} INFO - Started process (PID=3798) to work on /opt/airflow/dags/dag_market_eod.py
[2026-09-30T08:36:57.920+0000] {processor.py:830} INFO - Processing file /opt/airflow/dags/dag_market_eod.py for tasks to queue
[2026-09-30T08:36:57.921+0000] {logging_mixin.py:188} INFO - [2026-09-30T08:36:57.921+0000] {dagbag.py:545} INFO - Filling up the DagBag from /opt/airflow/dags/dag_market_eod.py
[2026-09-30T08:36:58.256+0000] {processor.py:840} INFO - DAG(s) 'dag_market_eod' retrieved from /opt/airflow/dags/dag_market_eod.py
[2026-09-30T08:36:58.272+0000] {logging_mixin.py:188} INFO - [2026-09-30T08:36:58.272+0000] {dag.py:3089} INFO - Sync 1 DAGs
[2026-09-30T08:36:58.284+0000] {logging_mixin.py:188} INFO - [2026-09-30T08:36:58.284+0000] {dag.py:3947} INFO - Setting next_dagrun for dag_market_eod to 2026-09-29 22:00:00+00:00, run_after=2026-09-30 22:00:00+00:00
[2026-09-30T08:36:58.294+0000] {processor.py:183} INFO - Processing /opt/airflow/dags/dag_market_eod.py took 0.381 seconds
[2026-09-30T08:37:28.391+0000] {processor.py:161} INFO - Started process (PID=3804) to work on /opt/airflow/dags/dag_market_eod.py
[2026-09-30T08:37:28.392+0000] {processor.py:830} INFO - Processing file /opt/airflow/dags/dag_market_eod.py for tasks to queue
[2026-09-30T08:37:28.393+0000] {logging_mixin.py:188} INFO - [2026-09-30T08:37:28.393+0000] {dagbag.py:545} INFO - Filling up the DagBag from /opt/airflow/dags/dag_market_eod.py
[2026-09-30T08:37:28.735+0000] {processor.py:840} INFO - DAG(s) 'dag_market_eod' retrieved from /opt/airflow/dags/dag_market_eod.py
[2026-09-30T08:37:28.752+0000] {logging_mixin.py:188} INFO - [2026-09-30T08:37:28.751+0000] {dag.py:3089} INFO - Sync 1 DAGs
[2026-09-30T08:37:28.763+0000] {logging_mixin.py:188} INFO - [2026-09-30T08:37:28.762+0000] {dag.py:3947} INFO - Setting next_dagrun for dag_market_eod to 2026-09-29 22:00:00+00:00, run_after=2026-09-30 22:00:00+00:00
[2026-09-30T08:37:28.773+0000] {processor.py:183} INFO - Processing /opt/airflow/dags/dag_market_eod.py took 0.387 seconds
[2026-09-30T08:37:58.887+0000] {processor.py:161} INFO - Started process (PID=3810) to work on /opt/airflow/dags/dag_market_eod.py
[2026-09-30T08:37:58.889+0000] {processor.py:830} INFO - Processing file /opt/airflow/dags/dag_market_eod.py for tasks to queue
[2026-09-30T08:37:58.890+0000] {logging_mixin.py:188} INFO - [2026-09-30T08:37:58.890+0000] {dagbag.py:545} INFO - Filling up the DagBag from /opt/airflow/dags/dag_market_eod.py
[2026-09-30T08:37:59.208+0000] {processor.py:840} INFO - DAG(s) 'dag_market_eod' retrieved from /opt/airflow/dags/dag_market_eod.py
[2026-09-30T08:37:59.224+0000] {logging_mixin.py:188} INFO - [2026-09-30T08:37:59.224+0000] {dag.py:3089} INFO - Sync 1 DAGs
[2026-09-30T08:37:59.237+0000] {logging_mixin.py:188} INFO - [2026-09-30T08:37:59.237+0000] {dag.py:3947} INFO - Setting next_dagrun for dag_market_eod to 2026-09-29 22:00:00+00:00, run_after=2026-09-30 22:00:00+00:00
[2026-09-30T08:37:59.246+0000] {processor.py:183} INFO - Processing /opt/airflow/dags/dag_market_eod.py took 0.363 seconds
[2026-09-30T08:38:29.349+0000] {processor.py:161} INFO - Started process (PID=3816) to work on /opt/airflow/dags/dag_market_eod.py
[2026-09-30T08:38:29.349+0000] {processor.py:830} INFO - Processing file /opt/airflow/dags/dag_market_eod.py for tasks to queue
[2026-09-30T08:38:29.350+0000] {logging_mixin.py:188} INFO - [2026-09-30T08:38:29.350+0000] {dagbag.py:545} INFO - Filling up the DagBag from /opt/airflow/dags/dag_market_eod.py
[2026-09-30T08:38:29.679+0000] {processor.py:840} INFO - DAG(s) 'dag_market_eod' retrieved from /opt/airflow/dags/dag_market_eod.py
[2026-09-30T08:38:29.695+0000] {logging_mixin.py:188} INFO - [2026-09-30T08:38:29.694+0000] {dag.py:3089} INFO - Sync 1 DAGs
[2026-09-30T08:38:29.706+0000] {logging_mixin.py:188} INFO - [2026-09-30T08:38:29.706+0000] {dag.py:3947} INFO - Setting next_dagrun for dag_market_eod to 2026-09-29 22:00:00+00:00, run_after=2026-09-30 22:00:00+00:00
[2026-09-30T08:38:29.717+0000] {processor.py:183} INFO - Processing /opt/airflow/dags/dag_market_eod.py took 0.372 seconds
[2026-09-30T08:38:59.818+0000] {processor.py:161} INFO - Started process (PID=3822) to work on /opt/airflow/dags/dag_market_eod.py
[2026-09-30T08:38:59.821+0000] {processor.py:830} INFO - Processing file /opt/airflow/dags/dag_market_eod.py for tasks to queue
[2026-09-30T08:38:59.822+0000] {logging_mixin.py:188} INFO - [2026-09-30T08:38:59.822+0000] {dagbag.py:545} INFO - Filling up the DagBag from /opt/airflow/dags/dag_market_eod.py
[2026-09-30T08:39:00.145+0000] {processor.py:840} INFO - DAG(s) 'dag_market_eod' retrieved from /opt/airflow/dags/dag_market_eod.py
[2026-09-30T08:39:00.159+0000] {logging_mixin.py:188} INFO - [2026-09-30T08:39:00.159+0000] {dag.py:3089} INFO - Sync 1 DAGs
[2026-09-30T08:39:00.171+0000] {logging_mixin.py:188} INFO - [2026-09-30T08:39:00.171+0000] {dag.py:3947} INFO - Setting next_dagrun for dag_market_eod to 2026-09-29 22:00:00+00:00, run_after=2026-09-30 22:00:00+00:00
[2026-09-30T08:39:00.184+0000] {processor.py:183} INFO - Processing /opt/airflow/dags/dag_market_eod.py took 0.370 seconds
[2026-09-30T08:39:30.287+0000] {processor.py:161} INFO - Started process (PID=3828) to work on /opt/airflow/dags/dag_market_eod.py
[2026-09-30T08:39:30.287+0000] {processor.py:830} INFO - Processing file /opt/airflow/dags/dag_market_eod.py for tasks to queue
[2026-09-30T08:39:30.288+0000] {logging_mixin.py:188} INFO - [2026-09-30T08:39:30.288+0000] {dagbag.py:545} INFO - Filling up the DagBag from /opt/airflow/dags/dag_market_eod.py
[2026-09-30T08:39:30.616+0000] {processor.py:840} INFO - DAG(s) 'dag_market_eod' retrieved from /opt/airflow/dags/dag_market_eod.py
[2026-09-30T08:39:30.631+0000] {logging_mixin.py:188} INFO - [2026-09-30T08:39:30.630+0000] {dag.py:3089} INFO - Sync 1 DAGs
[2026-09-30T08:39:30.642+0000] {logging_mixin.py:188} INFO - [2026-09-30T08:39:30.642+0000] {dag.py:3947} INFO - Setting next_dagrun for dag_market_eod to 2026-09-29 22:00:00+00:00, run_after=2026-09-30 22:00:00+00:00
[2026-09-30T08:39:30.652+0000] {processor.py:183} INFO - Processing /opt/airflow/dags/dag_market_eod.py took 0.368 seconds
[2026-09-30T08:40:00.756+0000] {processor.py:161} INFO - Started process (PID=3834) to work on /opt/airflow/dags/dag_market_eod.py
[2026-09-30T08:40:00.757+0000] {processor.py:830} INFO - Processing file /opt/airflow/dags/dag_market_eod.py for tasks to queue
[2026-09-30T08:40:00.758+0000] {logging_mixin.py:188} INFO - [2026-09-30T08:40:00.758+0000] {dagbag.py:545} INFO - Filling up the DagBag from /opt/airflow/dags/dag_market_eod.py
[2026-09-30T08:40:01.081+0000] {processor.py:840} INFO - DAG(s) 'dag_market_eod' retrieved from /opt/airflow/dags/dag_market_eod.py
[2026-09-30T08:40:01.097+0000] {logging_mixin.py:188} INFO - [2026-09-30T08:40:01.097+0000] {dag.py:3089} INFO - Sync 1 DAGs
[2026-09-30T08:40:01.109+0000] {logging_mixin.py:188} INFO - [2026-09-30T08:40:01.109+0000] {dag.py:3947} INFO - Setting next_dagrun for dag_market_eod to 2026-09-29 22:00:00+00:00, run_after=2026-09-30 22:00:00+00:00
[2026-09-30T08:40:01.120+0000] {processor.py:183} INFO - Processing /opt/airflow/dags/dag_market_eod.py took 0.367 seconds
[2026-09-30T08:40:31.226+0000] {processor.py:161} INFO - Started process (PID=3840) to work on /opt/airflow/dags/dag_market_eod.py
[2026-09-30T08:40:31.227+0000] {processor.py:830} INFO - Processing file /opt/airflow/dags/dag_market_eod.py for tasks to queue
[2026-09-30T08:40:31.228+0000] {logging_mixin.py:188} INFO - [2026-09-30T08:40:31.228+0000] {dagbag.py:545} INFO - Filling up the DagBag from /opt/airflow/dags/dag_market_eod.py
[2026-09-30T08:40:31.550+0000] {processor.py:840} INFO - DAG(s) 'dag_market_eod' retrieved from /opt/airflow/dags/dag_market_eod.py
[2026-09-30T08:40:31.564+0000] {logging_mixin.py:188} INFO - [2026-09-30T08:40:31.563+0000] {dag.py:3089} INFO - Sync 1 DAGs
[2026-09-30T08:40:31.575+0000] {logging_mixin.py:188} INFO - [2026-09-30T08:40:31.575+0000] {dag.py:3947} INFO - Setting next_dagrun for dag_market_eod to 2026-09-29 22:00:00+00:00, run_after=2026-09-30 22:00:00+00:00
[2026-09-30T08:40:31.584+0000] {processor.py:183} INFO - Processing /opt/airflow/dags/dag_market_eod.py took 0.362 seconds
[2026-09-30T08:41:01.691+0000] {processor.py:161} INFO - Started process (PID=3846) to work on /opt/airflow/dags/dag_market_eod.py
[2026-09-30T08:41:01.693+0000] {processor.py:830} INFO - Processing file /opt/airflow/dags/dag_market_eod.py for tasks to queue
[2026-09-30T08:41:01.695+0000] {logging_mixin.py:188} INFO - [2026-09-30T08:41:01.694+0000] {dagbag.py:545} INFO - Filling up the DagBag from /opt/airflow/dags/dag_market_eod.py
[2026-09-30T08:41:02.018+0000] {processor.py:840} INFO - DAG(s) 'dag_market_eod' retrieved from /opt/airflow/dags/dag_market_eod.py
[2026-09-30T08:41:02.037+0000] {logging_mixin.py:188} INFO - [2026-09-30T08:41:02.037+0000] {dag.py:3089} INFO - Sync 1 DAGs
[2026-09-30T08:41:02.050+0000] {logging_mixin.py:188} INFO - [2026-09-30T08:41:02.049+0000] {dag.py:3947} INFO - Setting next_dagrun for dag_market_eod to 2026-09-29 22:00:00+00:00, run_after=2026-09-30 22:00:00+00:00
[2026-09-30T08:41:02.060+0000] {processor.py:183} INFO - Processing /opt/airflow/dags/dag_market_eod.py took 0.373 seconds
[2026-09-30T08:41:32.179+0000] {processor.py:161} INFO - Started process (PID=3852) to work on /opt/airflow/dags/dag_market_eod.py
[2026-09-30T08:41:32.179+0000] {processor.py:830} INFO - Processing file /opt/airflow/dags/dag_market_eod.py for tasks to queue
[2026-09-30T08:41:32.180+0000] {logging_mixin.py:188} INFO - [2026-09-30T08:41:32.180+0000] {dagbag.py:545} INFO - Filling up the DagBag from /opt/airflow/dags/dag_market_eod.py
[2026-09-30T08:41:32.517+0000] {processor.py:840} INFO - DAG(s) 'dag_market_eod' retrieved from /opt/airflow/dags/dag_market_eod.py
[2026-09-30T08:41:32.534+0000] {logging_mixin.py:188} INFO - [2026-09-30T08:41:32.534+0000] {dag.py:3089} INFO - Sync 1 DAGs
[2026-09-30T08:41:32.547+0000] {logging_mixin.py:188} INFO - [2026-09-30T08:41:32.546+0000] {dag.py:3947} INFO - Setting next_dagrun for dag_market_eod to 2026-09-29 22:00:00+00:00, run_after=2026-09-30 22:00:00+00:00
[2026-09-30T08:41:32.558+0000] {processor.py:183} INFO - Processing /opt/airflow/dags/dag_market_eod.py took 0.384 seconds
[2026-09-30T08:42:02.662+0000] {processor.py:161} INFO - Started process (PID=3858) to work on /opt/airflow/dags/dag_market_eod.py
[2026-09-30T08:42:02.664+0000] {processor.py:830} INFO - Processing file /opt/airflow/dags/dag_market_eod.py for tasks to queue
[2026-09-30T08:42:02.665+0000] {logging_mixin.py:188} INFO - [2026-09-30T08:42:02.665+0000] {dagbag.py:545} INFO - Filling up the DagBag from /opt/airflow/dags/dag_market_eod.py
[2026-09-30T08:42:02.990+0000] {processor.py:840} INFO - DAG(s) 'dag_market_eod' retrieved from /opt/airflow/dags/dag_market_eod.py
[2026-09-30T08:42:03.005+0000] {logging_mixin.py:188} INFO - [2026-09-30T08:42:03.005+0000] {dag.py:3089} INFO - Sync 1 DAGs
[2026-09-30T08:42:03.017+0000] {logging_mixin.py:188} INFO - [2026-09-30T08:42:03.017+0000] {dag.py:3947} INFO - Setting next_dagrun for dag_market_eod to 2026-09-29 22:00:00+00:00, run_after=2026-09-30 22:00:00+00:00
[2026-09-30T08:42:03.026+0000] {processor.py:183} INFO - Processing /opt/airflow/dags/dag_market_eod.py took 0.369 seconds
[2026-09-30T08:42:33.134+0000] {processor.py:161} INFO - Started process (PID=3864) to work on /opt/airflow/dags/dag_market_eod.py
[2026-09-30T08:42:33.135+0000] {processor.py:830} INFO - Processing file /opt/airflow/dags/dag_market_eod.py for tasks to queue
[2026-09-30T08:42:33.136+0000] {logging_mixin.py:188} INFO - [2026-09-30T08:42:33.136+0000] {dagbag.py:545} INFO - Filling up the DagBag from /opt/airflow/dags/dag_market_eod.py
[2026-09-30T08:42:33.463+0000] {processor.py:840} INFO - DAG(s) 'dag_market_eod' retrieved from /opt/airflow/dags/dag_market_eod.py
[2026-09-30T08:42:33.479+0000] {logging_mixin.py:188} INFO - [2026-09-30T08:42:33.479+0000] {dag.py:3089} INFO - Sync 1 DAGs
[2026-09-30T08:42:33.491+0000] {logging_mixin.py:188} INFO - [2026-09-30T08:42:33.490+0000] {dag.py:3947} INFO - Setting next_dagrun for dag_market_eod to 2026-09-29 22:00:00+00:00, run_after=2026-09-30 22:00:00+00:00
[2026-09-30T08:42:33.500+0000] {processor.py:183} INFO - Processing /opt/airflow/dags/dag_market_eod.py took 0.370 seconds
[2026-09-30T08:43:03.611+0000] {processor.py:161} INFO - Started process (PID=3870) to work on /opt/airflow/dags/dag_market_eod.py
[2026-09-30T08:43:03.613+0000] {processor.py:830} INFO - Processing file /opt/airflow/dags/dag_market_eod.py for tasks to queue
[2026-09-30T08:43:03.614+0000] {logging_mixin.py:188} INFO - [2026-09-30T08:43:03.614+0000] {dagbag.py:545} INFO - Filling up the DagBag from /opt/airflow/dags/dag_market_eod.py
[2026-09-30T08:43:03.937+0000] {processor.py:840} INFO - DAG(s) 'dag_market_eod' retrieved from /opt/airflow/dags/dag_market_eod.py
[2026-09-30T08:43:03.953+0000] {logging_mixin.py:188} INFO - [2026-09-30T08:43:03.953+0000] {dag.py:3089} INFO - Sync 1 DAGs
[2026-09-30T08:43:03.965+0000] {logging_mixin.py:188} INFO - [2026-09-30T08:43:03.965+0000] {dag.py:3947} INFO - Setting next_dagrun for dag_market_eod to 2026-09-29 22:00:00+00:00, run_after=2026-09-30 22:00:00+00:00
[2026-09-30T08:43:03.976+0000] {processor.py:183} INFO - Processing /opt/airflow/dags/dag_market_eod.py took 0.368 seconds
[2026-09-30T08:43:34.084+0000] {processor.py:161} INFO - Started process (PID=3876) to work on /opt/airflow/dags/dag_market_eod.py
[2026-09-30T08:43:34.085+0000] {processor.py:830} INFO - Processing file /opt/airflow/dags/dag_market_eod.py for tasks to queue
[2026-09-30T08:43:34.086+0000] {logging_mixin.py:188} INFO - [2026-09-30T08:43:34.086+0000] {dagbag.py:545} INFO - Filling up the DagBag from /opt/airflow/dags/dag_market_eod.py
[2026-09-30T08:43:34.409+0000] {processor.py:840} INFO - DAG(s) 'dag_market_eod' retrieved from /opt/airflow/dags/dag_market_eod.py
[2026-09-30T08:43:34.427+0000] {logging_mixin.py:188} INFO - [2026-09-30T08:43:34.427+0000] {dag.py:3089} INFO - Sync 1 DAGs
[2026-09-30T08:43:34.438+0000] {logging_mixin.py:188} INFO - [2026-09-30T08:43:34.438+0000] {dag.py:3947} INFO - Setting next_dagrun for dag_market_eod to 2026-09-29 22:00:00+00:00, run_after=2026-09-30 22:00:00+00:00
[2026-09-30T08:43:34.448+0000] {processor.py:183} INFO - Processing /opt/airflow/dags/dag_market_eod.py took 0.368 seconds
[2026-09-30T08:44:04.553+0000] {processor.py:161} INFO - Started process (PID=3882) to work on /opt/airflow/dags/dag_market_eod.py
[2026-09-30T08:44:04.555+0000] {processor.py:830} INFO - Processing file /opt/airflow/dags/dag_market_eod.py for tasks to queue
[2026-09-30T08:44:04.556+0000] {logging_mixin.py:188} INFO - [2026-09-30T08:44:04.556+0000] {dagbag.py:545} INFO - Filling up the DagBag from /opt/airflow/dags/dag_market_eod.py
[2026-09-30T08:44:04.871+0000] {processor.py:840} INFO - DAG(s) 'dag_market_eod' retrieved from /opt/airflow/dags/dag_market_eod.py
[2026-09-30T08:44:04.886+0000] {logging_mixin.py:188} INFO - [2026-09-30T08:44:04.886+0000] {dag.py:3089} INFO - Sync 1 DAGs
[2026-09-30T08:44:04.898+0000] {logging_mixin.py:188} INFO - [2026-09-30T08:44:04.898+0000] {dag.py:3947} INFO - Setting next_dagrun for dag_market_eod to 2026-09-29 22:00:00+00:00, run_after=2026-09-30 22:00:00+00:00
[2026-09-30T08:44:04.909+0000] {processor.py:183} INFO - Processing /opt/airflow/dags/dag_market_eod.py took 0.361 seconds
[2026-09-30T08:44:35.006+0000] {processor.py:161} INFO - Started process (PID=3888) to work on /opt/airflow/dags/dag_market_eod.py
[2026-09-30T08:44:35.007+0000] {processor.py:830} INFO - Processing file /opt/airflow/dags/dag_market_eod.py for tasks to queue
[2026-09-30T08:44:35.007+0000] {logging_mixin.py:188} INFO - [2026-09-30T08:44:35.007+0000] {dagbag.py:545} INFO - Filling up the DagBag from /opt/airflow/dags/dag_market_eod.py
[2026-09-30T08:44:35.357+0000] {processor.py:840} INFO - DAG(s) 'dag_market_eod' retrieved from /opt/airflow/dags/dag_market_eod.py
[2026-09-30T08:44:35.376+0000] {logging_mixin.py:188} INFO - [2026-09-30T08:44:35.376+0000] {dag.py:3089} INFO - Sync 1 DAGs
[2026-09-30T08:44:35.388+0000] {logging_mixin.py:188} INFO - [2026-09-30T08:44:35.387+0000] {dag.py:3947} INFO - Setting next_dagrun for dag_market_eod to 2026-09-29 22:00:00+00:00, run_after=2026-09-30 22:00:00+00:00
[2026-09-30T08:44:35.398+0000] {processor.py:183} INFO - Processing /opt/airflow/dags/dag_market_eod.py took 0.395 seconds
[2026-09-30T08:45:05.495+0000] {processor.py:161} INFO - Started process (PID=3894) to work on /opt/airflow/dags/dag_market_eod.py
[2026-09-30T08:45:05.496+0000] {processor.py:830} INFO - Processing file /opt/airflow/dags/dag_market_eod.py for tasks to queue
[2026-09-30T08:45:05.497+0000] {logging_mixin.py:188} INFO - [2026-09-30T08:45:05.497+0000] {dagbag.py:545} INFO - Filling up the DagBag from /opt/airflow/dags/dag_market_eod.py
[2026-09-30T08:45:05.829+0000] {processor.py:840} INFO - DAG(s) 'dag_market_eod' retrieved from /opt/airflow/dags/dag_market_eod.py
[2026-09-30T08:45:05.844+0000] {logging_mixin.py:188} INFO - [2026-09-30T08:45:05.844+0000] {dag.py:3089} INFO - Sync 1 DAGs
[2026-09-30T08:45:05.856+0000] {logging_mixin.py:188} INFO - [2026-09-30T08:45:05.856+0000] {dag.py:3947} INFO - Setting next_dagrun for dag_market_eod to 2026-09-29 22:00:00+00:00, run_after=2026-09-30 22:00:00+00:00
[2026-09-30T08:45:05.867+0000] {processor.py:183} INFO - Processing /opt/airflow/dags/dag_market_eod.py took 0.375 seconds
[2026-09-30T08:45:35.975+0000] {processor.py:161} INFO - Started process (PID=3900) to work on /opt/airflow/dags/dag_market_eod.py
[2026-09-30T08:45:35.975+0000] {processor.py:830} INFO - Processing file /opt/airflow/dags/dag_market_eod.py for tasks to queue
[2026-09-30T08:45:35.977+0000] {logging_mixin.py:188} INFO - [2026-09-30T08:45:35.976+0000] {dagbag.py:545} INFO - Filling up the DagBag from /opt/airflow/dags/dag_market_eod.py
[2026-09-30T08:45:36.304+0000] {processor.py:840} INFO - DAG(s) 'dag_market_eod' retrieved from /opt/airflow/dags/dag_market_eod.py
[2026-09-30T08:45:36.318+0000] {logging_mixin.py:188} INFO - [2026-09-30T08:45:36.318+0000] {dag.py:3089} INFO - Sync 1 DAGs
[2026-09-30T08:45:36.330+0000] {logging_mixin.py:188} INFO - [2026-09-30T08:45:36.330+0000] {dag.py:3947} INFO - Setting next_dagrun for dag_market_eod to 2026-09-29 22:00:00+00:00, run_after=2026-09-30 22:00:00+00:00
[2026-09-30T08:45:36.338+0000] {processor.py:183} INFO - Processing /opt/airflow/dags/dag_market_eod.py took 0.368 seconds
[2026-09-30T08:46:06.439+0000] {processor.py:161} INFO - Started process (PID=3906) to work on /opt/airflow/dags/dag_market_eod.py
[2026-09-30T08:46:06.441+0000] {processor.py:830} INFO - Processing file /opt/airflow/dags/dag_market_eod.py for tasks to queue
[2026-09-30T08:46:06.442+0000] {logging_mixin.py:188} INFO - [2026-09-30T08:46:06.442+0000] {dagbag.py:545} INFO - Filling up the DagBag from /opt/airflow/dags/dag_market_eod.py
[2026-09-30T08:46:06.769+0000] {processor.py:840} INFO - DAG(s) 'dag_market_eod' retrieved from /opt/airflow/dags/dag_market_eod.py
[2026-09-30T08:46:06.790+0000] {logging_mixin.py:188} INFO - [2026-09-30T08:46:06.790+0000] {dag.py:3089} INFO - Sync 1 DAGs
[2026-09-30T08:46:06.802+0000] {logging_mixin.py:188} INFO - [2026-09-30T08:46:06.802+0000] {dag.py:3947} INFO - Setting next_dagrun for dag_market_eod to 2026-09-29 22:00:00+00:00, run_after=2026-09-30 22:00:00+00:00
[2026-09-30T08:46:06.812+0000] {processor.py:183} INFO - Processing /opt/airflow/dags/dag_market_eod.py took 0.378 seconds
[2026-09-30T08:46:36.910+0000] {processor.py:161} INFO - Started process (PID=3912) to work on /opt/airflow/dags/dag_market_eod.py
[2026-09-30T08:46:36.911+0000] {processor.py:830} INFO - Processing file /opt/airflow/dags/dag_market_eod.py for tasks to queue
[2026-09-30T08:46:36.912+0000] {logging_mixin.py:188} INFO - [2026-09-30T08:46:36.912+0000] {dagbag.py:545} INFO - Filling up the DagBag from /opt/airflow/dags/dag_market_eod.py
[2026-09-30T08:46:37.243+0000] {processor.py:840} INFO - DAG(s) 'dag_market_eod' retrieved from /opt/airflow/dags/dag_market_eod.py
[2026-09-30T08:46:37.264+0000] {logging_mixin.py:188} INFO - [2026-09-30T08:46:37.263+0000] {dag.py:3089} INFO - Sync 1 DAGs
[2026-09-30T08:46:37.281+0000] {logging_mixin.py:188} INFO - [2026-09-30T08:46:37.281+0000] {dag.py:3947} INFO - Setting next_dagrun for dag_market_eod to 2026-09-29 22:00:00+00:00, run_after=2026-09-30 22:00:00+00:00
[2026-09-30T08:46:37.295+0000] {processor.py:183} INFO - Processing /opt/airflow/dags/dag_market_eod.py took 0.389 seconds
[2026-09-30T08:47:07.394+0000] {processor.py:161} INFO - Started process (PID=3918) to work on /opt/airflow/dags/dag_market_eod.py
[2026-09-30T08:47:07.396+0000] {processor.py:830} INFO - Processing file /opt/airflow/dags/dag_market_eod.py for tasks to queue
[2026-09-30T08:47:07.397+0000] {logging_mixin.py:188} INFO - [2026-09-30T08:47:07.396+0000] {dagbag.py:545} INFO - Filling up the DagBag from /opt/airflow/dags/dag_market_eod.py
[2026-09-30T08:47:07.719+0000] {processor.py:840} INFO - DAG(s) 'dag_market_eod' retrieved from /opt/airflow/dags/dag_market_eod.py
[2026-09-30T08:47:07.737+0000] {logging_mixin.py:188} INFO - [2026-09-30T08:47:07.737+0000] {dag.py:3089} INFO - Sync 1 DAGs
[2026-09-30T08:47:07.749+0000] {logging_mixin.py:188} INFO - [2026-09-30T08:47:07.748+0000] {dag.py:3947} INFO - Setting next_dagrun for dag_market_eod to 2026-09-29 22:00:00+00:00, run_after=2026-09-30 22:00:00+00:00
[2026-09-30T08:47:07.760+0000] {processor.py:183} INFO - Processing /opt/airflow/dags/dag_market_eod.py took 0.371 seconds
[2026-09-30T08:47:37.864+0000] {processor.py:161} INFO - Started process (PID=3924) to work on /opt/airflow/dags/dag_market_eod.py
[2026-09-30T08:47:37.864+0000] {processor.py:830} INFO - Processing file /opt/airflow/dags/dag_market_eod.py for tasks to queue
[2026-09-30T08:47:37.865+0000] {logging_mixin.py:188} INFO - [2026-09-30T08:47:37.865+0000] {dagbag.py:545} INFO - Filling up the DagBag from /opt/airflow/dags/dag_market_eod.py
[2026-09-30T08:47:38.221+0000] {processor.py:840} INFO - DAG(s) 'dag_market_eod' retrieved from /opt/airflow/dags/dag_market_eod.py
[2026-09-30T08:47:38.238+0000] {logging_mixin.py:188} INFO - [2026-09-30T08:47:38.238+0000] {dag.py:3089} INFO - Sync 1 DAGs
[2026-09-30T08:47:38.249+0000] {logging_mixin.py:188} INFO - [2026-09-30T08:47:38.249+0000] {dag.py:3947} INFO - Setting next_dagrun for dag_market_eod to 2026-09-29 22:00:00+00:00, run_after=2026-09-30 22:00:00+00:00
[2026-09-30T08:47:38.260+0000] {processor.py:183} INFO - Processing /opt/airflow/dags/dag_market_eod.py took 0.399 seconds
[2026-09-30T08:48:08.357+0000] {processor.py:161} INFO - Started process (PID=3930) to work on /opt/airflow/dags/dag_market_eod.py
[2026-09-30T08:48:08.358+0000] {processor.py:830} INFO - Processing file /opt/airflow/dags/dag_market_eod.py for tasks to queue
[2026-09-30T08:48:08.359+0000] {logging_mixin.py:188} INFO - [2026-09-30T08:48:08.359+0000] {dagbag.py:545} INFO - Filling up the DagBag from /opt/airflow/dags/dag_market_eod.py
[2026-09-30T08:48:08.680+0000] {processor.py:840} INFO - DAG(s) 'dag_market_eod' retrieved from /opt/airflow/dags/dag_market_eod.py
[2026-09-30T08:48:08.695+0000] {logging_mixin.py:188} INFO - [2026-09-30T08:48:08.695+0000] {dag.py:3089} INFO - Sync 1 DAGs
[2026-09-30T08:48:08.707+0000] {logging_mixin.py:188} INFO - [2026-09-30T08:48:08.707+0000] {dag.py:3947} INFO - Setting next_dagrun for dag_market_eod to 2026-09-29 22:00:00+00:00, run_after=2026-09-30 22:00:00+00:00
[2026-09-30T08:48:08.718+0000] {processor.py:183} INFO - Processing /opt/airflow/dags/dag_market_eod.py took 0.366 seconds
[2026-09-30T08:48:38.819+0000] {processor.py:161} INFO - Started process (PID=3936) to work on /opt/airflow/dags/dag_market_eod.py
[2026-09-30T08:48:38.820+0000] {processor.py:830} INFO - Processing file /opt/airflow/dags/dag_market_eod.py for tasks to queue
[2026-09-30T08:48:38.820+0000] {logging_mixin.py:188} INFO - [2026-09-30T08:48:38.820+0000] {dagbag.py:545} INFO - Filling up the DagBag from /opt/airflow/dags/dag_market_eod.py
[2026-09-30T08:48:39.139+0000] {processor.py:840} INFO - DAG(s) 'dag_market_eod' retrieved from /opt/airflow/dags/dag_market_eod.py
[2026-09-30T08:48:39.158+0000] {logging_mixin.py:188} INFO - [2026-09-30T08:48:39.158+0000] {dag.py:3089} INFO - Sync 1 DAGs
[2026-09-30T08:48:39.170+0000] {logging_mixin.py:188} INFO - [2026-09-30T08:48:39.170+0000] {dag.py:3947} INFO - Setting next_dagrun for dag_market_eod to 2026-09-29 22:00:00+00:00, run_after=2026-09-30 22:00:00+00:00
[2026-09-30T08:48:39.180+0000] {processor.py:183} INFO - Processing /opt/airflow/dags/dag_market_eod.py took 0.365 seconds
[2026-09-30T08:49:09.286+0000] {processor.py:161} INFO - Started process (PID=3942) to work on /opt/airflow/dags/dag_market_eod.py
[2026-09-30T08:49:09.287+0000] {processor.py:830} INFO - Processing file /opt/airflow/dags/dag_market_eod.py for tasks to queue
[2026-09-30T08:49:09.288+0000] {logging_mixin.py:188} INFO - [2026-09-30T08:49:09.288+0000] {dagbag.py:545} INFO - Filling up the DagBag from /opt/airflow/dags/dag_market_eod.py
[2026-09-30T08:49:09.604+0000] {processor.py:840} INFO - DAG(s) 'dag_market_eod' retrieved from /opt/airflow/dags/dag_market_eod.py
[2026-09-30T08:49:09.620+0000] {logging_mixin.py:188} INFO - [2026-09-30T08:49:09.620+0000] {dag.py:3089} INFO - Sync 1 DAGs
[2026-09-30T08:49:09.632+0000] {logging_mixin.py:188} INFO - [2026-09-30T08:49:09.631+0000] {dag.py:3947} INFO - Setting next_dagrun for dag_market_eod to 2026-09-29 22:00:00+00:00, run_after=2026-09-30 22:00:00+00:00
[2026-09-30T08:49:09.641+0000] {processor.py:183} INFO - Processing /opt/airflow/dags/dag_market_eod.py took 0.359 seconds
[2026-09-30T08:49:39.738+0000] {processor.py:161} INFO - Started process (PID=3948) to work on /opt/airflow/dags/dag_market_eod.py
[2026-09-30T08:49:39.740+0000] {processor.py:830} INFO - Processing file /opt/airflow/dags/dag_market_eod.py for tasks to queue
[2026-09-30T08:49:39.740+0000] {logging_mixin.py:188} INFO - [2026-09-30T08:49:39.740+0000] {dagbag.py:545} INFO - Filling up the DagBag from /opt/airflow/dags/dag_market_eod.py
[2026-09-30T08:49:40.066+0000] {processor.py:840} INFO - DAG(s) 'dag_market_eod' retrieved from /opt/airflow/dags/dag_market_eod.py
[2026-09-30T08:49:40.082+0000] {logging_mixin.py:188} INFO - [2026-09-30T08:49:40.082+0000] {dag.py:3089} INFO - Sync 1 DAGs
[2026-09-30T08:49:40.093+0000] {logging_mixin.py:188} INFO - [2026-09-30T08:49:40.093+0000] {dag.py:3947} INFO - Setting next_dagrun for dag_market_eod to 2026-09-29 22:00:00+00:00, run_after=2026-09-30 22:00:00+00:00
[2026-09-30T08:49:40.104+0000] {processor.py:183} INFO - Processing /opt/airflow/dags/dag_market_eod.py took 0.369 seconds
[2026-09-30T08:50:10.208+0000] {processor.py:161} INFO - Started process (PID=3954) to work on /opt/airflow/dags/dag_market_eod.py
[2026-09-30T08:50:10.208+0000] {processor.py:830} INFO - Processing file /opt/airflow/dags/dag_market_eod.py for tasks to queue
[2026-09-30T08:50:10.209+0000] {logging_mixin.py:188} INFO - [2026-09-30T08:50:10.209+0000] {dagbag.py:545} INFO - Filling up the DagBag from /opt/airflow/dags/dag_market_eod.py
[2026-09-30T08:50:10.546+0000] {processor.py:840} INFO - DAG(s) 'dag_market_eod' retrieved from /opt/airflow/dags/dag_market_eod.py
[2026-09-30T08:50:10.561+0000] {logging_mixin.py:188} INFO - [2026-09-30T08:50:10.560+0000] {dag.py:3089} INFO - Sync 1 DAGs
[2026-09-30T08:50:10.572+0000] {logging_mixin.py:188} INFO - [2026-09-30T08:50:10.572+0000] {dag.py:3947} INFO - Setting next_dagrun for dag_market_eod to 2026-09-29 22:00:00+00:00, run_after=2026-09-30 22:00:00+00:00
[2026-09-30T08:50:10.581+0000] {processor.py:183} INFO - Processing /opt/airflow/dags/dag_market_eod.py took 0.378 seconds
[2026-09-30T08:50:40.702+0000] {processor.py:161} INFO - Started process (PID=3960) to work on /opt/airflow/dags/dag_market_eod.py
[2026-09-30T08:50:40.703+0000] {processor.py:830} INFO - Processing file /opt/airflow/dags/dag_market_eod.py for tasks to queue
[2026-09-30T08:50:40.706+0000] {logging_mixin.py:188} INFO - [2026-09-30T08:50:40.706+0000] {dagbag.py:545} INFO - Filling up the DagBag from /opt/airflow/dags/dag_market_eod.py
[2026-09-30T08:50:41.109+0000] {processor.py:840} INFO - DAG(s) 'dag_market_eod' retrieved from /opt/airflow/dags/dag_market_eod.py
[2026-09-30T08:50:41.125+0000] {logging_mixin.py:188} INFO - [2026-09-30T08:50:41.125+0000] {dag.py:3089} INFO - Sync 1 DAGs
[2026-09-30T08:50:41.139+0000] {logging_mixin.py:188} INFO - [2026-09-30T08:50:41.139+0000] {dag.py:3947} INFO - Setting next_dagrun for dag_market_eod to 2026-09-29 22:00:00+00:00, run_after=2026-09-30 22:00:00+00:00
[2026-09-30T08:50:41.153+0000] {processor.py:183} INFO - Processing /opt/airflow/dags/dag_market_eod.py took 0.463 seconds
[2026-09-30T08:51:11.251+0000] {processor.py:161} INFO - Started process (PID=3966) to work on /opt/airflow/dags/dag_market_eod.py
[2026-09-30T08:51:11.251+0000] {processor.py:830} INFO - Processing file /opt/airflow/dags/dag_market_eod.py for tasks to queue
[2026-09-30T08:51:11.252+0000] {logging_mixin.py:188} INFO - [2026-09-30T08:51:11.252+0000] {dagbag.py:545} INFO - Filling up the DagBag from /opt/airflow/dags/dag_market_eod.py
[2026-09-30T08:51:11.590+0000] {processor.py:840} INFO - DAG(s) 'dag_market_eod' retrieved from /opt/airflow/dags/dag_market_eod.py
[2026-09-30T08:51:11.613+0000] {logging_mixin.py:188} INFO - [2026-09-30T08:51:11.612+0000] {dag.py:3089} INFO - Sync 1 DAGs
[2026-09-30T08:51:11.626+0000] {logging_mixin.py:188} INFO - [2026-09-30T08:51:11.626+0000] {dag.py:3947} INFO - Setting next_dagrun for dag_market_eod to 2026-09-29 22:00:00+00:00, run_after=2026-09-30 22:00:00+00:00
[2026-09-30T08:51:11.639+0000] {processor.py:183} INFO - Processing /opt/airflow/dags/dag_market_eod.py took 0.392 seconds
[2026-09-30T08:51:41.741+0000] {processor.py:161} INFO - Started process (PID=3972) to work on /opt/airflow/dags/dag_market_eod.py
[2026-09-30T08:51:41.743+0000] {processor.py:830} INFO - Processing file /opt/airflow/dags/dag_market_eod.py for tasks to queue
[2026-09-30T08:51:41.744+0000] {logging_mixin.py:188} INFO - [2026-09-30T08:51:41.744+0000] {dagbag.py:545} INFO - Filling up the DagBag from /opt/airflow/dags/dag_market_eod.py
[2026-09-30T08:51:42.071+0000] {processor.py:840} INFO - DAG(s) 'dag_market_eod' retrieved from /opt/airflow/dags/dag_market_eod.py
[2026-09-30T08:51:42.088+0000] {logging_mixin.py:188} INFO - [2026-09-30T08:51:42.088+0000] {dag.py:3089} INFO - Sync 1 DAGs
[2026-09-30T08:51:42.101+0000] {logging_mixin.py:188} INFO - [2026-09-30T08:51:42.101+0000] {dag.py:3947} INFO - Setting next_dagrun for dag_market_eod to 2026-09-29 22:00:00+00:00, run_after=2026-09-30 22:00:00+00:00
[2026-09-30T08:51:42.111+0000] {processor.py:183} INFO - Processing /opt/airflow/dags/dag_market_eod.py took 0.374 seconds
[2026-09-30T08:52:12.225+0000] {processor.py:161} INFO - Started process (PID=3978) to work on /opt/airflow/dags/dag_market_eod.py
[2026-09-30T08:52:12.225+0000] {processor.py:830} INFO - Processing file /opt/airflow/dags/dag_market_eod.py for tasks to queue
[2026-09-30T08:52:12.227+0000] {logging_mixin.py:188} INFO - [2026-09-30T08:52:12.227+0000] {dagbag.py:545} INFO - Filling up the DagBag from /opt/airflow/dags/dag_market_eod.py
[2026-09-30T08:52:12.551+0000] {processor.py:840} INFO - DAG(s) 'dag_market_eod' retrieved from /opt/airflow/dags/dag_market_eod.py
[2026-09-30T08:52:12.567+0000] {logging_mixin.py:188} INFO - [2026-09-30T08:52:12.567+0000] {dag.py:3089} INFO - Sync 1 DAGs
[2026-09-30T08:52:12.578+0000] {logging_mixin.py:188} INFO - [2026-09-30T08:52:12.578+0000] {dag.py:3947} INFO - Setting next_dagrun for dag_market_eod to 2026-09-29 22:00:00+00:00, run_after=2026-09-30 22:00:00+00:00
[2026-09-30T08:52:12.588+0000] {processor.py:183} INFO - Processing /opt/airflow/dags/dag_market_eod.py took 0.368 seconds
[2026-09-30T08:52:42.694+0000] {processor.py:161} INFO - Started process (PID=3984) to work on /opt/airflow/dags/dag_market_eod.py
[2026-09-30T08:52:42.696+0000] {processor.py:830} INFO - Processing file /opt/airflow/dags/dag_market_eod.py for tasks to queue
[2026-09-30T08:52:42.696+0000] {logging_mixin.py:188} INFO - [2026-09-30T08:52:42.696+0000] {dagbag.py:545} INFO - Filling up the DagBag from /opt/airflow/dags/dag_market_eod.py
[2026-09-30T08:52:43.025+0000] {processor.py:840} INFO - DAG(s) 'dag_market_eod' retrieved from /opt/airflow/dags/dag_market_eod.py
[2026-09-30T08:52:43.039+0000] {logging_mixin.py:188} INFO - [2026-09-30T08:52:43.039+0000] {dag.py:3089} INFO - Sync 1 DAGs
[2026-09-30T08:52:43.051+0000] {logging_mixin.py:188} INFO - [2026-09-30T08:52:43.051+0000] {dag.py:3947} INFO - Setting next_dagrun for dag_market_eod to 2026-09-29 22:00:00+00:00, run_after=2026-09-30 22:00:00+00:00
[2026-09-30T08:52:43.060+0000] {processor.py:183} INFO - Processing /opt/airflow/dags/dag_market_eod.py took 0.371 seconds
[2026-09-30T08:53:13.159+0000] {processor.py:161} INFO - Started process (PID=3990) to work on /opt/airflow/dags/dag_market_eod.py
[2026-09-30T08:53:13.159+0000] {processor.py:830} INFO - Processing file /opt/airflow/dags/dag_market_eod.py for tasks to queue
[2026-09-30T08:53:13.160+0000] {logging_mixin.py:188} INFO - [2026-09-30T08:53:13.160+0000] {dagbag.py:545} INFO - Filling up the DagBag from /opt/airflow/dags/dag_market_eod.py
[2026-09-30T08:53:13.492+0000] {processor.py:840} INFO - DAG(s) 'dag_market_eod' retrieved from /opt/airflow/dags/dag_market_eod.py
[2026-09-30T08:53:13.512+0000] {logging_mixin.py:188} INFO - [2026-09-30T08:53:13.511+0000] {dag.py:3089} INFO - Sync 1 DAGs
[2026-09-30T08:53:13.524+0000] {logging_mixin.py:188} INFO - [2026-09-30T08:53:13.524+0000] {dag.py:3947} INFO - Setting next_dagrun for dag_market_eod to 2026-09-29 22:00:00+00:00, run_after=2026-09-30 22:00:00+00:00
[2026-09-30T08:53:13.533+0000] {processor.py:183} INFO - Processing /opt/airflow/dags/dag_market_eod.py took 0.378 seconds
[2026-09-30T08:53:43.650+0000] {processor.py:161} INFO - Started process (PID=3996) to work on /opt/airflow/dags/dag_market_eod.py
[2026-09-30T08:53:43.651+0000] {processor.py:830} INFO - Processing file /opt/airflow/dags/dag_market_eod.py for tasks to queue
[2026-09-30T08:53:43.653+0000] {logging_mixin.py:188} INFO - [2026-09-30T08:53:43.652+0000] {dagbag.py:545} INFO - Filling up the DagBag from /opt/airflow/dags/dag_market_eod.py
[2026-09-30T08:53:44.011+0000] {processor.py:840} INFO - DAG(s) 'dag_market_eod' retrieved from /opt/airflow/dags/dag_market_eod.py
[2026-09-30T08:53:44.026+0000] {logging_mixin.py:188} INFO - [2026-09-30T08:53:44.026+0000] {dag.py:3089} INFO - Sync 1 DAGs
[2026-09-30T08:53:44.038+0000] {logging_mixin.py:188} INFO - [2026-09-30T08:53:44.038+0000] {dag.py:3947} INFO - Setting next_dagrun for dag_market_eod to 2026-09-29 22:00:00+00:00, run_after=2026-09-30 22:00:00+00:00
[2026-09-30T08:53:44.048+0000] {processor.py:183} INFO - Processing /opt/airflow/dags/dag_market_eod.py took 0.403 seconds
[2026-09-30T08:54:14.157+0000] {processor.py:161} INFO - Started process (PID=4002) to work on /opt/airflow/dags/dag_market_eod.py
[2026-09-30T08:54:14.158+0000] {processor.py:830} INFO - Processing file /opt/airflow/dags/dag_market_eod.py for tasks to queue
[2026-09-30T08:54:14.159+0000] {logging_mixin.py:188} INFO - [2026-09-30T08:54:14.159+0000] {dagbag.py:545} INFO - Filling up the DagBag from /opt/airflow/dags/dag_market_eod.py
[2026-09-30T08:54:14.498+0000] {processor.py:840} INFO - DAG(s) 'dag_market_eod' retrieved from /opt/airflow/dags/dag_market_eod.py
[2026-09-30T08:54:14.516+0000] {logging_mixin.py:188} INFO - [2026-09-30T08:54:14.515+0000] {dag.py:3089} INFO - Sync 1 DAGs
[2026-09-30T08:54:14.528+0000] {logging_mixin.py:188} INFO - [2026-09-30T08:54:14.528+0000] {dag.py:3947} INFO - Setting next_dagrun for dag_market_eod to 2026-09-29 22:00:00+00:00, run_after=2026-09-30 22:00:00+00:00
[2026-09-30T08:54:14.539+0000] {processor.py:183} INFO - Processing /opt/airflow/dags/dag_market_eod.py took 0.387 seconds
[2026-09-30T08:54:44.643+0000] {processor.py:161} INFO - Started process (PID=4008) to work on /opt/airflow/dags/dag_market_eod.py
[2026-09-30T08:54:44.645+0000] {processor.py:830} INFO - Processing file /opt/airflow/dags/dag_market_eod.py for tasks to queue
[2026-09-30T08:54:44.646+0000] {logging_mixin.py:188} INFO - [2026-09-30T08:54:44.646+0000] {dagbag.py:545} INFO - Filling up the DagBag from /opt/airflow/dags/dag_market_eod.py
[2026-09-30T08:54:44.976+0000] {processor.py:840} INFO - DAG(s) 'dag_market_eod' retrieved from /opt/airflow/dags/dag_market_eod.py
[2026-09-30T08:54:44.993+0000] {logging_mixin.py:188} INFO - [2026-09-30T08:54:44.993+0000] {dag.py:3089} INFO - Sync 1 DAGs
[2026-09-30T08:54:45.004+0000] {logging_mixin.py:188} INFO - [2026-09-30T08:54:45.004+0000] {dag.py:3947} INFO - Setting next_dagrun for dag_market_eod to 2026-09-29 22:00:00+00:00, run_after=2026-09-30 22:00:00+00:00
[2026-09-30T08:54:45.017+0000] {processor.py:183} INFO - Processing /opt/airflow/dags/dag_market_eod.py took 0.379 seconds
[2026-09-30T08:55:15.124+0000] {processor.py:161} INFO - Started process (PID=4014) to work on /opt/airflow/dags/dag_market_eod.py
[2026-09-30T08:55:15.124+0000] {processor.py:830} INFO - Processing file /opt/airflow/dags/dag_market_eod.py for tasks to queue
[2026-09-30T08:55:15.125+0000] {logging_mixin.py:188} INFO - [2026-09-30T08:55:15.125+0000] {dagbag.py:545} INFO - Filling up the DagBag from /opt/airflow/dags/dag_market_eod.py
[2026-09-30T08:55:15.458+0000] {processor.py:840} INFO - DAG(s) 'dag_market_eod' retrieved from /opt/airflow/dags/dag_market_eod.py
[2026-09-30T08:55:15.477+0000] {logging_mixin.py:188} INFO - [2026-09-30T08:55:15.476+0000] {dag.py:3089} INFO - Sync 1 DAGs
[2026-09-30T08:55:15.487+0000] {logging_mixin.py:188} INFO - [2026-09-30T08:55:15.487+0000] {dag.py:3947} INFO - Setting next_dagrun for dag_market_eod to 2026-09-29 22:00:00+00:00, run_after=2026-09-30 22:00:00+00:00
[2026-09-30T08:55:15.499+0000] {processor.py:183} INFO - Processing /opt/airflow/dags/dag_market_eod.py took 0.378 seconds
[2026-09-30T08:55:45.604+0000] {processor.py:161} INFO - Started process (PID=4020) to work on /opt/airflow/dags/dag_market_eod.py
[2026-09-30T08:55:45.605+0000] {processor.py:830} INFO - Processing file /opt/airflow/dags/dag_market_eod.py for tasks to queue
[2026-09-30T08:55:45.606+0000] {logging_mixin.py:188} INFO - [2026-09-30T08:55:45.606+0000] {dagbag.py:545} INFO - Filling up the DagBag from /opt/airflow/dags/dag_market_eod.py
[2026-09-30T08:55:45.949+0000] {processor.py:840} INFO - DAG(s) 'dag_market_eod' retrieved from /opt/airflow/dags/dag_market_eod.py
[2026-09-30T08:55:45.962+0000] {logging_mixin.py:188} INFO - [2026-09-30T08:55:45.962+0000] {dag.py:3089} INFO - Sync 1 DAGs
[2026-09-30T08:55:45.973+0000] {logging_mixin.py:188} INFO - [2026-09-30T08:55:45.973+0000] {dag.py:3947} INFO - Setting next_dagrun for dag_market_eod to 2026-09-29 22:00:00+00:00, run_after=2026-09-30 22:00:00+00:00
[2026-09-30T08:55:45.983+0000] {processor.py:183} INFO - Processing /opt/airflow/dags/dag_market_eod.py took 0.382 seconds
[2026-09-30T08:56:16.084+0000] {processor.py:161} INFO - Started process (PID=4026) to work on /opt/airflow/dags/dag_market_eod.py
[2026-09-30T08:56:16.085+0000] {processor.py:830} INFO - Processing file /opt/airflow/dags/dag_market_eod.py for tasks to queue
[2026-09-30T08:56:16.086+0000] {logging_mixin.py:188} INFO - [2026-09-30T08:56:16.086+0000] {dagbag.py:545} INFO - Filling up the DagBag from /opt/airflow/dags/dag_market_eod.py
[2026-09-30T08:56:16.412+0000] {processor.py:840} INFO - DAG(s) 'dag_market_eod' retrieved from /opt/airflow/dags/dag_market_eod.py
[2026-09-30T08:56:16.427+0000] {logging_mixin.py:188} INFO - [2026-09-30T08:56:16.426+0000] {dag.py:3089} INFO - Sync 1 DAGs
[2026-09-30T08:56:16.439+0000] {logging_mixin.py:188} INFO - [2026-09-30T08:56:16.438+0000] {dag.py:3947} INFO - Setting next_dagrun for dag_market_eod to 2026-09-29 22:00:00+00:00, run_after=2026-09-30 22:00:00+00:00
[2026-09-30T08:56:16.448+0000] {processor.py:183} INFO - Processing /opt/airflow/dags/dag_market_eod.py took 0.367 seconds
[2026-09-30T08:56:46.547+0000] {processor.py:161} INFO - Started process (PID=4032) to work on /opt/airflow/dags/dag_market_eod.py
[2026-09-30T08:56:46.549+0000] {processor.py:830} INFO - Processing file /opt/airflow/dags/dag_market_eod.py for tasks to queue
[2026-09-30T08:56:46.550+0000] {logging_mixin.py:188} INFO - [2026-09-30T08:56:46.550+0000] {dagbag.py:545} INFO - Filling up the DagBag from /opt/airflow/dags/dag_market_eod.py
[2026-09-30T08:56:46.877+0000] {processor.py:840} INFO - DAG(s) 'dag_market_eod' retrieved from /opt/airflow/dags/dag_market_eod.py
[2026-09-30T08:56:46.896+0000] {logging_mixin.py:188} INFO - [2026-09-30T08:56:46.896+0000] {dag.py:3089} INFO - Sync 1 DAGs
[2026-09-30T08:56:46.908+0000] {logging_mixin.py:188} INFO - [2026-09-30T08:56:46.908+0000] {dag.py:3947} INFO - Setting next_dagrun for dag_market_eod to 2026-09-29 22:00:00+00:00, run_after=2026-09-30 22:00:00+00:00
[2026-09-30T08:56:46.919+0000] {processor.py:183} INFO - Processing /opt/airflow/dags/dag_market_eod.py took 0.376 seconds
[2026-09-30T08:57:17.032+0000] {processor.py:161} INFO - Started process (PID=4038) to work on /opt/airflow/dags/dag_market_eod.py
[2026-09-30T08:57:17.032+0000] {processor.py:830} INFO - Processing file /opt/airflow/dags/dag_market_eod.py for tasks to queue
[2026-09-30T08:57:17.033+0000] {logging_mixin.py:188} INFO - [2026-09-30T08:57:17.033+0000] {dagbag.py:545} INFO - Filling up the DagBag from /opt/airflow/dags/dag_market_eod.py
[2026-09-30T08:57:17.370+0000] {processor.py:840} INFO - DAG(s) 'dag_market_eod' retrieved from /opt/airflow/dags/dag_market_eod.py
[2026-09-30T08:57:17.388+0000] {logging_mixin.py:188} INFO - [2026-09-30T08:57:17.388+0000] {dag.py:3089} INFO - Sync 1 DAGs
[2026-09-30T08:57:17.401+0000] {logging_mixin.py:188} INFO - [2026-09-30T08:57:17.401+0000] {dag.py:3947} INFO - Setting next_dagrun for dag_market_eod to 2026-09-29 22:00:00+00:00, run_after=2026-09-30 22:00:00+00:00
[2026-09-30T08:57:17.414+0000] {processor.py:183} INFO - Processing /opt/airflow/dags/dag_market_eod.py took 0.387 seconds
[2026-09-30T08:57:47.518+0000] {processor.py:161} INFO - Started process (PID=4044) to work on /opt/airflow/dags/dag_market_eod.py
[2026-09-30T08:57:47.520+0000] {processor.py:830} INFO - Processing file /opt/airflow/dags/dag_market_eod.py for tasks to queue
[2026-09-30T08:57:47.521+0000] {logging_mixin.py:188} INFO - [2026-09-30T08:57:47.521+0000] {dagbag.py:545} INFO - Filling up the DagBag from /opt/airflow/dags/dag_market_eod.py
[2026-09-30T08:57:47.855+0000] {processor.py:840} INFO - DAG(s) 'dag_market_eod' retrieved from /opt/airflow/dags/dag_market_eod.py
[2026-09-30T08:57:47.875+0000] {logging_mixin.py:188} INFO - [2026-09-30T08:57:47.875+0000] {dag.py:3089} INFO - Sync 1 DAGs
[2026-09-30T08:57:47.887+0000] {logging_mixin.py:188} INFO - [2026-09-30T08:57:47.887+0000] {dag.py:3947} INFO - Setting next_dagrun for dag_market_eod to 2026-09-29 22:00:00+00:00, run_after=2026-09-30 22:00:00+00:00
[2026-09-30T08:57:47.898+0000] {processor.py:183} INFO - Processing /opt/airflow/dags/dag_market_eod.py took 0.383 seconds
[2026-09-30T08:58:18.002+0000] {processor.py:161} INFO - Started process (PID=4050) to work on /opt/airflow/dags/dag_market_eod.py
[2026-09-30T08:58:18.003+0000] {processor.py:830} INFO - Processing file /opt/airflow/dags/dag_market_eod.py for tasks to queue
[2026-09-30T08:58:18.004+0000] {logging_mixin.py:188} INFO - [2026-09-30T08:58:18.003+0000] {dagbag.py:545} INFO - Filling up the DagBag from /opt/airflow/dags/dag_market_eod.py
[2026-09-30T08:58:18.329+0000] {processor.py:840} INFO - DAG(s) 'dag_market_eod' retrieved from /opt/airflow/dags/dag_market_eod.py
[2026-09-30T08:58:18.344+0000] {logging_mixin.py:188} INFO - [2026-09-30T08:58:18.344+0000] {dag.py:3089} INFO - Sync 1 DAGs
[2026-09-30T08:58:18.355+0000] {logging_mixin.py:188} INFO - [2026-09-30T08:58:18.355+0000] {dag.py:3947} INFO - Setting next_dagrun for dag_market_eod to 2026-09-29 22:00:00+00:00, run_after=2026-09-30 22:00:00+00:00
[2026-09-30T08:58:18.365+0000] {processor.py:183} INFO - Processing /opt/airflow/dags/dag_market_eod.py took 0.367 seconds
[2026-09-30T08:58:48.472+0000] {processor.py:161} INFO - Started process (PID=4056) to work on /opt/airflow/dags/dag_market_eod.py
[2026-09-30T08:58:48.474+0000] {processor.py:830} INFO - Processing file /opt/airflow/dags/dag_market_eod.py for tasks to queue
[2026-09-30T08:58:48.475+0000] {logging_mixin.py:188} INFO - [2026-09-30T08:58:48.475+0000] {dagbag.py:545} INFO - Filling up the DagBag from /opt/airflow/dags/dag_market_eod.py
[2026-09-30T08:58:48.810+0000] {processor.py:840} INFO - DAG(s) 'dag_market_eod' retrieved from /opt/airflow/dags/dag_market_eod.py
[2026-09-30T08:58:48.825+0000] {logging_mixin.py:188} INFO - [2026-09-30T08:58:48.824+0000] {dag.py:3089} INFO - Sync 1 DAGs
[2026-09-30T08:58:48.836+0000] {logging_mixin.py:188} INFO - [2026-09-30T08:58:48.836+0000] {dag.py:3947} INFO - Setting next_dagrun for dag_market_eod to 2026-09-29 22:00:00+00:00, run_after=2026-09-30 22:00:00+00:00
[2026-09-30T08:58:48.849+0000] {processor.py:183} INFO - Processing /opt/airflow/dags/dag_market_eod.py took 0.382 seconds
[2026-09-30T08:59:18.955+0000] {processor.py:161} INFO - Started process (PID=4062) to work on /opt/airflow/dags/dag_market_eod.py
[2026-09-30T08:59:18.955+0000] {processor.py:830} INFO - Processing file /opt/airflow/dags/dag_market_eod.py for tasks to queue
[2026-09-30T08:59:18.956+0000] {logging_mixin.py:188} INFO - [2026-09-30T08:59:18.956+0000] {dagbag.py:545} INFO - Filling up the DagBag from /opt/airflow/dags/dag_market_eod.py
[2026-09-30T08:59:19.284+0000] {processor.py:840} INFO - DAG(s) 'dag_market_eod' retrieved from /opt/airflow/dags/dag_market_eod.py
[2026-09-30T08:59:19.302+0000] {logging_mixin.py:188} INFO - [2026-09-30T08:59:19.301+0000] {dag.py:3089} INFO - Sync 1 DAGs
[2026-09-30T08:59:19.313+0000] {logging_mixin.py:188} INFO - [2026-09-30T08:59:19.313+0000] {dag.py:3947} INFO - Setting next_dagrun for dag_market_eod to 2026-09-29 22:00:00+00:00, run_after=2026-09-30 22:00:00+00:00
[2026-09-30T08:59:19.324+0000] {processor.py:183} INFO - Processing /opt/airflow/dags/dag_market_eod.py took 0.373 seconds
[2026-09-30T08:59:49.423+0000] {processor.py:161} INFO - Started process (PID=4068) to work on /opt/airflow/dags/dag_market_eod.py
[2026-09-30T08:59:49.425+0000] {processor.py:830} INFO - Processing file /opt/airflow/dags/dag_market_eod.py for tasks to queue
[2026-09-30T08:59:49.426+0000] {logging_mixin.py:188} INFO - [2026-09-30T08:59:49.426+0000] {dagbag.py:545} INFO - Filling up the DagBag from /opt/airflow/dags/dag_market_eod.py
[2026-09-30T08:59:49.747+0000] {processor.py:840} INFO - DAG(s) 'dag_market_eod' retrieved from /opt/airflow/dags/dag_market_eod.py
[2026-09-30T08:59:49.761+0000] {logging_mixin.py:188} INFO - [2026-09-30T08:59:49.761+0000] {dag.py:3089} INFO - Sync 1 DAGs
[2026-09-30T08:59:49.773+0000] {logging_mixin.py:188} INFO - [2026-09-30T08:59:49.773+0000] {dag.py:3947} INFO - Setting next_dagrun for dag_market_eod to 2026-09-29 22:00:00+00:00, run_after=2026-09-30 22:00:00+00:00
[2026-09-30T08:59:49.783+0000] {processor.py:183} INFO - Processing /opt/airflow/dags/dag_market_eod.py took 0.364 seconds
[2026-09-30T09:00:19.884+0000] {processor.py:161} INFO - Started process (PID=4074) to work on /opt/airflow/dags/dag_market_eod.py
[2026-09-30T09:00:19.884+0000] {processor.py:830} INFO - Processing file /opt/airflow/dags/dag_market_eod.py for tasks to queue
[2026-09-30T09:00:19.885+0000] {logging_mixin.py:188} INFO - [2026-09-30T09:00:19.885+0000] {dagbag.py:545} INFO - Filling up the DagBag from /opt/airflow/dags/dag_market_eod.py
[2026-09-30T09:00:20.214+0000] {processor.py:840} INFO - DAG(s) 'dag_market_eod' retrieved from /opt/airflow/dags/dag_market_eod.py
[2026-09-30T09:00:20.228+0000] {logging_mixin.py:188} INFO - [2026-09-30T09:00:20.228+0000] {dag.py:3089} INFO - Sync 1 DAGs
[2026-09-30T09:00:20.239+0000] {logging_mixin.py:188} INFO - [2026-09-30T09:00:20.239+0000] {dag.py:3947} INFO - Setting next_dagrun for dag_market_eod to 2026-09-29 22:00:00+00:00, run_after=2026-09-30 22:00:00+00:00
[2026-09-30T09:00:20.249+0000] {processor.py:183} INFO - Processing /opt/airflow/dags/dag_market_eod.py took 0.369 seconds
[2026-09-30T09:00:50.357+0000] {processor.py:161} INFO - Started process (PID=4080) to work on /opt/airflow/dags/dag_market_eod.py
[2026-09-30T09:00:50.358+0000] {processor.py:830} INFO - Processing file /opt/airflow/dags/dag_market_eod.py for tasks to queue
[2026-09-30T09:00:50.359+0000] {logging_mixin.py:188} INFO - [2026-09-30T09:00:50.359+0000] {dagbag.py:545} INFO - Filling up the DagBag from /opt/airflow/dags/dag_market_eod.py
[2026-09-30T09:00:50.691+0000] {processor.py:840} INFO - DAG(s) 'dag_market_eod' retrieved from /opt/airflow/dags/dag_market_eod.py
[2026-09-30T09:00:50.706+0000] {logging_mixin.py:188} INFO - [2026-09-30T09:00:50.706+0000] {dag.py:3089} INFO - Sync 1 DAGs
[2026-09-30T09:00:50.718+0000] {logging_mixin.py:188} INFO - [2026-09-30T09:00:50.717+0000] {dag.py:3947} INFO - Setting next_dagrun for dag_market_eod to 2026-09-29 22:00:00+00:00, run_after=2026-09-30 22:00:00+00:00
[2026-09-30T09:00:50.727+0000] {processor.py:183} INFO - Processing /opt/airflow/dags/dag_market_eod.py took 0.373 seconds
[2026-09-30T09:01:20.829+0000] {processor.py:161} INFO - Started process (PID=4086) to work on /opt/airflow/dags/dag_market_eod.py
[2026-09-30T09:01:20.830+0000] {processor.py:830} INFO - Processing file /opt/airflow/dags/dag_market_eod.py for tasks to queue
[2026-09-30T09:01:20.831+0000] {logging_mixin.py:188} INFO - [2026-09-30T09:01:20.831+0000] {dagbag.py:545} INFO - Filling up the DagBag from /opt/airflow/dags/dag_market_eod.py
[2026-09-30T09:01:21.151+0000] {processor.py:840} INFO - DAG(s) 'dag_market_eod' retrieved from /opt/airflow/dags/dag_market_eod.py
[2026-09-30T09:01:21.175+0000] {logging_mixin.py:188} INFO - [2026-09-30T09:01:21.175+0000] {dag.py:3089} INFO - Sync 1 DAGs
[2026-09-30T09:01:21.199+0000] {logging_mixin.py:188} INFO - [2026-09-30T09:01:21.199+0000] {dag.py:3947} INFO - Setting next_dagrun for dag_market_eod to 2026-09-29 22:00:00+00:00, run_after=2026-09-30 22:00:00+00:00
[2026-09-30T09:01:21.213+0000] {processor.py:183} INFO - Processing /opt/airflow/dags/dag_market_eod.py took 0.388 seconds
[2026-09-30T09:01:51.320+0000] {processor.py:161} INFO - Started process (PID=4092) to work on /opt/airflow/dags/dag_market_eod.py
[2026-09-30T09:01:51.322+0000] {processor.py:830} INFO - Processing file /opt/airflow/dags/dag_market_eod.py for tasks to queue
[2026-09-30T09:01:51.322+0000] {logging_mixin.py:188} INFO - [2026-09-30T09:01:51.322+0000] {dagbag.py:545} INFO - Filling up the DagBag from /opt/airflow/dags/dag_market_eod.py
[2026-09-30T09:01:51.643+0000] {processor.py:840} INFO - DAG(s) 'dag_market_eod' retrieved from /opt/airflow/dags/dag_market_eod.py
[2026-09-30T09:01:51.658+0000] {logging_mixin.py:188} INFO - [2026-09-30T09:01:51.657+0000] {dag.py:3089} INFO - Sync 1 DAGs
[2026-09-30T09:01:51.669+0000] {logging_mixin.py:188} INFO - [2026-09-30T09:01:51.669+0000] {dag.py:3947} INFO - Setting next_dagrun for dag_market_eod to 2026-09-29 22:00:00+00:00, run_after=2026-09-30 22:00:00+00:00
[2026-09-30T09:01:51.681+0000] {processor.py:183} INFO - Processing /opt/airflow/dags/dag_market_eod.py took 0.365 seconds
[2026-09-30T09:02:21.784+0000] {processor.py:161} INFO - Started process (PID=4098) to work on /opt/airflow/dags/dag_market_eod.py
[2026-09-30T09:02:21.784+0000] {processor.py:830} INFO - Processing file /opt/airflow/dags/dag_market_eod.py for tasks to queue
[2026-09-30T09:02:21.785+0000] {logging_mixin.py:188} INFO - [2026-09-30T09:02:21.785+0000] {dagbag.py:545} INFO - Filling up the DagBag from /opt/airflow/dags/dag_market_eod.py
[2026-09-30T09:02:22.119+0000] {processor.py:840} INFO - DAG(s) 'dag_market_eod' retrieved from /opt/airflow/dags/dag_market_eod.py
[2026-09-30T09:02:22.139+0000] {logging_mixin.py:188} INFO - [2026-09-30T09:02:22.138+0000] {dag.py:3089} INFO - Sync 1 DAGs
[2026-09-30T09:02:22.150+0000] {logging_mixin.py:188} INFO - [2026-09-30T09:02:22.150+0000] {dag.py:3947} INFO - Setting next_dagrun for dag_market_eod to 2026-09-29 22:00:00+00:00, run_after=2026-09-30 22:00:00+00:00
[2026-09-30T09:02:22.162+0000] {processor.py:183} INFO - Processing /opt/airflow/dags/dag_market_eod.py took 0.383 seconds
[2026-09-30T09:02:52.269+0000] {processor.py:161} INFO - Started process (PID=4104) to work on /opt/airflow/dags/dag_market_eod.py
[2026-09-30T09:02:52.271+0000] {processor.py:830} INFO - Processing file /opt/airflow/dags/dag_market_eod.py for tasks to queue
[2026-09-30T09:02:52.272+0000] {logging_mixin.py:188} INFO - [2026-09-30T09:02:52.272+0000] {dagbag.py:545} INFO - Filling up the DagBag from /opt/airflow/dags/dag_market_eod.py
[2026-09-30T09:02:52.593+0000] {processor.py:840} INFO - DAG(s) 'dag_market_eod' retrieved from /opt/airflow/dags/dag_market_eod.py
[2026-09-30T09:02:52.607+0000] {logging_mixin.py:188} INFO - [2026-09-30T09:02:52.607+0000] {dag.py:3089} INFO - Sync 1 DAGs
[2026-09-30T09:02:52.619+0000] {logging_mixin.py:188} INFO - [2026-09-30T09:02:52.619+0000] {dag.py:3947} INFO - Setting next_dagrun for dag_market_eod to 2026-09-29 22:00:00+00:00, run_after=2026-09-30 22:00:00+00:00
[2026-09-30T09:02:52.628+0000] {processor.py:183} INFO - Processing /opt/airflow/dags/dag_market_eod.py took 0.362 seconds
[2026-09-30T09:03:22.732+0000] {processor.py:161} INFO - Started process (PID=4110) to work on /opt/airflow/dags/dag_market_eod.py
[2026-09-30T09:03:22.733+0000] {processor.py:830} INFO - Processing file /opt/airflow/dags/dag_market_eod.py for tasks to queue
[2026-09-30T09:03:22.735+0000] {logging_mixin.py:188} INFO - [2026-09-30T09:03:22.735+0000] {dagbag.py:545} INFO - Filling up the DagBag from /opt/airflow/dags/dag_market_eod.py
[2026-09-30T09:03:23.088+0000] {processor.py:840} INFO - DAG(s) 'dag_market_eod' retrieved from /opt/airflow/dags/dag_market_eod.py
[2026-09-30T09:03:23.114+0000] {logging_mixin.py:188} INFO - [2026-09-30T09:03:23.113+0000] {dag.py:3089} INFO - Sync 1 DAGs
[2026-09-30T09:03:23.135+0000] {logging_mixin.py:188} INFO - [2026-09-30T09:03:23.135+0000] {dag.py:3947} INFO - Setting next_dagrun for dag_market_eod to 2026-09-29 22:00:00+00:00, run_after=2026-09-30 22:00:00+00:00
[2026-09-30T09:03:23.148+0000] {processor.py:183} INFO - Processing /opt/airflow/dags/dag_market_eod.py took 0.422 seconds
[2026-09-30T09:03:53.250+0000] {processor.py:161} INFO - Started process (PID=4116) to work on /opt/airflow/dags/dag_market_eod.py
[2026-09-30T09:03:53.251+0000] {processor.py:830} INFO - Processing file /opt/airflow/dags/dag_market_eod.py for tasks to queue
[2026-09-30T09:03:53.252+0000] {logging_mixin.py:188} INFO - [2026-09-30T09:03:53.251+0000] {dagbag.py:545} INFO - Filling up the DagBag from /opt/airflow/dags/dag_market_eod.py
[2026-09-30T09:03:53.579+0000] {processor.py:840} INFO - DAG(s) 'dag_market_eod' retrieved from /opt/airflow/dags/dag_market_eod.py
[2026-09-30T09:03:53.594+0000] {logging_mixin.py:188} INFO - [2026-09-30T09:03:53.594+0000] {dag.py:3089} INFO - Sync 1 DAGs
[2026-09-30T09:03:53.606+0000] {logging_mixin.py:188} INFO - [2026-09-30T09:03:53.606+0000] {dag.py:3947} INFO - Setting next_dagrun for dag_market_eod to 2026-09-29 22:00:00+00:00, run_after=2026-09-30 22:00:00+00:00
[2026-09-30T09:03:53.616+0000] {processor.py:183} INFO - Processing /opt/airflow/dags/dag_market_eod.py took 0.369 seconds
[2026-09-30T09:04:23.715+0000] {processor.py:161} INFO - Started process (PID=4122) to work on /opt/airflow/dags/dag_market_eod.py
[2026-09-30T09:04:23.716+0000] {processor.py:830} INFO - Processing file /opt/airflow/dags/dag_market_eod.py for tasks to queue
[2026-09-30T09:04:23.716+0000] {logging_mixin.py:188} INFO - [2026-09-30T09:04:23.716+0000] {dagbag.py:545} INFO - Filling up the DagBag from /opt/airflow/dags/dag_market_eod.py
[2026-09-30T09:04:24.078+0000] {processor.py:840} INFO - DAG(s) 'dag_market_eod' retrieved from /opt/airflow/dags/dag_market_eod.py
[2026-09-30T09:04:24.098+0000] {logging_mixin.py:188} INFO - [2026-09-30T09:04:24.098+0000] {dag.py:3089} INFO - Sync 1 DAGs
[2026-09-30T09:04:24.110+0000] {logging_mixin.py:188} INFO - [2026-09-30T09:04:24.110+0000] {dag.py:3947} INFO - Setting next_dagrun for dag_market_eod to 2026-09-29 22:00:00+00:00, run_after=2026-09-30 22:00:00+00:00
[2026-09-30T09:04:24.119+0000] {processor.py:183} INFO - Processing /opt/airflow/dags/dag_market_eod.py took 0.407 seconds
[2026-09-30T09:04:54.223+0000] {processor.py:161} INFO - Started process (PID=4128) to work on /opt/airflow/dags/dag_market_eod.py
[2026-09-30T09:04:54.224+0000] {processor.py:830} INFO - Processing file /opt/airflow/dags/dag_market_eod.py for tasks to queue
[2026-09-30T09:04:54.226+0000] {logging_mixin.py:188} INFO - [2026-09-30T09:04:54.225+0000] {dagbag.py:545} INFO - Filling up the DagBag from /opt/airflow/dags/dag_market_eod.py
[2026-09-30T09:04:54.565+0000] {processor.py:840} INFO - DAG(s) 'dag_market_eod' retrieved from /opt/airflow/dags/dag_market_eod.py
[2026-09-30T09:04:54.581+0000] {logging_mixin.py:188} INFO - [2026-09-30T09:04:54.581+0000] {dag.py:3089} INFO - Sync 1 DAGs
[2026-09-30T09:04:54.592+0000] {logging_mixin.py:188} INFO - [2026-09-30T09:04:54.592+0000] {dag.py:3947} INFO - Setting next_dagrun for dag_market_eod to 2026-09-29 22:00:00+00:00, run_after=2026-09-30 22:00:00+00:00
[2026-09-30T09:04:54.603+0000] {processor.py:183} INFO - Processing /opt/airflow/dags/dag_market_eod.py took 0.385 seconds
[2026-09-30T09:05:24.705+0000] {processor.py:161} INFO - Started process (PID=4134) to work on /opt/airflow/dags/dag_market_eod.py
[2026-09-30T09:05:24.706+0000] {processor.py:830} INFO - Processing file /opt/airflow/dags/dag_market_eod.py for tasks to queue
[2026-09-30T09:05:24.707+0000] {logging_mixin.py:188} INFO - [2026-09-30T09:05:24.706+0000] {dagbag.py:545} INFO - Filling up the DagBag from /opt/airflow/dags/dag_market_eod.py
[2026-09-30T09:05:25.052+0000] {processor.py:840} INFO - DAG(s) 'dag_market_eod' retrieved from /opt/airflow/dags/dag_market_eod.py
[2026-09-30T09:05:25.069+0000] {logging_mixin.py:188} INFO - [2026-09-30T09:05:25.069+0000] {dag.py:3089} INFO - Sync 1 DAGs
[2026-09-30T09:05:25.081+0000] {logging_mixin.py:188} INFO - [2026-09-30T09:05:25.081+0000] {dag.py:3947} INFO - Setting next_dagrun for dag_market_eod to 2026-09-29 22:00:00+00:00, run_after=2026-09-30 22:00:00+00:00
[2026-09-30T09:05:25.092+0000] {processor.py:183} INFO - Processing /opt/airflow/dags/dag_market_eod.py took 0.392 seconds
[2026-09-30T09:05:55.205+0000] {processor.py:161} INFO - Started process (PID=4140) to work on /opt/airflow/dags/dag_market_eod.py
[2026-09-30T09:05:55.207+0000] {processor.py:830} INFO - Processing file /opt/airflow/dags/dag_market_eod.py for tasks to queue
[2026-09-30T09:05:55.208+0000] {logging_mixin.py:188} INFO - [2026-09-30T09:05:55.208+0000] {dagbag.py:545} INFO - Filling up the DagBag from /opt/airflow/dags/dag_market_eod.py
[2026-09-30T09:05:55.535+0000] {processor.py:840} INFO - DAG(s) 'dag_market_eod' retrieved from /opt/airflow/dags/dag_market_eod.py
[2026-09-30T09:05:55.550+0000] {logging_mixin.py:188} INFO - [2026-09-30T09:05:55.549+0000] {dag.py:3089} INFO - Sync 1 DAGs
[2026-09-30T09:05:55.562+0000] {logging_mixin.py:188} INFO - [2026-09-30T09:05:55.561+0000] {dag.py:3947} INFO - Setting next_dagrun for dag_market_eod to 2026-09-29 22:00:00+00:00, run_after=2026-09-30 22:00:00+00:00
[2026-09-30T09:05:55.572+0000] {processor.py:183} INFO - Processing /opt/airflow/dags/dag_market_eod.py took 0.371 seconds
[2026-09-30T09:06:25.671+0000] {processor.py:161} INFO - Started process (PID=4146) to work on /opt/airflow/dags/dag_market_eod.py
[2026-09-30T09:06:25.672+0000] {processor.py:830} INFO - Processing file /opt/airflow/dags/dag_market_eod.py for tasks to queue
[2026-09-30T09:06:25.673+0000] {logging_mixin.py:188} INFO - [2026-09-30T09:06:25.673+0000] {dagbag.py:545} INFO - Filling up the DagBag from /opt/airflow/dags/dag_market_eod.py
[2026-09-30T09:06:26.009+0000] {processor.py:840} INFO - DAG(s) 'dag_market_eod' retrieved from /opt/airflow/dags/dag_market_eod.py
[2026-09-30T09:06:26.030+0000] {logging_mixin.py:188} INFO - [2026-09-30T09:06:26.029+0000] {dag.py:3089} INFO - Sync 1 DAGs
[2026-09-30T09:06:26.042+0000] {logging_mixin.py:188} INFO - [2026-09-30T09:06:26.042+0000] {dag.py:3947} INFO - Setting next_dagrun for dag_market_eod to 2026-09-29 22:00:00+00:00, run_after=2026-09-30 22:00:00+00:00
[2026-09-30T09:06:26.053+0000] {processor.py:183} INFO - Processing /opt/airflow/dags/dag_market_eod.py took 0.386 seconds
[2026-09-30T09:06:56.158+0000] {processor.py:161} INFO - Started process (PID=4152) to work on /opt/airflow/dags/dag_market_eod.py
[2026-09-30T09:06:56.159+0000] {processor.py:830} INFO - Processing file /opt/airflow/dags/dag_market_eod.py for tasks to queue
[2026-09-30T09:06:56.160+0000] {logging_mixin.py:188} INFO - [2026-09-30T09:06:56.160+0000] {dagbag.py:545} INFO - Filling up the DagBag from /opt/airflow/dags/dag_market_eod.py
[2026-09-30T09:06:56.496+0000] {processor.py:840} INFO - DAG(s) 'dag_market_eod' retrieved from /opt/airflow/dags/dag_market_eod.py
[2026-09-30T09:06:56.511+0000] {logging_mixin.py:188} INFO - [2026-09-30T09:06:56.511+0000] {dag.py:3089} INFO - Sync 1 DAGs
[2026-09-30T09:06:56.523+0000] {logging_mixin.py:188} INFO - [2026-09-30T09:06:56.523+0000] {dag.py:3947} INFO - Setting next_dagrun for dag_market_eod to 2026-09-29 22:00:00+00:00, run_after=2026-09-30 22:00:00+00:00
[2026-09-30T09:06:56.532+0000] {processor.py:183} INFO - Processing /opt/airflow/dags/dag_market_eod.py took 0.379 seconds
[2026-09-30T09:07:26.633+0000] {processor.py:161} INFO - Started process (PID=4158) to work on /opt/airflow/dags/dag_market_eod.py
[2026-09-30T09:07:26.633+0000] {processor.py:830} INFO - Processing file /opt/airflow/dags/dag_market_eod.py for tasks to queue
[2026-09-30T09:07:26.635+0000] {logging_mixin.py:188} INFO - [2026-09-30T09:07:26.635+0000] {dagbag.py:545} INFO - Filling up the DagBag from /opt/airflow/dags/dag_market_eod.py
[2026-09-30T09:07:26.966+0000] {processor.py:840} INFO - DAG(s) 'dag_market_eod' retrieved from /opt/airflow/dags/dag_market_eod.py
[2026-09-30T09:07:26.982+0000] {logging_mixin.py:188} INFO - [2026-09-30T09:07:26.982+0000] {dag.py:3089} INFO - Sync 1 DAGs
[2026-09-30T09:07:26.994+0000] {logging_mixin.py:188} INFO - [2026-09-30T09:07:26.994+0000] {dag.py:3947} INFO - Setting next_dagrun for dag_market_eod to 2026-09-29 22:00:00+00:00, run_after=2026-09-30 22:00:00+00:00
[2026-09-30T09:07:27.005+0000] {processor.py:183} INFO - Processing /opt/airflow/dags/dag_market_eod.py took 0.377 seconds
[2026-09-30T09:07:57.113+0000] {processor.py:161} INFO - Started process (PID=4164) to work on /opt/airflow/dags/dag_market_eod.py
[2026-09-30T09:07:57.115+0000] {processor.py:830} INFO - Processing file /opt/airflow/dags/dag_market_eod.py for tasks to queue
[2026-09-30T09:07:57.115+0000] {logging_mixin.py:188} INFO - [2026-09-30T09:07:57.115+0000] {dagbag.py:545} INFO - Filling up the DagBag from /opt/airflow/dags/dag_market_eod.py
[2026-09-30T09:07:57.450+0000] {processor.py:840} INFO - DAG(s) 'dag_market_eod' retrieved from /opt/airflow/dags/dag_market_eod.py
[2026-09-30T09:07:57.464+0000] {logging_mixin.py:188} INFO - [2026-09-30T09:07:57.464+0000] {dag.py:3089} INFO - Sync 1 DAGs
[2026-09-30T09:07:57.476+0000] {logging_mixin.py:188} INFO - [2026-09-30T09:07:57.476+0000] {dag.py:3947} INFO - Setting next_dagrun for dag_market_eod to 2026-09-29 22:00:00+00:00, run_after=2026-09-30 22:00:00+00:00
[2026-09-30T09:07:57.487+0000] {processor.py:183} INFO - Processing /opt/airflow/dags/dag_market_eod.py took 0.378 seconds
[2026-09-30T09:08:27.594+0000] {processor.py:161} INFO - Started process (PID=4170) to work on /opt/airflow/dags/dag_market_eod.py
[2026-09-30T09:08:27.595+0000] {processor.py:830} INFO - Processing file /opt/airflow/dags/dag_market_eod.py for tasks to queue
[2026-09-30T09:08:27.596+0000] {logging_mixin.py:188} INFO - [2026-09-30T09:08:27.596+0000] {dagbag.py:545} INFO - Filling up the DagBag from /opt/airflow/dags/dag_market_eod.py
[2026-09-30T09:08:27.923+0000] {processor.py:840} INFO - DAG(s) 'dag_market_eod' retrieved from /opt/airflow/dags/dag_market_eod.py
[2026-09-30T09:08:27.939+0000] {logging_mixin.py:188} INFO - [2026-09-30T09:08:27.938+0000] {dag.py:3089} INFO - Sync 1 DAGs
[2026-09-30T09:08:27.953+0000] {logging_mixin.py:188} INFO - [2026-09-30T09:08:27.952+0000] {dag.py:3947} INFO - Setting next_dagrun for dag_market_eod to 2026-09-29 22:00:00+00:00, run_after=2026-09-30 22:00:00+00:00
[2026-09-30T09:08:27.966+0000] {processor.py:183} INFO - Processing /opt/airflow/dags/dag_market_eod.py took 0.376 seconds
[2026-09-30T09:08:58.068+0000] {processor.py:161} INFO - Started process (PID=4176) to work on /opt/airflow/dags/dag_market_eod.py
[2026-09-30T09:08:58.070+0000] {processor.py:830} INFO - Processing file /opt/airflow/dags/dag_market_eod.py for tasks to queue
[2026-09-30T09:08:58.071+0000] {logging_mixin.py:188} INFO - [2026-09-30T09:08:58.071+0000] {dagbag.py:545} INFO - Filling up the DagBag from /opt/airflow/dags/dag_market_eod.py
[2026-09-30T09:08:58.394+0000] {processor.py:840} INFO - DAG(s) 'dag_market_eod' retrieved from /opt/airflow/dags/dag_market_eod.py
[2026-09-30T09:08:58.409+0000] {logging_mixin.py:188} INFO - [2026-09-30T09:08:58.409+0000] {dag.py:3089} INFO - Sync 1 DAGs
[2026-09-30T09:08:58.421+0000] {logging_mixin.py:188} INFO - [2026-09-30T09:08:58.420+0000] {dag.py:3947} INFO - Setting next_dagrun for dag_market_eod to 2026-09-29 22:00:00+00:00, run_after=2026-09-30 22:00:00+00:00
[2026-09-30T09:08:58.431+0000] {processor.py:183} INFO - Processing /opt/airflow/dags/dag_market_eod.py took 0.368 seconds
[2026-09-30T09:09:28.530+0000] {processor.py:161} INFO - Started process (PID=4182) to work on /opt/airflow/dags/dag_market_eod.py
[2026-09-30T09:09:28.531+0000] {processor.py:830} INFO - Processing file /opt/airflow/dags/dag_market_eod.py for tasks to queue
[2026-09-30T09:09:28.531+0000] {logging_mixin.py:188} INFO - [2026-09-30T09:09:28.531+0000] {dagbag.py:545} INFO - Filling up the DagBag from /opt/airflow/dags/dag_market_eod.py
[2026-09-30T09:09:28.865+0000] {processor.py:840} INFO - DAG(s) 'dag_market_eod' retrieved from /opt/airflow/dags/dag_market_eod.py
[2026-09-30T09:09:28.880+0000] {logging_mixin.py:188} INFO - [2026-09-30T09:09:28.880+0000] {dag.py:3089} INFO - Sync 1 DAGs
[2026-09-30T09:09:28.891+0000] {logging_mixin.py:188} INFO - [2026-09-30T09:09:28.891+0000] {dag.py:3947} INFO - Setting next_dagrun for dag_market_eod to 2026-09-29 22:00:00+00:00, run_after=2026-09-30 22:00:00+00:00
[2026-09-30T09:09:28.900+0000] {processor.py:183} INFO - Processing /opt/airflow/dags/dag_market_eod.py took 0.374 seconds
[2026-09-30T09:09:59.006+0000] {processor.py:161} INFO - Started process (PID=4188) to work on /opt/airflow/dags/dag_market_eod.py
[2026-09-30T09:09:59.008+0000] {processor.py:830} INFO - Processing file /opt/airflow/dags/dag_market_eod.py for tasks to queue
[2026-09-30T09:09:59.009+0000] {logging_mixin.py:188} INFO - [2026-09-30T09:09:59.009+0000] {dagbag.py:545} INFO - Filling up the DagBag from /opt/airflow/dags/dag_market_eod.py
[2026-09-30T09:09:59.338+0000] {processor.py:840} INFO - DAG(s) 'dag_market_eod' retrieved from /opt/airflow/dags/dag_market_eod.py
[2026-09-30T09:09:59.353+0000] {logging_mixin.py:188} INFO - [2026-09-30T09:09:59.353+0000] {dag.py:3089} INFO - Sync 1 DAGs
[2026-09-30T09:09:59.364+0000] {logging_mixin.py:188} INFO - [2026-09-30T09:09:59.364+0000] {dag.py:3947} INFO - Setting next_dagrun for dag_market_eod to 2026-09-29 22:00:00+00:00, run_after=2026-09-30 22:00:00+00:00
[2026-09-30T09:09:59.374+0000] {processor.py:183} INFO - Processing /opt/airflow/dags/dag_market_eod.py took 0.372 seconds
[2026-09-30T09:10:29.476+0000] {processor.py:161} INFO - Started process (PID=4194) to work on /opt/airflow/dags/dag_market_eod.py
[2026-09-30T09:10:29.477+0000] {processor.py:830} INFO - Processing file /opt/airflow/dags/dag_market_eod.py for tasks to queue
[2026-09-30T09:10:29.478+0000] {logging_mixin.py:188} INFO - [2026-09-30T09:10:29.478+0000] {dagbag.py:545} INFO - Filling up the DagBag from /opt/airflow/dags/dag_market_eod.py
[2026-09-30T09:10:29.799+0000] {processor.py:840} INFO - DAG(s) 'dag_market_eod' retrieved from /opt/airflow/dags/dag_market_eod.py
[2026-09-30T09:10:29.813+0000] {logging_mixin.py:188} INFO - [2026-09-30T09:10:29.813+0000] {dag.py:3089} INFO - Sync 1 DAGs
[2026-09-30T09:10:29.824+0000] {logging_mixin.py:188} INFO - [2026-09-30T09:10:29.824+0000] {dag.py:3947} INFO - Setting next_dagrun for dag_market_eod to 2026-09-29 22:00:00+00:00, run_after=2026-09-30 22:00:00+00:00
[2026-09-30T09:10:29.835+0000] {processor.py:183} INFO - Processing /opt/airflow/dags/dag_market_eod.py took 0.363 seconds
[2026-09-30T09:10:59.933+0000] {processor.py:161} INFO - Started process (PID=4200) to work on /opt/airflow/dags/dag_market_eod.py
[2026-09-30T09:10:59.934+0000] {processor.py:830} INFO - Processing file /opt/airflow/dags/dag_market_eod.py for tasks to queue
[2026-09-30T09:10:59.935+0000] {logging_mixin.py:188} INFO - [2026-09-30T09:10:59.935+0000] {dagbag.py:545} INFO - Filling up the DagBag from /opt/airflow/dags/dag_market_eod.py
[2026-09-30T09:11:00.257+0000] {processor.py:840} INFO - DAG(s) 'dag_market_eod' retrieved from /opt/airflow/dags/dag_market_eod.py
[2026-09-30T09:11:00.277+0000] {logging_mixin.py:188} INFO - [2026-09-30T09:11:00.277+0000] {dag.py:3089} INFO - Sync 1 DAGs
[2026-09-30T09:11:00.292+0000] {logging_mixin.py:188} INFO - [2026-09-30T09:11:00.292+0000] {dag.py:3947} INFO - Setting next_dagrun for dag_market_eod to 2026-09-29 22:00:00+00:00, run_after=2026-09-30 22:00:00+00:00
[2026-09-30T09:11:00.302+0000] {processor.py:183} INFO - Processing /opt/airflow/dags/dag_market_eod.py took 0.373 seconds
[2026-09-30T09:11:30.416+0000] {processor.py:161} INFO - Started process (PID=4206) to work on /opt/airflow/dags/dag_market_eod.py
[2026-09-30T09:11:30.416+0000] {processor.py:830} INFO - Processing file /opt/airflow/dags/dag_market_eod.py for tasks to queue
[2026-09-30T09:11:30.418+0000] {logging_mixin.py:188} INFO - [2026-09-30T09:11:30.417+0000] {dagbag.py:545} INFO - Filling up the DagBag from /opt/airflow/dags/dag_market_eod.py
[2026-09-30T09:11:30.742+0000] {processor.py:840} INFO - DAG(s) 'dag_market_eod' retrieved from /opt/airflow/dags/dag_market_eod.py
[2026-09-30T09:11:30.758+0000] {logging_mixin.py:188} INFO - [2026-09-30T09:11:30.757+0000] {dag.py:3089} INFO - Sync 1 DAGs
[2026-09-30T09:11:30.768+0000] {logging_mixin.py:188} INFO - [2026-09-30T09:11:30.768+0000] {dag.py:3947} INFO - Setting next_dagrun for dag_market_eod to 2026-09-29 22:00:00+00:00, run_after=2026-09-30 22:00:00+00:00
[2026-09-30T09:11:30.780+0000] {processor.py:183} INFO - Processing /opt/airflow/dags/dag_market_eod.py took 0.370 seconds
[2026-09-30T09:12:00.882+0000] {processor.py:161} INFO - Started process (PID=4212) to work on /opt/airflow/dags/dag_market_eod.py
[2026-09-30T09:12:00.884+0000] {processor.py:830} INFO - Processing file /opt/airflow/dags/dag_market_eod.py for tasks to queue
[2026-09-30T09:12:00.885+0000] {logging_mixin.py:188} INFO - [2026-09-30T09:12:00.885+0000] {dagbag.py:545} INFO - Filling up the DagBag from /opt/airflow/dags/dag_market_eod.py
[2026-09-30T09:12:01.218+0000] {processor.py:840} INFO - DAG(s) 'dag_market_eod' retrieved from /opt/airflow/dags/dag_market_eod.py
[2026-09-30T09:12:01.239+0000] {logging_mixin.py:188} INFO - [2026-09-30T09:12:01.239+0000] {dag.py:3089} INFO - Sync 1 DAGs
[2026-09-30T09:12:01.254+0000] {logging_mixin.py:188} INFO - [2026-09-30T09:12:01.254+0000] {dag.py:3947} INFO - Setting next_dagrun for dag_market_eod to 2026-09-29 22:00:00+00:00, run_after=2026-09-30 22:00:00+00:00
[2026-09-30T09:12:01.263+0000] {processor.py:183} INFO - Processing /opt/airflow/dags/dag_market_eod.py took 0.385 seconds
[2026-09-30T09:12:31.361+0000] {processor.py:161} INFO - Started process (PID=4218) to work on /opt/airflow/dags/dag_market_eod.py
[2026-09-30T09:12:31.361+0000] {processor.py:830} INFO - Processing file /opt/airflow/dags/dag_market_eod.py for tasks to queue
[2026-09-30T09:12:31.362+0000] {logging_mixin.py:188} INFO - [2026-09-30T09:12:31.362+0000] {dagbag.py:545} INFO - Filling up the DagBag from /opt/airflow/dags/dag_market_eod.py
[2026-09-30T09:12:31.697+0000] {processor.py:840} INFO - DAG(s) 'dag_market_eod' retrieved from /opt/airflow/dags/dag_market_eod.py
[2026-09-30T09:12:31.715+0000] {logging_mixin.py:188} INFO - [2026-09-30T09:12:31.715+0000] {dag.py:3089} INFO - Sync 1 DAGs
[2026-09-30T09:12:31.726+0000] {logging_mixin.py:188} INFO - [2026-09-30T09:12:31.726+0000] {dag.py:3947} INFO - Setting next_dagrun for dag_market_eod to 2026-09-29 22:00:00+00:00, run_after=2026-09-30 22:00:00+00:00
[2026-09-30T09:12:31.737+0000] {processor.py:183} INFO - Processing /opt/airflow/dags/dag_market_eod.py took 0.379 seconds
[2026-09-30T09:13:01.847+0000] {processor.py:161} INFO - Started process (PID=4224) to work on /opt/airflow/dags/dag_market_eod.py
[2026-09-30T09:13:01.849+0000] {processor.py:830} INFO - Processing file /opt/airflow/dags/dag_market_eod.py for tasks to queue
[2026-09-30T09:13:01.849+0000] {logging_mixin.py:188} INFO - [2026-09-30T09:13:01.849+0000] {dagbag.py:545} INFO - Filling up the DagBag from /opt/airflow/dags/dag_market_eod.py
[2026-09-30T09:13:02.206+0000] {processor.py:840} INFO - DAG(s) 'dag_market_eod' retrieved from /opt/airflow/dags/dag_market_eod.py
[2026-09-30T09:13:02.226+0000] {logging_mixin.py:188} INFO - [2026-09-30T09:13:02.226+0000] {dag.py:3089} INFO - Sync 1 DAGs
[2026-09-30T09:13:02.246+0000] {logging_mixin.py:188} INFO - [2026-09-30T09:13:02.245+0000] {dag.py:3947} INFO - Setting next_dagrun for dag_market_eod to 2026-09-29 22:00:00+00:00, run_after=2026-09-30 22:00:00+00:00
[2026-09-30T09:13:02.263+0000] {processor.py:183} INFO - Processing /opt/airflow/dags/dag_market_eod.py took 0.420 seconds
[2026-09-30T09:13:32.371+0000] {processor.py:161} INFO - Started process (PID=4230) to work on /opt/airflow/dags/dag_market_eod.py
[2026-09-30T09:13:32.371+0000] {processor.py:830} INFO - Processing file /opt/airflow/dags/dag_market_eod.py for tasks to queue
[2026-09-30T09:13:32.372+0000] {logging_mixin.py:188} INFO - [2026-09-30T09:13:32.372+0000] {dagbag.py:545} INFO - Filling up the DagBag from /opt/airflow/dags/dag_market_eod.py
[2026-09-30T09:13:32.708+0000] {processor.py:840} INFO - DAG(s) 'dag_market_eod' retrieved from /opt/airflow/dags/dag_market_eod.py
[2026-09-30T09:13:32.724+0000] {logging_mixin.py:188} INFO - [2026-09-30T09:13:32.724+0000] {dag.py:3089} INFO - Sync 1 DAGs
[2026-09-30T09:13:32.736+0000] {logging_mixin.py:188} INFO - [2026-09-30T09:13:32.735+0000] {dag.py:3947} INFO - Setting next_dagrun for dag_market_eod to 2026-09-29 22:00:00+00:00, run_after=2026-09-30 22:00:00+00:00
[2026-09-30T09:13:32.748+0000] {processor.py:183} INFO - Processing /opt/airflow/dags/dag_market_eod.py took 0.380 seconds
[2026-09-30T09:14:02.851+0000] {processor.py:161} INFO - Started process (PID=4236) to work on /opt/airflow/dags/dag_market_eod.py
[2026-09-30T09:14:02.853+0000] {processor.py:830} INFO - Processing file /opt/airflow/dags/dag_market_eod.py for tasks to queue
[2026-09-30T09:14:02.853+0000] {logging_mixin.py:188} INFO - [2026-09-30T09:14:02.853+0000] {dagbag.py:545} INFO - Filling up the DagBag from /opt/airflow/dags/dag_market_eod.py
[2026-09-30T09:14:03.184+0000] {processor.py:840} INFO - DAG(s) 'dag_market_eod' retrieved from /opt/airflow/dags/dag_market_eod.py
[2026-09-30T09:14:03.198+0000] {logging_mixin.py:188} INFO - [2026-09-30T09:14:03.198+0000] {dag.py:3089} INFO - Sync 1 DAGs
[2026-09-30T09:14:03.209+0000] {logging_mixin.py:188} INFO - [2026-09-30T09:14:03.209+0000] {dag.py:3947} INFO - Setting next_dagrun for dag_market_eod to 2026-09-29 22:00:00+00:00, run_after=2026-09-30 22:00:00+00:00
[2026-09-30T09:14:03.220+0000] {processor.py:183} INFO - Processing /opt/airflow/dags/dag_market_eod.py took 0.374 seconds
[2026-09-30T09:14:33.327+0000] {processor.py:161} INFO - Started process (PID=4242) to work on /opt/airflow/dags/dag_market_eod.py
[2026-09-30T09:14:33.328+0000] {processor.py:830} INFO - Processing file /opt/airflow/dags/dag_market_eod.py for tasks to queue
[2026-09-30T09:14:33.329+0000] {logging_mixin.py:188} INFO - [2026-09-30T09:14:33.328+0000] {dagbag.py:545} INFO - Filling up the DagBag from /opt/airflow/dags/dag_market_eod.py
[2026-09-30T09:14:33.654+0000] {processor.py:840} INFO - DAG(s) 'dag_market_eod' retrieved from /opt/airflow/dags/dag_market_eod.py
[2026-09-30T09:14:33.669+0000] {logging_mixin.py:188} INFO - [2026-09-30T09:14:33.669+0000] {dag.py:3089} INFO - Sync 1 DAGs
[2026-09-30T09:14:33.681+0000] {logging_mixin.py:188} INFO - [2026-09-30T09:14:33.681+0000] {dag.py:3947} INFO - Setting next_dagrun for dag_market_eod to 2026-09-29 22:00:00+00:00, run_after=2026-09-30 22:00:00+00:00
[2026-09-30T09:14:33.691+0000] {processor.py:183} INFO - Processing /opt/airflow/dags/dag_market_eod.py took 0.368 seconds
[2026-09-30T09:15:03.793+0000] {processor.py:161} INFO - Started process (PID=4248) to work on /opt/airflow/dags/dag_market_eod.py
[2026-09-30T09:15:03.793+0000] {processor.py:830} INFO - Processing file /opt/airflow/dags/dag_market_eod.py for tasks to queue
[2026-09-30T09:15:03.794+0000] {logging_mixin.py:188} INFO - [2026-09-30T09:15:03.794+0000] {dagbag.py:545} INFO - Filling up the DagBag from /opt/airflow/dags/dag_market_eod.py
[2026-09-30T09:15:04.117+0000] {processor.py:840} INFO - DAG(s) 'dag_market_eod' retrieved from /opt/airflow/dags/dag_market_eod.py
[2026-09-30T09:15:04.131+0000] {logging_mixin.py:188} INFO - [2026-09-30T09:15:04.131+0000] {dag.py:3089} INFO - Sync 1 DAGs
[2026-09-30T09:15:04.143+0000] {logging_mixin.py:188} INFO - [2026-09-30T09:15:04.143+0000] {dag.py:3947} INFO - Setting next_dagrun for dag_market_eod to 2026-09-29 22:00:00+00:00, run_after=2026-09-30 22:00:00+00:00
[2026-09-30T09:15:04.152+0000] {processor.py:183} INFO - Processing /opt/airflow/dags/dag_market_eod.py took 0.363 seconds
[2026-09-30T09:15:34.255+0000] {processor.py:161} INFO - Started process (PID=4254) to work on /opt/airflow/dags/dag_market_eod.py
[2026-09-30T09:15:34.257+0000] {processor.py:830} INFO - Processing file /opt/airflow/dags/dag_market_eod.py for tasks to queue
[2026-09-30T09:15:34.259+0000] {logging_mixin.py:188} INFO - [2026-09-30T09:15:34.258+0000] {dagbag.py:545} INFO - Filling up the DagBag from /opt/airflow/dags/dag_market_eod.py
[2026-09-30T09:15:34.588+0000] {processor.py:840} INFO - DAG(s) 'dag_market_eod' retrieved from /opt/airflow/dags/dag_market_eod.py
[2026-09-30T09:15:34.604+0000] {logging_mixin.py:188} INFO - [2026-09-30T09:15:34.604+0000] {dag.py:3089} INFO - Sync 1 DAGs
[2026-09-30T09:15:34.615+0000] {logging_mixin.py:188} INFO - [2026-09-30T09:15:34.615+0000] {dag.py:3947} INFO - Setting next_dagrun for dag_market_eod to 2026-09-29 22:00:00+00:00, run_after=2026-09-30 22:00:00+00:00
[2026-09-30T09:15:34.625+0000] {processor.py:183} INFO - Processing /opt/airflow/dags/dag_market_eod.py took 0.374 seconds
[2026-09-30T09:16:04.725+0000] {processor.py:161} INFO - Started process (PID=4260) to work on /opt/airflow/dags/dag_market_eod.py
[2026-09-30T09:16:04.726+0000] {processor.py:830} INFO - Processing file /opt/airflow/dags/dag_market_eod.py for tasks to queue
[2026-09-30T09:16:04.726+0000] {logging_mixin.py:188} INFO - [2026-09-30T09:16:04.726+0000] {dagbag.py:545} INFO - Filling up the DagBag from /opt/airflow/dags/dag_market_eod.py
[2026-09-30T09:16:05.075+0000] {processor.py:840} INFO - DAG(s) 'dag_market_eod' retrieved from /opt/airflow/dags/dag_market_eod.py
[2026-09-30T09:16:05.093+0000] {logging_mixin.py:188} INFO - [2026-09-30T09:16:05.092+0000] {dag.py:3089} INFO - Sync 1 DAGs
[2026-09-30T09:16:05.105+0000] {logging_mixin.py:188} INFO - [2026-09-30T09:16:05.105+0000] {dag.py:3947} INFO - Setting next_dagrun for dag_market_eod to 2026-09-29 22:00:00+00:00, run_after=2026-09-30 22:00:00+00:00
[2026-09-30T09:16:05.118+0000] {processor.py:183} INFO - Processing /opt/airflow/dags/dag_market_eod.py took 0.397 seconds
[2026-09-30T09:16:35.229+0000] {processor.py:161} INFO - Started process (PID=4266) to work on /opt/airflow/dags/dag_market_eod.py
[2026-09-30T09:16:35.231+0000] {processor.py:830} INFO - Processing file /opt/airflow/dags/dag_market_eod.py for tasks to queue
[2026-09-30T09:16:35.232+0000] {logging_mixin.py:188} INFO - [2026-09-30T09:16:35.232+0000] {dagbag.py:545} INFO - Filling up the DagBag from /opt/airflow/dags/dag_market_eod.py
[2026-09-30T09:16:35.559+0000] {processor.py:840} INFO - DAG(s) 'dag_market_eod' retrieved from /opt/airflow/dags/dag_market_eod.py
[2026-09-30T09:16:35.575+0000] {logging_mixin.py:188} INFO - [2026-09-30T09:16:35.575+0000] {dag.py:3089} INFO - Sync 1 DAGs
[2026-09-30T09:16:35.586+0000] {logging_mixin.py:188} INFO - [2026-09-30T09:16:35.586+0000] {dag.py:3947} INFO - Setting next_dagrun for dag_market_eod to 2026-09-29 22:00:00+00:00, run_after=2026-09-30 22:00:00+00:00
[2026-09-30T09:16:35.596+0000] {processor.py:183} INFO - Processing /opt/airflow/dags/dag_market_eod.py took 0.371 seconds
[2026-09-30T09:17:05.706+0000] {processor.py:161} INFO - Started process (PID=4272) to work on /opt/airflow/dags/dag_market_eod.py
[2026-09-30T09:17:05.706+0000] {processor.py:830} INFO - Processing file /opt/airflow/dags/dag_market_eod.py for tasks to queue
[2026-09-30T09:17:05.708+0000] {logging_mixin.py:188} INFO - [2026-09-30T09:17:05.708+0000] {dagbag.py:545} INFO - Filling up the DagBag from /opt/airflow/dags/dag_market_eod.py
[2026-09-30T09:17:06.032+0000] {processor.py:840} INFO - DAG(s) 'dag_market_eod' retrieved from /opt/airflow/dags/dag_market_eod.py
[2026-09-30T09:17:06.051+0000] {logging_mixin.py:188} INFO - [2026-09-30T09:17:06.050+0000] {dag.py:3089} INFO - Sync 1 DAGs
[2026-09-30T09:17:06.062+0000] {logging_mixin.py:188} INFO - [2026-09-30T09:17:06.062+0000] {dag.py:3947} INFO - Setting next_dagrun for dag_market_eod to 2026-09-29 22:00:00+00:00, run_after=2026-09-30 22:00:00+00:00
[2026-09-30T09:17:06.074+0000] {processor.py:183} INFO - Processing /opt/airflow/dags/dag_market_eod.py took 0.373 seconds
[2026-09-30T09:17:36.168+0000] {processor.py:161} INFO - Started process (PID=4278) to work on /opt/airflow/dags/dag_market_eod.py
[2026-09-30T09:17:36.168+0000] {processor.py:830} INFO - Processing file /opt/airflow/dags/dag_market_eod.py for tasks to queue
[2026-09-30T09:17:36.169+0000] {logging_mixin.py:188} INFO - [2026-09-30T09:17:36.169+0000] {dagbag.py:545} INFO - Filling up the DagBag from /opt/airflow/dags/dag_market_eod.py
[2026-09-30T09:17:36.501+0000] {processor.py:840} INFO - DAG(s) 'dag_market_eod' retrieved from /opt/airflow/dags/dag_market_eod.py
[2026-09-30T09:17:36.521+0000] {logging_mixin.py:188} INFO - [2026-09-30T09:17:36.521+0000] {dag.py:3089} INFO - Sync 1 DAGs
[2026-09-30T09:17:36.534+0000] {logging_mixin.py:188} INFO - [2026-09-30T09:17:36.534+0000] {dag.py:3947} INFO - Setting next_dagrun for dag_market_eod to 2026-09-29 22:00:00+00:00, run_after=2026-09-30 22:00:00+00:00
[2026-09-30T09:17:36.544+0000] {processor.py:183} INFO - Processing /opt/airflow/dags/dag_market_eod.py took 0.379 seconds
[2026-09-30T09:18:06.640+0000] {processor.py:161} INFO - Started process (PID=4284) to work on /opt/airflow/dags/dag_market_eod.py
[2026-09-30T09:18:06.640+0000] {processor.py:830} INFO - Processing file /opt/airflow/dags/dag_market_eod.py for tasks to queue
[2026-09-30T09:18:06.641+0000] {logging_mixin.py:188} INFO - [2026-09-30T09:18:06.641+0000] {dagbag.py:545} INFO - Filling up the DagBag from /opt/airflow/dags/dag_market_eod.py
[2026-09-30T09:18:06.987+0000] {processor.py:840} INFO - DAG(s) 'dag_market_eod' retrieved from /opt/airflow/dags/dag_market_eod.py
[2026-09-30T09:18:07.010+0000] {logging_mixin.py:188} INFO - [2026-09-30T09:18:07.010+0000] {dag.py:3089} INFO - Sync 1 DAGs
[2026-09-30T09:18:07.027+0000] {logging_mixin.py:188} INFO - [2026-09-30T09:18:07.027+0000] {dag.py:3947} INFO - Setting next_dagrun for dag_market_eod to 2026-09-29 22:00:00+00:00, run_after=2026-09-30 22:00:00+00:00
[2026-09-30T09:18:07.038+0000] {processor.py:183} INFO - Processing /opt/airflow/dags/dag_market_eod.py took 0.403 seconds
[2026-09-30T09:18:37.147+0000] {processor.py:161} INFO - Started process (PID=4290) to work on /opt/airflow/dags/dag_market_eod.py
[2026-09-30T09:18:37.149+0000] {processor.py:830} INFO - Processing file /opt/airflow/dags/dag_market_eod.py for tasks to queue
[2026-09-30T09:18:37.150+0000] {logging_mixin.py:188} INFO - [2026-09-30T09:18:37.150+0000] {dagbag.py:545} INFO - Filling up the DagBag from /opt/airflow/dags/dag_market_eod.py
[2026-09-30T09:18:37.479+0000] {processor.py:840} INFO - DAG(s) 'dag_market_eod' retrieved from /opt/airflow/dags/dag_market_eod.py
[2026-09-30T09:18:37.494+0000] {logging_mixin.py:188} INFO - [2026-09-30T09:18:37.493+0000] {dag.py:3089} INFO - Sync 1 DAGs
[2026-09-30T09:18:37.504+0000] {logging_mixin.py:188} INFO - [2026-09-30T09:18:37.504+0000] {dag.py:3947} INFO - Setting next_dagrun for dag_market_eod to 2026-09-29 22:00:00+00:00, run_after=2026-09-30 22:00:00+00:00
[2026-09-30T09:18:37.514+0000] {processor.py:183} INFO - Processing /opt/airflow/dags/dag_market_eod.py took 0.370 seconds
[2026-09-30T09:19:07.607+0000] {processor.py:161} INFO - Started process (PID=4296) to work on /opt/airflow/dags/dag_market_eod.py
[2026-09-30T09:19:07.608+0000] {processor.py:830} INFO - Processing file /opt/airflow/dags/dag_market_eod.py for tasks to queue
[2026-09-30T09:19:07.609+0000] {logging_mixin.py:188} INFO - [2026-09-30T09:19:07.608+0000] {dagbag.py:545} INFO - Filling up the DagBag from /opt/airflow/dags/dag_market_eod.py
[2026-09-30T09:19:07.930+0000] {processor.py:840} INFO - DAG(s) 'dag_market_eod' retrieved from /opt/airflow/dags/dag_market_eod.py
[2026-09-30T09:19:07.950+0000] {logging_mixin.py:188} INFO - [2026-09-30T09:19:07.950+0000] {dag.py:3089} INFO - Sync 1 DAGs
[2026-09-30T09:19:07.961+0000] {logging_mixin.py:188} INFO - [2026-09-30T09:19:07.961+0000] {dag.py:3947} INFO - Setting next_dagrun for dag_market_eod to 2026-09-29 22:00:00+00:00, run_after=2026-09-30 22:00:00+00:00
[2026-09-30T09:19:07.970+0000] {processor.py:183} INFO - Processing /opt/airflow/dags/dag_market_eod.py took 0.366 seconds
[2026-09-30T09:19:38.077+0000] {processor.py:161} INFO - Started process (PID=4302) to work on /opt/airflow/dags/dag_market_eod.py
[2026-09-30T09:19:38.079+0000] {processor.py:830} INFO - Processing file /opt/airflow/dags/dag_market_eod.py for tasks to queue
[2026-09-30T09:19:38.080+0000] {logging_mixin.py:188} INFO - [2026-09-30T09:19:38.080+0000] {dagbag.py:545} INFO - Filling up the DagBag from /opt/airflow/dags/dag_market_eod.py
[2026-09-30T09:19:38.424+0000] {processor.py:840} INFO - DAG(s) 'dag_market_eod' retrieved from /opt/airflow/dags/dag_market_eod.py
[2026-09-30T09:19:38.443+0000] {logging_mixin.py:188} INFO - [2026-09-30T09:19:38.442+0000] {dag.py:3089} INFO - Sync 1 DAGs
[2026-09-30T09:19:38.454+0000] {logging_mixin.py:188} INFO - [2026-09-30T09:19:38.454+0000] {dag.py:3947} INFO - Setting next_dagrun for dag_market_eod to 2026-09-29 22:00:00+00:00, run_after=2026-09-30 22:00:00+00:00
[2026-09-30T09:19:38.465+0000] {processor.py:183} INFO - Processing /opt/airflow/dags/dag_market_eod.py took 0.394 seconds
[2026-09-30T09:20:08.565+0000] {processor.py:161} INFO - Started process (PID=4308) to work on /opt/airflow/dags/dag_market_eod.py
[2026-09-30T09:20:08.565+0000] {processor.py:830} INFO - Processing file /opt/airflow/dags/dag_market_eod.py for tasks to queue
[2026-09-30T09:20:08.566+0000] {logging_mixin.py:188} INFO - [2026-09-30T09:20:08.566+0000] {dagbag.py:545} INFO - Filling up the DagBag from /opt/airflow/dags/dag_market_eod.py
[2026-09-30T09:20:08.888+0000] {processor.py:840} INFO - DAG(s) 'dag_market_eod' retrieved from /opt/airflow/dags/dag_market_eod.py
[2026-09-30T09:20:08.902+0000] {logging_mixin.py:188} INFO - [2026-09-30T09:20:08.902+0000] {dag.py:3089} INFO - Sync 1 DAGs
[2026-09-30T09:20:08.913+0000] {logging_mixin.py:188} INFO - [2026-09-30T09:20:08.913+0000] {dag.py:3947} INFO - Setting next_dagrun for dag_market_eod to 2026-09-29 22:00:00+00:00, run_after=2026-09-30 22:00:00+00:00
[2026-09-30T09:20:08.928+0000] {processor.py:183} INFO - Processing /opt/airflow/dags/dag_market_eod.py took 0.368 seconds
[2026-09-30T09:20:39.031+0000] {processor.py:161} INFO - Started process (PID=4314) to work on /opt/airflow/dags/dag_market_eod.py
[2026-09-30T09:20:39.032+0000] {processor.py:830} INFO - Processing file /opt/airflow/dags/dag_market_eod.py for tasks to queue
[2026-09-30T09:20:39.033+0000] {logging_mixin.py:188} INFO - [2026-09-30T09:20:39.033+0000] {dagbag.py:545} INFO - Filling up the DagBag from /opt/airflow/dags/dag_market_eod.py
[2026-09-30T09:20:39.354+0000] {processor.py:840} INFO - DAG(s) 'dag_market_eod' retrieved from /opt/airflow/dags/dag_market_eod.py
[2026-09-30T09:20:39.373+0000] {logging_mixin.py:188} INFO - [2026-09-30T09:20:39.373+0000] {dag.py:3089} INFO - Sync 1 DAGs
[2026-09-30T09:20:39.385+0000] {logging_mixin.py:188} INFO - [2026-09-30T09:20:39.385+0000] {dag.py:3947} INFO - Setting next_dagrun for dag_market_eod to 2026-09-29 22:00:00+00:00, run_after=2026-09-30 22:00:00+00:00
[2026-09-30T09:20:39.395+0000] {processor.py:183} INFO - Processing /opt/airflow/dags/dag_market_eod.py took 0.367 seconds
[2026-09-30T09:21:09.486+0000] {processor.py:161} INFO - Started process (PID=4320) to work on /opt/airflow/dags/dag_market_eod.py
[2026-09-30T09:21:09.487+0000] {processor.py:830} INFO - Processing file /opt/airflow/dags/dag_market_eod.py for tasks to queue
[2026-09-30T09:21:09.488+0000] {logging_mixin.py:188} INFO - [2026-09-30T09:21:09.487+0000] {dagbag.py:545} INFO - Filling up the DagBag from /opt/airflow/dags/dag_market_eod.py
[2026-09-30T09:21:09.808+0000] {processor.py:840} INFO - DAG(s) 'dag_market_eod' retrieved from /opt/airflow/dags/dag_market_eod.py
[2026-09-30T09:21:09.824+0000] {logging_mixin.py:188} INFO - [2026-09-30T09:21:09.824+0000] {dag.py:3089} INFO - Sync 1 DAGs
[2026-09-30T09:21:09.835+0000] {logging_mixin.py:188} INFO - [2026-09-30T09:21:09.835+0000] {dag.py:3947} INFO - Setting next_dagrun for dag_market_eod to 2026-09-29 22:00:00+00:00, run_after=2026-09-30 22:00:00+00:00
[2026-09-30T09:21:09.845+0000] {processor.py:183} INFO - Processing /opt/airflow/dags/dag_market_eod.py took 0.362 seconds
[2026-09-30T09:21:39.944+0000] {processor.py:161} INFO - Started process (PID=4326) to work on /opt/airflow/dags/dag_market_eod.py
[2026-09-30T09:21:39.946+0000] {processor.py:830} INFO - Processing file /opt/airflow/dags/dag_market_eod.py for tasks to queue
[2026-09-30T09:21:39.947+0000] {logging_mixin.py:188} INFO - [2026-09-30T09:21:39.947+0000] {dagbag.py:545} INFO - Filling up the DagBag from /opt/airflow/dags/dag_market_eod.py
[2026-09-30T09:21:40.271+0000] {processor.py:840} INFO - DAG(s) 'dag_market_eod' retrieved from /opt/airflow/dags/dag_market_eod.py
[2026-09-30T09:21:40.291+0000] {logging_mixin.py:188} INFO - [2026-09-30T09:21:40.290+0000] {dag.py:3089} INFO - Sync 1 DAGs
[2026-09-30T09:21:40.302+0000] {logging_mixin.py:188} INFO - [2026-09-30T09:21:40.302+0000] {dag.py:3947} INFO - Setting next_dagrun for dag_market_eod to 2026-09-29 22:00:00+00:00, run_after=2026-09-30 22:00:00+00:00
[2026-09-30T09:21:40.312+0000] {processor.py:183} INFO - Processing /opt/airflow/dags/dag_market_eod.py took 0.370 seconds
[2026-09-30T09:22:10.407+0000] {processor.py:161} INFO - Started process (PID=4332) to work on /opt/airflow/dags/dag_market_eod.py
[2026-09-30T09:22:10.408+0000] {processor.py:830} INFO - Processing file /opt/airflow/dags/dag_market_eod.py for tasks to queue
[2026-09-30T09:22:10.409+0000] {logging_mixin.py:188} INFO - [2026-09-30T09:22:10.409+0000] {dagbag.py:545} INFO - Filling up the DagBag from /opt/airflow/dags/dag_market_eod.py
[2026-09-30T09:22:10.733+0000] {processor.py:840} INFO - DAG(s) 'dag_market_eod' retrieved from /opt/airflow/dags/dag_market_eod.py
[2026-09-30T09:22:10.749+0000] {logging_mixin.py:188} INFO - [2026-09-30T09:22:10.749+0000] {dag.py:3089} INFO - Sync 1 DAGs
[2026-09-30T09:22:10.760+0000] {logging_mixin.py:188} INFO - [2026-09-30T09:22:10.760+0000] {dag.py:3947} INFO - Setting next_dagrun for dag_market_eod to 2026-09-29 22:00:00+00:00, run_after=2026-09-30 22:00:00+00:00
[2026-09-30T09:22:10.769+0000] {processor.py:183} INFO - Processing /opt/airflow/dags/dag_market_eod.py took 0.366 seconds
[2026-09-30T09:22:40.871+0000] {processor.py:161} INFO - Started process (PID=4338) to work on /opt/airflow/dags/dag_market_eod.py
[2026-09-30T09:22:40.872+0000] {processor.py:830} INFO - Processing file /opt/airflow/dags/dag_market_eod.py for tasks to queue
[2026-09-30T09:22:40.873+0000] {logging_mixin.py:188} INFO - [2026-09-30T09:22:40.873+0000] {dagbag.py:545} INFO - Filling up the DagBag from /opt/airflow/dags/dag_market_eod.py
[2026-09-30T09:22:41.205+0000] {processor.py:840} INFO - DAG(s) 'dag_market_eod' retrieved from /opt/airflow/dags/dag_market_eod.py
[2026-09-30T09:22:41.219+0000] {logging_mixin.py:188} INFO - [2026-09-30T09:22:41.219+0000] {dag.py:3089} INFO - Sync 1 DAGs
[2026-09-30T09:22:41.230+0000] {logging_mixin.py:188} INFO - [2026-09-30T09:22:41.230+0000] {dag.py:3947} INFO - Setting next_dagrun for dag_market_eod to 2026-09-29 22:00:00+00:00, run_after=2026-09-30 22:00:00+00:00
[2026-09-30T09:22:41.241+0000] {processor.py:183} INFO - Processing /opt/airflow/dags/dag_market_eod.py took 0.374 seconds
