[2026-09-30T03:06:17.901+0000] {manager.py:470} INFO - Processing files using up to 2 processes at a time 
[2026-09-30T03:06:17.902+0000] {manager.py:471} INFO - Process each file at most once every 30 seconds
[2026-09-30T03:06:17.902+0000] {manager.py:472} INFO - Checking for new files in /opt/airflow/dags every 300 seconds
[2026-09-30T03:06:17.902+0000] {manager.py:737} INFO - Searching for files in /opt/airflow/dags
[2026-09-30T03:06:17.903+0000] {manager.py:740} INFO - There are 1 files in /opt/airflow/dags
[2026-09-30T03:06:17.949+0000] {manager.py:878} INFO - 
================================================================================
DAG File Processing Stats

File Path                              PID  Runtime      # DAGs    # Errors  Last Runtime    Last Run
-----------------------------------  -----  ---------  --------  ----------  --------------  ----------
/opt/airflow/dags/dag_market_eod.py    174  0.02s             0           0
================================================================================
[2026-09-30T03:06:48.035+0000] {manager.py:878} INFO - 
================================================================================
DAG File Processing Stats

File Path                              PID  Runtime      # DAGs    # Errors  Last Runtime    Last Run
-----------------------------------  -----  ---------  --------  ----------  --------------  -------------------
/opt/airflow/dags/dag_market_eod.py    179  0.00s             0           1  0.04s           2026-09-30T03:06:17
================================================================================
[2026-09-30T03:07:18.123+0000] {manager.py:878} INFO - 
================================================================================
DAG File Processing Stats

File Path                              PID  Runtime      # DAGs    # Errors  Last Runtime    Last Run
-----------------------------------  -----  ---------  --------  ----------  --------------  -------------------
/opt/airflow/dags/dag_market_eod.py    184  0.00s             0           1  0.05s           2026-09-30T03:06:48
================================================================================
[2026-09-30T03:07:48.212+0000] {manager.py:878} INFO - 
================================================================================
DAG File Processing Stats

File Path                              PID  Runtime      # DAGs    # Errors  Last Runtime    Last Run
-----------------------------------  -----  ---------  --------  ----------  --------------  -------------------
/opt/airflow/dags/dag_market_eod.py    189  0.00s             0           1  0.04s           2026-09-30T03:07:18
================================================================================
[2026-09-30T03:08:18.298+0000] {manager.py:878} INFO - 
================================================================================
DAG File Processing Stats

File Path                              PID  Runtime      # DAGs    # Errors  Last Runtime    Last Run
-----------------------------------  -----  ---------  --------  ----------  --------------  -------------------
/opt/airflow/dags/dag_market_eod.py    194  0.00s             0           1  0.04s           2026-09-30T03:07:48
================================================================================
[2026-09-30T03:08:48.380+0000] {manager.py:878} INFO - 
================================================================================
DAG File Processing Stats

File Path                              PID  Runtime      # DAGs    # Errors  Last Runtime    Last Run
-----------------------------------  -----  ---------  --------  ----------  --------------  -------------------
/opt/airflow/dags/dag_market_eod.py    199  0.00s             0           1  0.04s           2026-09-30T03:08:18
================================================================================
[2026-09-30T03:09:18.472+0000] {manager.py:878} INFO - 
================================================================================
DAG File Processing Stats

File Path                              PID  Runtime      # DAGs    # Errors  Last Runtime    Last Run
-----------------------------------  -----  ---------  --------  ----------  --------------  -------------------
/opt/airflow/dags/dag_market_eod.py    204  0.00s             0           1  0.03s           2026-09-30T03:08:48
================================================================================
[2026-09-30T03:09:48.558+0000] {manager.py:878} INFO - 
================================================================================
DAG File Processing Stats

File Path                              PID  Runtime      # DAGs    # Errors  Last Runtime    Last Run
-----------------------------------  -----  ---------  --------  ----------  --------------  -------------------
/opt/airflow/dags/dag_market_eod.py    209  0.00s             0           1  0.03s           2026-09-30T03:09:18
================================================================================
[2026-09-30T03:10:18.645+0000] {manager.py:878} INFO - 
================================================================================
DAG File Processing Stats

File Path                              PID  Runtime      # DAGs    # Errors  Last Runtime    Last Run
-----------------------------------  -----  ---------  --------  ----------  --------------  -------------------
/opt/airflow/dags/dag_market_eod.py    214  0.00s             0           1  0.04s           2026-09-30T03:09:48
================================================================================
[2026-09-30T03:10:48.732+0000] {manager.py:878} INFO - 
================================================================================
DAG File Processing Stats

File Path                              PID  Runtime      # DAGs    # Errors  Last Runtime    Last Run
-----------------------------------  -----  ---------  --------  ----------  --------------  -------------------
/opt/airflow/dags/dag_market_eod.py    219  0.00s             0           1  0.03s           2026-09-30T03:10:18
================================================================================
[2026-09-30T03:11:18.821+0000] {manager.py:737} INFO - Searching for files in /opt/airflow/dags
[2026-09-30T03:11:18.821+0000] {manager.py:740} INFO - There are 1 files in /opt/airflow/dags
[2026-09-30T03:11:18.829+0000] {manager.py:878} INFO - 
================================================================================
DAG File Processing Stats

File Path                              PID  Runtime      # DAGs    # Errors  Last Runtime    Last Run
-----------------------------------  -----  ---------  --------  ----------  --------------  -------------------
/opt/airflow/dags/dag_market_eod.py    224  0.00s             0           1  0.04s           2026-09-30T03:10:48
================================================================================
[2026-09-30T03:11:48.920+0000] {manager.py:878} INFO - 
================================================================================
DAG File Processing Stats

File Path                              PID  Runtime      # DAGs    # Errors  Last Runtime    Last Run
-----------------------------------  -----  ---------  --------  ----------  --------------  -------------------
/opt/airflow/dags/dag_market_eod.py    229  0.00s             0           1  0.04s           2026-09-30T03:11:18
================================================================================
[2026-09-30T03:12:19.092+0000] {manager.py:878} INFO - 
================================================================================
DAG File Processing Stats

File Path                              PID  Runtime      # DAGs    # Errors  Last Runtime    Last Run
-----------------------------------  -----  ---------  --------  ----------  --------------  -------------------
/opt/airflow/dags/dag_market_eod.py    234  0.00s             0           1  0.14s           2026-09-30T03:11:49
================================================================================
[2026-09-30T03:12:49.203+0000] {manager.py:878} INFO - 
================================================================================
DAG File Processing Stats

File Path                              PID  Runtime      # DAGs    # Errors  Last Runtime    Last Run
-----------------------------------  -----  ---------  --------  ----------  --------------  -------------------
/opt/airflow/dags/dag_market_eod.py    239  0.00s             0           1  0.04s           2026-09-30T03:12:19
================================================================================
[2026-09-30T03:13:19.296+0000] {manager.py:878} INFO - 
================================================================================
DAG File Processing Stats

File Path                              PID  Runtime      # DAGs    # Errors  Last Runtime    Last Run
-----------------------------------  -----  ---------  --------  ----------  --------------  -------------------
/opt/airflow/dags/dag_market_eod.py    244  0.00s             0           1  0.04s           2026-09-30T03:12:49
================================================================================
[2026-09-30T03:13:49.384+0000] {manager.py:878} INFO - 
================================================================================
DAG File Processing Stats

File Path                              PID  Runtime      # DAGs    # Errors  Last Runtime    Last Run
-----------------------------------  -----  ---------  --------  ----------  --------------  -------------------
/opt/airflow/dags/dag_market_eod.py    249  0.00s             0           1  0.05s           2026-09-30T03:13:19
================================================================================
[2026-09-30T03:14:02.682+0000] {manager.py:452} INFO - Exiting gracefully upon receiving signal 15
[2026-09-30T03:14:07.502+0000] {manager.py:470} INFO - Processing files using up to 2 processes at a time 
[2026-09-30T03:14:07.503+0000] {manager.py:471} INFO - Process each file at most once every 30 seconds
[2026-09-30T03:14:07.503+0000] {manager.py:472} INFO - Checking for new files in /opt/airflow/dags every 300 seconds
[2026-09-30T03:14:07.503+0000] {manager.py:737} INFO - Searching for files in /opt/airflow/dags
[2026-09-30T03:14:07.503+0000] {manager.py:740} INFO - There are 1 files in /opt/airflow/dags
[2026-09-30T03:14:07.544+0000] {manager.py:878} INFO - 
================================================================================
DAG File Processing Stats

File Path                              PID  Runtime      # DAGs    # Errors  Last Runtime    Last Run
-----------------------------------  -----  ---------  --------  ----------  --------------  ----------
/opt/airflow/dags/dag_market_eod.py    173  0.02s             0           0
================================================================================
[2026-09-30T03:14:58.223+0000] {manager.py:470} INFO - Processing files using up to 2 processes at a time 
[2026-09-30T03:14:58.225+0000] {manager.py:471} INFO - Process each file at most once every 30 seconds
[2026-09-30T03:14:58.225+0000] {manager.py:472} INFO - Checking for new files in /opt/airflow/dags every 300 seconds
[2026-09-30T03:14:58.225+0000] {manager.py:737} INFO - Searching for files in /opt/airflow/dags
[2026-09-30T03:14:58.225+0000] {manager.py:740} INFO - There are 1 files in /opt/airflow/dags
[2026-09-30T03:14:58.278+0000] {manager.py:878} INFO - 
================================================================================
DAG File Processing Stats

File Path                              PID  Runtime      # DAGs    # Errors  Last Runtime    Last Run
-----------------------------------  -----  ---------  --------  ----------  --------------  ----------
/opt/airflow/dags/dag_market_eod.py    174  0.02s             0           0
================================================================================
[2026-09-30T03:15:28.364+0000] {manager.py:878} INFO - 
================================================================================
DAG File Processing Stats

File Path                              PID  Runtime      # DAGs    # Errors  Last Runtime    Last Run
-----------------------------------  -----  ---------  --------  ----------  --------------  -------------------
/opt/airflow/dags/dag_market_eod.py    179  0.00s             0           1  0.04s           2026-09-30T03:14:58
================================================================================
[2026-09-30T03:15:58.455+0000] {manager.py:878} INFO - 
================================================================================
DAG File Processing Stats

File Path                              PID  Runtime      # DAGs    # Errors  Last Runtime    Last Run
-----------------------------------  -----  ---------  --------  ----------  --------------  -------------------
/opt/airflow/dags/dag_market_eod.py    184  0.00s             0           1  0.04s           2026-09-30T03:15:28
================================================================================
[2026-09-30T03:16:28.543+0000] {manager.py:878} INFO - 
================================================================================
DAG File Processing Stats

File Path                              PID  Runtime      # DAGs    # Errors  Last Runtime    Last Run
-----------------------------------  -----  ---------  --------  ----------  --------------  -------------------
/opt/airflow/dags/dag_market_eod.py    195  0.00s             0           1  0.04s           2026-09-30T03:15:58
================================================================================
[2026-09-30T03:16:58.638+0000] {manager.py:878} INFO - 
================================================================================
DAG File Processing Stats

File Path                              PID  Runtime      # DAGs    # Errors  Last Runtime    Last Run
-----------------------------------  -----  ---------  --------  ----------  --------------  -------------------
/opt/airflow/dags/dag_market_eod.py    200  0.00s             0           1  0.04s           2026-09-30T03:16:28
================================================================================
[2026-09-30T03:17:28.732+0000] {manager.py:878} INFO - 
================================================================================
DAG File Processing Stats

File Path                              PID  Runtime      # DAGs    # Errors  Last Runtime    Last Run
-----------------------------------  -----  ---------  --------  ----------  --------------  -------------------
/opt/airflow/dags/dag_market_eod.py    205  0.00s             0           1  0.04s           2026-09-30T03:16:58
================================================================================
[2026-09-30T03:17:58.828+0000] {manager.py:878} INFO - 
================================================================================
DAG File Processing Stats

File Path                              PID  Runtime      # DAGs    # Errors  Last Runtime    Last Run
-----------------------------------  -----  ---------  --------  ----------  --------------  -------------------
/opt/airflow/dags/dag_market_eod.py    210  0.00s             0           1  0.04s           2026-09-30T03:17:28
================================================================================
[2026-09-30T03:18:06.563+0000] {manager.py:452} INFO - Exiting gracefully upon receiving signal 15
[2026-09-30T03:18:27.772+0000] {manager.py:470} INFO - Processing files using up to 2 processes at a time 
[2026-09-30T03:18:27.773+0000] {manager.py:471} INFO - Process each file at most once every 30 seconds
[2026-09-30T03:18:27.773+0000] {manager.py:472} INFO - Checking for new files in /opt/airflow/dags every 300 seconds
[2026-09-30T03:18:27.773+0000] {manager.py:737} INFO - Searching for files in /opt/airflow/dags
[2026-09-30T03:18:27.774+0000] {manager.py:740} INFO - There are 1 files in /opt/airflow/dags
[2026-09-30T03:18:27.821+0000] {manager.py:878} INFO - 
================================================================================
DAG File Processing Stats

File Path                              PID  Runtime      # DAGs    # Errors  Last Runtime    Last Run
-----------------------------------  -----  ---------  --------  ----------  --------------  ----------
/opt/airflow/dags/dag_market_eod.py    172  0.02s             0           0
================================================================================
[2026-09-30T03:18:57.912+0000] {manager.py:878} INFO - 
================================================================================
DAG File Processing Stats

File Path                              PID  Runtime      # DAGs    # Errors  Last Runtime    Last Run
-----------------------------------  -----  ---------  --------  ----------  --------------  -------------------
/opt/airflow/dags/dag_market_eod.py    178  0.00s             0           1  0.04s           2026-09-30T03:18:27
================================================================================
[2026-09-30T03:19:27.992+0000] {manager.py:878} INFO - 
================================================================================
DAG File Processing Stats

File Path                              PID  Runtime      # DAGs    # Errors  Last Runtime    Last Run
-----------------------------------  -----  ---------  --------  ----------  --------------  -------------------
/opt/airflow/dags/dag_market_eod.py    183  0.00s             0           1  0.04s           2026-09-30T03:18:57
================================================================================
[2026-09-30T03:19:58.082+0000] {manager.py:878} INFO - 
================================================================================
DAG File Processing Stats

File Path                              PID  Runtime      # DAGs    # Errors  Last Runtime    Last Run
-----------------------------------  -----  ---------  --------  ----------  --------------  -------------------
/opt/airflow/dags/dag_market_eod.py    194  0.00s             0           1  0.04s           2026-09-30T03:19:28
================================================================================
[2026-09-30T03:20:28.168+0000] {manager.py:878} INFO - 
================================================================================
DAG File Processing Stats

File Path                              PID  Runtime      # DAGs    # Errors  Last Runtime    Last Run
-----------------------------------  -----  ---------  --------  ----------  --------------  -------------------
/opt/airflow/dags/dag_market_eod.py    199  0.00s             0           1  0.04s           2026-09-30T03:19:58
================================================================================
[2026-09-30T03:20:58.270+0000] {manager.py:878} INFO - 
================================================================================
DAG File Processing Stats

File Path                              PID  Runtime      # DAGs    # Errors  Last Runtime    Last Run
-----------------------------------  -----  ---------  --------  ----------  --------------  -------------------
/opt/airflow/dags/dag_market_eod.py    204  0.00s             0           1  0.05s           2026-09-30T03:20:28
================================================================================
[2026-09-30T03:21:01.383+0000] {manager.py:452} INFO - Exiting gracefully upon receiving signal 15
[2026-09-30T03:21:17.661+0000] {manager.py:470} INFO - Processing files using up to 2 processes at a time 
[2026-09-30T03:21:17.662+0000] {manager.py:471} INFO - Process each file at most once every 30 seconds
[2026-09-30T03:21:17.663+0000] {manager.py:472} INFO - Checking for new files in /opt/airflow/dags every 300 seconds
[2026-09-30T03:21:17.663+0000] {manager.py:737} INFO - Searching for files in /opt/airflow/dags
[2026-09-30T03:21:17.663+0000] {manager.py:740} INFO - There are 1 files in /opt/airflow/dags
[2026-09-30T03:21:17.750+0000] {manager.py:878} INFO - 
================================================================================
DAG File Processing Stats

File Path                              PID  Runtime      # DAGs    # Errors  Last Runtime    Last Run
-----------------------------------  -----  ---------  --------  ----------  --------------  ----------
/opt/airflow/dags/dag_market_eod.py    173  0.04s             0           0
================================================================================
[2026-09-30T03:21:47.836+0000] {manager.py:878} INFO - 
================================================================================
DAG File Processing Stats

File Path                              PID  Runtime      # DAGs    # Errors  Last Runtime    Last Run
-----------------------------------  -----  ---------  --------  ----------  --------------  -------------------
/opt/airflow/dags/dag_market_eod.py    185  0.00s             0           1  0.08s           2026-09-30T03:21:17
================================================================================
[2026-09-30T03:22:17.923+0000] {manager.py:878} INFO - 
================================================================================
DAG File Processing Stats

File Path                              PID  Runtime      # DAGs    # Errors  Last Runtime    Last Run
-----------------------------------  -----  ---------  --------  ----------  --------------  -------------------
/opt/airflow/dags/dag_market_eod.py    202  0.00s             0           1  0.04s           2026-09-30T03:21:47
================================================================================
[2026-09-30T03:22:48.021+0000] {manager.py:878} INFO - 
================================================================================
DAG File Processing Stats

File Path                              PID  Runtime      # DAGs    # Errors  Last Runtime    Last Run
-----------------------------------  -----  ---------  --------  ----------  --------------  -------------------
/opt/airflow/dags/dag_market_eod.py    207  0.01s             0           1  0.04s           2026-09-30T03:22:17
================================================================================
[2026-09-30T03:23:18.106+0000] {manager.py:878} INFO - 
================================================================================
DAG File Processing Stats

File Path                              PID  Runtime      # DAGs    # Errors  Last Runtime    Last Run
-----------------------------------  -----  ---------  --------  ----------  --------------  -------------------
/opt/airflow/dags/dag_market_eod.py    212  0.00s             0           1  0.04s           2026-09-30T03:22:48
================================================================================
[2026-09-30T03:23:48.192+0000] {manager.py:878} INFO - 
================================================================================
DAG File Processing Stats

File Path                              PID  Runtime      # DAGs    # Errors  Last Runtime    Last Run
-----------------------------------  -----  ---------  --------  ----------  --------------  -------------------
/opt/airflow/dags/dag_market_eod.py    217  0.00s             0           1  0.04s           2026-09-30T03:23:18
================================================================================
[2026-09-30T03:24:11.970+0000] {manager.py:452} INFO - Exiting gracefully upon receiving signal 15
[2026-09-30T03:24:33.045+0000] {manager.py:470} INFO - Processing files using up to 2 processes at a time 
[2026-09-30T03:24:33.047+0000] {manager.py:471} INFO - Process each file at most once every 30 seconds
[2026-09-30T03:24:33.047+0000] {manager.py:472} INFO - Checking for new files in /opt/airflow/dags every 300 seconds
[2026-09-30T03:24:33.047+0000] {manager.py:737} INFO - Searching for files in /opt/airflow/dags
[2026-09-30T03:24:33.048+0000] {manager.py:740} INFO - There are 1 files in /opt/airflow/dags
[2026-09-30T03:24:33.092+0000] {manager.py:878} INFO - 
================================================================================
DAG File Processing Stats

File Path                              PID  Runtime      # DAGs    # Errors  Last Runtime    Last Run
-----------------------------------  -----  ---------  --------  ----------  --------------  ----------
/opt/airflow/dags/dag_market_eod.py    179  0.02s             0           0
================================================================================
[2026-09-30T03:25:03.187+0000] {manager.py:878} INFO - 
================================================================================
DAG File Processing Stats

File Path                              PID  Runtime      # DAGs    # Errors  Last Runtime    Last Run
-----------------------------------  -----  ---------  --------  ----------  --------------  -------------------
/opt/airflow/dags/dag_market_eod.py    185  0.01s             0           1  0.04s           2026-09-30T03:24:33
================================================================================
[2026-09-30T03:25:39.814+0000] {manager.py:470} INFO - Processing files using up to 2 processes at a time 
[2026-09-30T03:25:39.816+0000] {manager.py:471} INFO - Process each file at most once every 30 seconds
[2026-09-30T03:25:39.816+0000] {manager.py:472} INFO - Checking for new files in /opt/airflow/dags every 300 seconds
[2026-09-30T03:25:39.816+0000] {manager.py:737} INFO - Searching for files in /opt/airflow/dags
[2026-09-30T03:25:39.817+0000] {manager.py:740} INFO - There are 1 files in /opt/airflow/dags
[2026-09-30T03:25:39.879+0000] {manager.py:878} INFO - 
================================================================================
DAG File Processing Stats

File Path                              PID  Runtime      # DAGs    # Errors  Last Runtime    Last Run
-----------------------------------  -----  ---------  --------  ----------  --------------  ----------
/opt/airflow/dags/dag_market_eod.py    179  0.03s             0           0
================================================================================
[2026-09-30T03:26:09.974+0000] {manager.py:878} INFO - 
================================================================================
DAG File Processing Stats

File Path                              PID  Runtime      # DAGs    # Errors  Last Runtime    Last Run
-----------------------------------  -----  ---------  --------  ----------  --------------  -------------------
/opt/airflow/dags/dag_market_eod.py    185  0.00s             0           1  0.04s           2026-09-30T03:25:39
================================================================================
[2026-09-30T03:26:40.062+0000] {manager.py:878} INFO - 
================================================================================
DAG File Processing Stats

File Path                              PID  Runtime      # DAGs    # Errors  Last Runtime    Last Run
-----------------------------------  -----  ---------  --------  ----------  --------------  -------------------
/opt/airflow/dags/dag_market_eod.py    190  0.00s             0           1  0.04s           2026-09-30T03:26:10
================================================================================
[2026-09-30T03:27:10.151+0000] {manager.py:878} INFO - 
================================================================================
DAG File Processing Stats

File Path                              PID  Runtime      # DAGs    # Errors  Last Runtime    Last Run
-----------------------------------  -----  ---------  --------  ----------  --------------  -------------------
/opt/airflow/dags/dag_market_eod.py    195  0.00s             0           1  0.04s           2026-09-30T03:26:40
================================================================================
[2026-09-30T03:27:12.608+0000] {manager.py:452} INFO - Exiting gracefully upon receiving signal 15
[2026-09-30T03:28:15.763+0000] {manager.py:470} INFO - Processing files using up to 2 processes at a time 
[2026-09-30T03:28:15.765+0000] {manager.py:471} INFO - Process each file at most once every 30 seconds
[2026-09-30T03:28:15.765+0000] {manager.py:472} INFO - Checking for new files in /opt/airflow/dags every 300 seconds
[2026-09-30T03:28:15.765+0000] {manager.py:737} INFO - Searching for files in /opt/airflow/dags
[2026-09-30T03:28:15.765+0000] {manager.py:740} INFO - There are 1 files in /opt/airflow/dags
[2026-09-30T03:28:15.825+0000] {manager.py:878} INFO - 
================================================================================
DAG File Processing Stats

File Path                              PID  Runtime      # DAGs    # Errors  Last Runtime    Last Run
-----------------------------------  -----  ---------  --------  ----------  --------------  ----------
/opt/airflow/dags/dag_market_eod.py    173  0.03s             0           0
================================================================================
[2026-09-30T03:28:45.907+0000] {manager.py:878} INFO - 
================================================================================
DAG File Processing Stats

File Path                              PID  Runtime      # DAGs    # Errors  Last Runtime    Last Run
-----------------------------------  -----  ---------  --------  ----------  --------------  -------------------
/opt/airflow/dags/dag_market_eod.py    185  0.00s             0           1  0.04s           2026-09-30T03:28:15
================================================================================
[2026-09-30T03:29:16.005+0000] {manager.py:878} INFO - 
================================================================================
DAG File Processing Stats

File Path                              PID  Runtime      # DAGs    # Errors  Last Runtime    Last Run
-----------------------------------  -----  ---------  --------  ----------  --------------  -------------------
/opt/airflow/dags/dag_market_eod.py    190  0.00s             0           1  0.04s           2026-09-30T03:28:45
================================================================================
[2026-09-30T03:29:46.095+0000] {manager.py:878} INFO - 
================================================================================
DAG File Processing Stats

File Path                              PID  Runtime      # DAGs    # Errors  Last Runtime    Last Run
-----------------------------------  -----  ---------  --------  ----------  --------------  -------------------
/opt/airflow/dags/dag_market_eod.py    195  0.00s             0           1  0.04s           2026-09-30T03:29:16
================================================================================
[2026-09-30T03:30:16.192+0000] {manager.py:878} INFO - 
================================================================================
DAG File Processing Stats

File Path                              PID  Runtime      # DAGs    # Errors  Last Runtime    Last Run
-----------------------------------  -----  ---------  --------  ----------  --------------  -------------------
/opt/airflow/dags/dag_market_eod.py    200  0.00s             0           1  0.06s           2026-09-30T03:29:46
================================================================================
[2026-09-30T03:30:46.299+0000] {manager.py:878} INFO - 
================================================================================
DAG File Processing Stats

File Path                              PID  Runtime      # DAGs    # Errors  Last Runtime    Last Run
-----------------------------------  -----  ---------  --------  ----------  --------------  -------------------
/opt/airflow/dags/dag_market_eod.py    205  0.00s             0           1  0.04s           2026-09-30T03:30:16
================================================================================
[2026-09-30T03:31:16.390+0000] {manager.py:878} INFO - 
================================================================================
DAG File Processing Stats

File Path                              PID  Runtime      # DAGs    # Errors  Last Runtime    Last Run
-----------------------------------  -----  ---------  --------  ----------  --------------  -------------------
/opt/airflow/dags/dag_market_eod.py    210  0.00s             0           1  0.04s           2026-09-30T03:30:46
================================================================================
[2026-09-30T03:31:46.490+0000] {manager.py:878} INFO - 
================================================================================
DAG File Processing Stats

File Path                              PID  Runtime      # DAGs    # Errors  Last Runtime    Last Run
-----------------------------------  -----  ---------  --------  ----------  --------------  -------------------
/opt/airflow/dags/dag_market_eod.py    215  0.00s             0           1  0.04s           2026-09-30T03:31:16
================================================================================
[2026-09-30T03:32:16.580+0000] {manager.py:878} INFO - 
================================================================================
DAG File Processing Stats

File Path                              PID  Runtime      # DAGs    # Errors  Last Runtime    Last Run
-----------------------------------  -----  ---------  --------  ----------  --------------  -------------------
/opt/airflow/dags/dag_market_eod.py    220  0.00s             0           1  0.04s           2026-09-30T03:31:46
================================================================================
[2026-09-30T03:32:46.664+0000] {manager.py:878} INFO - 
================================================================================
DAG File Processing Stats

File Path                              PID  Runtime      # DAGs    # Errors  Last Runtime    Last Run
-----------------------------------  -----  ---------  --------  ----------  --------------  -------------------
/opt/airflow/dags/dag_market_eod.py    225  0.00s             0           1  0.04s           2026-09-30T03:32:16
================================================================================
[2026-09-30T03:33:15.833+0000] {manager.py:737} INFO - Searching for files in /opt/airflow/dags
[2026-09-30T03:33:15.833+0000] {manager.py:740} INFO - There are 1 files in /opt/airflow/dags
[2026-09-30T03:33:16.847+0000] {manager.py:878} INFO - 
================================================================================
DAG File Processing Stats

File Path                              PID  Runtime      # DAGs    # Errors  Last Runtime    Last Run
-----------------------------------  -----  ---------  --------  ----------  --------------  -------------------
/opt/airflow/dags/dag_market_eod.py    230  0.00s             0           1  0.04s           2026-09-30T03:32:46
================================================================================
[2026-09-30T03:33:46.937+0000] {manager.py:878} INFO - 
================================================================================
DAG File Processing Stats

File Path                              PID  Runtime      # DAGs    # Errors  Last Runtime    Last Run
-----------------------------------  -----  ---------  --------  ----------  --------------  -------------------
/opt/airflow/dags/dag_market_eod.py    235  0.00s             0           1  0.04s           2026-09-30T03:33:16
================================================================================
[2026-09-30T03:34:17.025+0000] {manager.py:878} INFO - 
================================================================================
DAG File Processing Stats

File Path                              PID  Runtime      # DAGs    # Errors  Last Runtime    Last Run
-----------------------------------  -----  ---------  --------  ----------  --------------  -------------------
/opt/airflow/dags/dag_market_eod.py    240  0.00s             0           1  0.04s           2026-09-30T03:33:46
================================================================================
[2026-09-30T03:34:47.121+0000] {manager.py:878} INFO - 
================================================================================
DAG File Processing Stats

File Path                              PID  Runtime      # DAGs    # Errors  Last Runtime    Last Run
-----------------------------------  -----  ---------  --------  ----------  --------------  -------------------
/opt/airflow/dags/dag_market_eod.py    245  0.01s             0           1  0.04s           2026-09-30T03:34:17
================================================================================
[2026-09-30T03:35:17.216+0000] {manager.py:878} INFO - 
================================================================================
DAG File Processing Stats

File Path                              PID  Runtime      # DAGs    # Errors  Last Runtime    Last Run
-----------------------------------  -----  ---------  --------  ----------  --------------  -------------------
/opt/airflow/dags/dag_market_eod.py    250  0.00s             0           1  0.04s           2026-09-30T03:34:47
================================================================================
[2026-09-30T03:35:47.299+0000] {manager.py:878} INFO - 
================================================================================
DAG File Processing Stats

File Path                              PID  Runtime      # DAGs    # Errors  Last Runtime    Last Run
-----------------------------------  -----  ---------  --------  ----------  --------------  -------------------
/opt/airflow/dags/dag_market_eod.py    255  0.00s             0           1  0.04s           2026-09-30T03:35:17
================================================================================
[2026-09-30T03:36:17.397+0000] {manager.py:878} INFO - 
================================================================================
DAG File Processing Stats

File Path                              PID  Runtime      # DAGs    # Errors  Last Runtime    Last Run
-----------------------------------  -----  ---------  --------  ----------  --------------  -------------------
/opt/airflow/dags/dag_market_eod.py    260  0.01s             0           1  0.04s           2026-09-30T03:35:47
================================================================================
[2026-09-30T03:36:47.484+0000] {manager.py:878} INFO - 
================================================================================
DAG File Processing Stats

File Path                              PID  Runtime      # DAGs    # Errors  Last Runtime    Last Run
-----------------------------------  -----  ---------  --------  ----------  --------------  -------------------
/opt/airflow/dags/dag_market_eod.py    265  0.00s             0           1  0.04s           2026-09-30T03:36:17
================================================================================
[2026-09-30T03:37:28.812+0000] {manager.py:470} INFO - Processing files using up to 2 processes at a time 
[2026-09-30T03:37:28.814+0000] {manager.py:471} INFO - Process each file at most once every 30 seconds
[2026-09-30T03:37:28.814+0000] {manager.py:472} INFO - Checking for new files in /opt/airflow/dags every 300 seconds
[2026-09-30T03:37:28.814+0000] {manager.py:737} INFO - Searching for files in /opt/airflow/dags
[2026-09-30T03:37:28.815+0000] {manager.py:740} INFO - There are 1 files in /opt/airflow/dags
[2026-09-30T03:37:28.864+0000] {manager.py:878} INFO - 
================================================================================
DAG File Processing Stats

File Path                              PID  Runtime      # DAGs    # Errors  Last Runtime    Last Run
-----------------------------------  -----  ---------  --------  ----------  --------------  ----------
/opt/airflow/dags/dag_market_eod.py    173  0.02s             0           0
================================================================================
[2026-09-30T03:37:58.940+0000] {manager.py:878} INFO - 
================================================================================
DAG File Processing Stats

File Path                            PID    Runtime      # DAGs    # Errors  Last Runtime    Last Run
-----------------------------------  -----  ---------  --------  ----------  --------------  -------------------
/opt/airflow/dags/dag_market_eod.py                           1           0  0.51s           2026-09-30T03:37:29
================================================================================
[2026-09-30T03:38:28.998+0000] {manager.py:878} INFO - 
================================================================================
DAG File Processing Stats

File Path                            PID    Runtime      # DAGs    # Errors  Last Runtime    Last Run
-----------------------------------  -----  ---------  --------  ----------  --------------  -------------------
/opt/airflow/dags/dag_market_eod.py                           1           0  0.48s           2026-09-30T03:37:59
================================================================================
[2026-09-30T03:38:59.090+0000] {manager.py:878} INFO - 
================================================================================
DAG File Processing Stats

File Path                            PID    Runtime      # DAGs    # Errors  Last Runtime    Last Run
-----------------------------------  -----  ---------  --------  ----------  --------------  -------------------
/opt/airflow/dags/dag_market_eod.py                           1           0  0.39s           2026-09-30T03:38:30
================================================================================
[2026-09-30T03:39:29.551+0000] {manager.py:878} INFO - 
================================================================================
DAG File Processing Stats

File Path                            PID    Runtime      # DAGs    # Errors  Last Runtime    Last Run
-----------------------------------  -----  ---------  --------  ----------  --------------  -------------------
/opt/airflow/dags/dag_market_eod.py                           1           0  0.39s           2026-09-30T03:39:00
================================================================================
[2026-09-30T03:40:00.017+0000] {manager.py:878} INFO - 
================================================================================
DAG File Processing Stats

File Path                            PID    Runtime      # DAGs    # Errors  Last Runtime    Last Run
-----------------------------------  -----  ---------  --------  ----------  --------------  -------------------
/opt/airflow/dags/dag_market_eod.py                           1           0  0.39s           2026-09-30T03:39:31
================================================================================
[2026-09-30T03:40:30.485+0000] {manager.py:878} INFO - 
================================================================================
DAG File Processing Stats

File Path                            PID    Runtime      # DAGs    # Errors  Last Runtime    Last Run
-----------------------------------  -----  ---------  --------  ----------  --------------  -------------------
/opt/airflow/dags/dag_market_eod.py                           1           0  0.39s           2026-09-30T03:40:01
================================================================================
[2026-09-30T03:41:00.945+0000] {manager.py:878} INFO - 
================================================================================
DAG File Processing Stats

File Path                            PID    Runtime      # DAGs    # Errors  Last Runtime    Last Run
-----------------------------------  -----  ---------  --------  ----------  --------------  -------------------
/opt/airflow/dags/dag_market_eod.py                           1           0  0.39s           2026-09-30T03:40:32
================================================================================
[2026-09-30T03:41:31.426+0000] {manager.py:878} INFO - 
================================================================================
DAG File Processing Stats

File Path                            PID    Runtime      # DAGs    # Errors  Last Runtime    Last Run
-----------------------------------  -----  ---------  --------  ----------  --------------  -------------------
/opt/airflow/dags/dag_market_eod.py                           1           0  0.39s           2026-09-30T03:41:02
================================================================================
[2026-09-30T03:42:01.502+0000] {manager.py:878} INFO - 
================================================================================
DAG File Processing Stats

File Path                            PID    Runtime      # DAGs    # Errors  Last Runtime    Last Run
-----------------------------------  -----  ---------  --------  ----------  --------------  -------------------
/opt/airflow/dags/dag_market_eod.py                           1           0  0.52s           2026-09-30T03:41:33
================================================================================
[2026-09-30T03:42:28.864+0000] {manager.py:737} INFO - Searching for files in /opt/airflow/dags
[2026-09-30T03:42:28.865+0000] {manager.py:740} INFO - There are 1 files in /opt/airflow/dags
[2026-09-30T03:42:31.590+0000] {manager.py:878} INFO - 
================================================================================
DAG File Processing Stats

File Path                            PID    Runtime      # DAGs    # Errors  Last Runtime    Last Run
-----------------------------------  -----  ---------  --------  ----------  --------------  -------------------
/opt/airflow/dags/dag_market_eod.py                           1           0  0.30s           2026-09-30T03:42:03
================================================================================
[2026-09-30T03:43:01.966+0000] {manager.py:878} INFO - 
================================================================================
DAG File Processing Stats

File Path                            PID    Runtime      # DAGs    # Errors  Last Runtime    Last Run
-----------------------------------  -----  ---------  --------  ----------  --------------  -------------------
/opt/airflow/dags/dag_market_eod.py                           1           0  0.32s           2026-09-30T03:42:34
================================================================================
[2026-09-30T03:43:32.361+0000] {manager.py:878} INFO - 
================================================================================
DAG File Processing Stats

File Path                            PID    Runtime      # DAGs    # Errors  Last Runtime    Last Run
-----------------------------------  -----  ---------  --------  ----------  --------------  -------------------
/opt/airflow/dags/dag_market_eod.py                           1           0  0.30s           2026-09-30T03:43:04
================================================================================
[2026-09-30T03:44:02.723+0000] {manager.py:878} INFO - 
================================================================================
DAG File Processing Stats

File Path                            PID    Runtime      # DAGs    # Errors  Last Runtime    Last Run
-----------------------------------  -----  ---------  --------  ----------  --------------  -------------------
/opt/airflow/dags/dag_market_eod.py                           1           0  0.31s           2026-09-30T03:43:34
================================================================================
[2026-09-30T03:44:33.095+0000] {manager.py:878} INFO - 
================================================================================
DAG File Processing Stats

File Path                            PID    Runtime      # DAGs    # Errors  Last Runtime    Last Run
-----------------------------------  -----  ---------  --------  ----------  --------------  -------------------
/opt/airflow/dags/dag_market_eod.py                           1           0  0.42s           2026-09-30T03:44:05
================================================================================
[2026-09-30T03:45:03.595+0000] {manager.py:878} INFO - 
================================================================================
DAG File Processing Stats

File Path                            PID    Runtime      # DAGs    # Errors  Last Runtime    Last Run
-----------------------------------  -----  ---------  --------  ----------  --------------  -------------------
/opt/airflow/dags/dag_market_eod.py                           1           0  0.41s           2026-09-30T03:44:35
================================================================================
[2026-09-30T03:45:34.074+0000] {manager.py:878} INFO - 
================================================================================
DAG File Processing Stats

File Path                            PID    Runtime      # DAGs    # Errors  Last Runtime    Last Run
-----------------------------------  -----  ---------  --------  ----------  --------------  -------------------
/opt/airflow/dags/dag_market_eod.py                           1           0  0.31s           2026-09-30T03:45:06
================================================================================
[2026-09-30T03:46:04.449+0000] {manager.py:878} INFO - 
================================================================================
DAG File Processing Stats

File Path                            PID    Runtime      # DAGs    # Errors  Last Runtime    Last Run
-----------------------------------  -----  ---------  --------  ----------  --------------  -------------------
/opt/airflow/dags/dag_market_eod.py                           1           0  0.31s           2026-09-30T03:45:36
================================================================================
[2026-09-30T03:46:34.835+0000] {manager.py:878} INFO - 
================================================================================
DAG File Processing Stats

File Path                            PID    Runtime      # DAGs    # Errors  Last Runtime    Last Run
-----------------------------------  -----  ---------  --------  ----------  --------------  -------------------
/opt/airflow/dags/dag_market_eod.py                           1           0  0.29s           2026-09-30T03:46:07
================================================================================
[2026-09-30T03:47:05.197+0000] {manager.py:878} INFO - 
================================================================================
DAG File Processing Stats

File Path                            PID    Runtime      # DAGs    # Errors  Last Runtime    Last Run
-----------------------------------  -----  ---------  --------  ----------  --------------  -------------------
/opt/airflow/dags/dag_market_eod.py                           1           0  0.31s           2026-09-30T03:46:37
================================================================================
[2026-09-30T03:47:28.956+0000] {manager.py:737} INFO - Searching for files in /opt/airflow/dags
[2026-09-30T03:47:28.956+0000] {manager.py:740} INFO - There are 1 files in /opt/airflow/dags
[2026-09-30T03:47:35.580+0000] {manager.py:878} INFO - 
================================================================================
DAG File Processing Stats

File Path                            PID    Runtime      # DAGs    # Errors  Last Runtime    Last Run
-----------------------------------  -----  ---------  --------  ----------  --------------  -------------------
/opt/airflow/dags/dag_market_eod.py                           1           0  0.40s           2026-09-30T03:47:07
================================================================================
[2026-09-30T03:48:06.056+0000] {manager.py:878} INFO - 
================================================================================
DAG File Processing Stats

File Path                            PID    Runtime      # DAGs    # Errors  Last Runtime    Last Run
-----------------------------------  -----  ---------  --------  ----------  --------------  -------------------
/opt/airflow/dags/dag_market_eod.py                           1           0  0.31s           2026-09-30T03:47:38
================================================================================
[2026-09-30T03:48:36.440+0000] {manager.py:878} INFO - 
================================================================================
DAG File Processing Stats

File Path                            PID    Runtime      # DAGs    # Errors  Last Runtime    Last Run
-----------------------------------  -----  ---------  --------  ----------  --------------  -------------------
/opt/airflow/dags/dag_market_eod.py                           1           0  0.30s           2026-09-30T03:48:08
================================================================================
[2026-09-30T03:49:06.818+0000] {manager.py:878} INFO - 
================================================================================
DAG File Processing Stats

File Path                            PID    Runtime      # DAGs    # Errors  Last Runtime    Last Run
-----------------------------------  -----  ---------  --------  ----------  --------------  -------------------
/opt/airflow/dags/dag_market_eod.py                           1           0  0.30s           2026-09-30T03:48:39
================================================================================
[2026-09-30T03:49:37.193+0000] {manager.py:878} INFO - 
================================================================================
DAG File Processing Stats

File Path                            PID    Runtime      # DAGs    # Errors  Last Runtime    Last Run
-----------------------------------  -----  ---------  --------  ----------  --------------  -------------------
/opt/airflow/dags/dag_market_eod.py                           1           0  0.32s           2026-09-30T03:49:09
================================================================================
[2026-09-30T03:50:07.572+0000] {manager.py:878} INFO - 
================================================================================
DAG File Processing Stats

File Path                            PID    Runtime      # DAGs    # Errors  Last Runtime    Last Run
-----------------------------------  -----  ---------  --------  ----------  --------------  -------------------
/opt/airflow/dags/dag_market_eod.py                           1           0  0.31s           2026-09-30T03:49:39
================================================================================
[2026-09-30T03:50:37.957+0000] {manager.py:878} INFO - 
================================================================================
DAG File Processing Stats

File Path                            PID    Runtime      # DAGs    # Errors  Last Runtime    Last Run
-----------------------------------  -----  ---------  --------  ----------  --------------  -------------------
/opt/airflow/dags/dag_market_eod.py                           1           0  0.42s           2026-09-30T03:50:10
================================================================================
[2026-09-30T03:51:08.451+0000] {manager.py:878} INFO - 
================================================================================
DAG File Processing Stats

File Path                            PID    Runtime      # DAGs    # Errors  Last Runtime    Last Run
-----------------------------------  -----  ---------  --------  ----------  --------------  -------------------
/opt/airflow/dags/dag_market_eod.py                           1           0  0.29s           2026-09-30T03:50:40
================================================================================
[2026-09-30T03:51:38.809+0000] {manager.py:878} INFO - 
================================================================================
DAG File Processing Stats

File Path                            PID    Runtime      # DAGs    # Errors  Last Runtime    Last Run
-----------------------------------  -----  ---------  --------  ----------  --------------  -------------------
/opt/airflow/dags/dag_market_eod.py                           1           0  0.29s           2026-09-30T03:51:11
================================================================================
[2026-09-30T03:52:09.180+0000] {manager.py:878} INFO - 
================================================================================
DAG File Processing Stats

File Path                            PID    Runtime      # DAGs    # Errors  Last Runtime    Last Run
-----------------------------------  -----  ---------  --------  ----------  --------------  -------------------
/opt/airflow/dags/dag_market_eod.py                           1           0  0.34s           2026-09-30T03:51:41
================================================================================
[2026-09-30T03:52:29.564+0000] {manager.py:737} INFO - Searching for files in /opt/airflow/dags
[2026-09-30T03:52:29.565+0000] {manager.py:740} INFO - There are 1 files in /opt/airflow/dags
[2026-09-30T03:52:39.595+0000] {manager.py:878} INFO - 
================================================================================
DAG File Processing Stats

File Path                            PID    Runtime      # DAGs    # Errors  Last Runtime    Last Run
-----------------------------------  -----  ---------  --------  ----------  --------------  -------------------
/opt/airflow/dags/dag_market_eod.py                           1           0  0.29s           2026-09-30T03:52:11
================================================================================
[2026-09-30T03:53:09.957+0000] {manager.py:878} INFO - 
================================================================================
DAG File Processing Stats

File Path                            PID    Runtime      # DAGs    # Errors  Last Runtime    Last Run
-----------------------------------  -----  ---------  --------  ----------  --------------  -------------------
/opt/airflow/dags/dag_market_eod.py                           1           0  0.31s           2026-09-30T03:52:42
================================================================================
[2026-09-30T03:53:40.331+0000] {manager.py:878} INFO - 
================================================================================
DAG File Processing Stats

File Path                            PID    Runtime      # DAGs    # Errors  Last Runtime    Last Run
-----------------------------------  -----  ---------  --------  ----------  --------------  -------------------
/opt/airflow/dags/dag_market_eod.py                           1           0  0.43s           2026-09-30T03:53:12
================================================================================
[2026-09-30T03:54:10.827+0000] {manager.py:878} INFO - 
================================================================================
DAG File Processing Stats

File Path                            PID    Runtime      # DAGs    # Errors  Last Runtime    Last Run
-----------------------------------  -----  ---------  --------  ----------  --------------  -------------------
/opt/airflow/dags/dag_market_eod.py                           1           0  0.41s           2026-09-30T03:53:43
================================================================================
[2026-09-30T03:54:41.312+0000] {manager.py:878} INFO - 
================================================================================
DAG File Processing Stats

File Path                            PID    Runtime      # DAGs    # Errors  Last Runtime    Last Run
-----------------------------------  -----  ---------  --------  ----------  --------------  -------------------
/opt/airflow/dags/dag_market_eod.py                           1           0  0.31s           2026-09-30T03:54:13
================================================================================
[2026-09-30T03:55:11.688+0000] {manager.py:878} INFO - 
================================================================================
DAG File Processing Stats

File Path                            PID    Runtime      # DAGs    # Errors  Last Runtime    Last Run
-----------------------------------  -----  ---------  --------  ----------  --------------  -------------------
/opt/airflow/dags/dag_market_eod.py                           1           0  0.30s           2026-09-30T03:54:43
================================================================================
[2026-09-30T03:55:42.051+0000] {manager.py:878} INFO - 
================================================================================
DAG File Processing Stats

File Path                            PID    Runtime      # DAGs    # Errors  Last Runtime    Last Run
-----------------------------------  -----  ---------  --------  ----------  --------------  -------------------
/opt/airflow/dags/dag_market_eod.py                           1           0  0.30s           2026-09-30T03:55:14
================================================================================
[2026-09-30T03:56:12.421+0000] {manager.py:878} INFO - 
================================================================================
DAG File Processing Stats

File Path                            PID    Runtime      # DAGs    # Errors  Last Runtime    Last Run
-----------------------------------  -----  ---------  --------  ----------  --------------  -------------------
/opt/airflow/dags/dag_market_eod.py                           1           0  0.30s           2026-09-30T03:55:44
================================================================================
[2026-09-30T03:56:42.786+0000] {manager.py:878} INFO - 
================================================================================
DAG File Processing Stats

File Path                            PID    Runtime      # DAGs    # Errors  Last Runtime    Last Run
-----------------------------------  -----  ---------  --------  ----------  --------------  -------------------
/opt/airflow/dags/dag_market_eod.py                           1           0  0.40s           2026-09-30T03:56:15
================================================================================
[2026-09-30T03:57:13.266+0000] {manager.py:878} INFO - 
================================================================================
DAG File Processing Stats

File Path                            PID    Runtime      # DAGs    # Errors  Last Runtime    Last Run
-----------------------------------  -----  ---------  --------  ----------  --------------  -------------------
/opt/airflow/dags/dag_market_eod.py                           1           0  0.42s           2026-09-30T03:56:45
================================================================================
[2026-09-30T03:57:29.718+0000] {manager.py:737} INFO - Searching for files in /opt/airflow/dags
[2026-09-30T03:57:29.718+0000] {manager.py:740} INFO - There are 1 files in /opt/airflow/dags
[2026-09-30T03:57:43.758+0000] {manager.py:878} INFO - 
================================================================================
DAG File Processing Stats

File Path                            PID    Runtime      # DAGs    # Errors  Last Runtime    Last Run
-----------------------------------  -----  ---------  --------  ----------  --------------  -------------------
/opt/airflow/dags/dag_market_eod.py                           1           0  0.41s           2026-09-30T03:57:16
================================================================================
[2026-09-30T03:58:14.255+0000] {manager.py:878} INFO - 
================================================================================
DAG File Processing Stats

File Path                            PID    Runtime      # DAGs    # Errors  Last Runtime    Last Run
-----------------------------------  -----  ---------  --------  ----------  --------------  -------------------
/opt/airflow/dags/dag_market_eod.py                           1           0  0.30s           2026-09-30T03:57:46
================================================================================
[2026-09-30T03:58:44.628+0000] {manager.py:878} INFO - 
================================================================================
DAG File Processing Stats

File Path                            PID    Runtime      # DAGs    # Errors  Last Runtime    Last Run
-----------------------------------  -----  ---------  --------  ----------  --------------  -------------------
/opt/airflow/dags/dag_market_eod.py                           1           0  0.31s           2026-09-30T03:58:16
================================================================================
[2026-09-30T03:59:15.008+0000] {manager.py:878} INFO - 
================================================================================
DAG File Processing Stats

File Path                            PID    Runtime      # DAGs    # Errors  Last Runtime    Last Run
-----------------------------------  -----  ---------  --------  ----------  --------------  -------------------
/opt/airflow/dags/dag_market_eod.py                           1           0  0.31s           2026-09-30T03:58:47
================================================================================
[2026-09-30T03:59:45.391+0000] {manager.py:878} INFO - 
================================================================================
DAG File Processing Stats

File Path                            PID    Runtime      # DAGs    # Errors  Last Runtime    Last Run
-----------------------------------  -----  ---------  --------  ----------  --------------  -------------------
/opt/airflow/dags/dag_market_eod.py                           1           0  0.40s           2026-09-30T03:59:17
================================================================================
[2026-09-30T04:00:15.875+0000] {manager.py:878} INFO - 
================================================================================
DAG File Processing Stats

File Path                            PID    Runtime      # DAGs    # Errors  Last Runtime    Last Run
-----------------------------------  -----  ---------  --------  ----------  --------------  -------------------
/opt/airflow/dags/dag_market_eod.py                           1           0  0.40s           2026-09-30T03:59:48
================================================================================
[2026-09-30T04:00:46.348+0000] {manager.py:878} INFO - 
================================================================================
DAG File Processing Stats

File Path                            PID    Runtime      # DAGs    # Errors  Last Runtime    Last Run
-----------------------------------  -----  ---------  --------  ----------  --------------  -------------------
/opt/airflow/dags/dag_market_eod.py                           1           0  0.30s           2026-09-30T04:00:18
================================================================================
[2026-09-30T04:01:16.719+0000] {manager.py:878} INFO - 
================================================================================
DAG File Processing Stats

File Path                            PID    Runtime      # DAGs    # Errors  Last Runtime    Last Run
-----------------------------------  -----  ---------  --------  ----------  --------------  -------------------
/opt/airflow/dags/dag_market_eod.py                           1           0  0.32s           2026-09-30T04:00:48
================================================================================
[2026-09-30T04:01:47.110+0000] {manager.py:878} INFO - 
================================================================================
DAG File Processing Stats

File Path                            PID    Runtime      # DAGs    # Errors  Last Runtime    Last Run
-----------------------------------  -----  ---------  --------  ----------  --------------  -------------------
/opt/airflow/dags/dag_market_eod.py                           1           0  0.31s           2026-09-30T04:01:19
================================================================================
[2026-09-30T04:02:17.484+0000] {manager.py:878} INFO - 
================================================================================
DAG File Processing Stats

File Path                            PID    Runtime      # DAGs    # Errors  Last Runtime    Last Run
-----------------------------------  -----  ---------  --------  ----------  --------------  -------------------
/opt/airflow/dags/dag_market_eod.py                           1           0  0.31s           2026-09-30T04:01:49
================================================================================
[2026-09-30T04:02:29.815+0000] {manager.py:737} INFO - Searching for files in /opt/airflow/dags
[2026-09-30T04:02:29.816+0000] {manager.py:740} INFO - There are 1 files in /opt/airflow/dags
[2026-09-30T04:02:47.867+0000] {manager.py:878} INFO - 
================================================================================
DAG File Processing Stats

File Path                            PID    Runtime      # DAGs    # Errors  Last Runtime    Last Run
-----------------------------------  -----  ---------  --------  ----------  --------------  -------------------
/opt/airflow/dags/dag_market_eod.py                           1           0  0.41s           2026-09-30T04:02:20
================================================================================
[2026-09-30T04:03:18.357+0000] {manager.py:878} INFO - 
================================================================================
DAG File Processing Stats

File Path                            PID    Runtime      # DAGs    # Errors  Last Runtime    Last Run
-----------------------------------  -----  ---------  --------  ----------  --------------  -------------------
/opt/airflow/dags/dag_market_eod.py                           1           0  0.41s           2026-09-30T04:02:50
================================================================================
[2026-09-30T04:03:48.841+0000] {manager.py:878} INFO - 
================================================================================
DAG File Processing Stats

File Path                            PID    Runtime      # DAGs    # Errors  Last Runtime    Last Run
-----------------------------------  -----  ---------  --------  ----------  --------------  -------------------
/opt/airflow/dags/dag_market_eod.py                           1           0  0.30s           2026-09-30T04:03:21
================================================================================
[2026-09-30T04:04:19.226+0000] {manager.py:878} INFO - 
================================================================================
DAG File Processing Stats

File Path                            PID    Runtime      # DAGs    # Errors  Last Runtime    Last Run
-----------------------------------  -----  ---------  --------  ----------  --------------  -------------------
/opt/airflow/dags/dag_market_eod.py                           1           0  0.30s           2026-09-30T04:03:51
================================================================================
[2026-09-30T04:04:49.605+0000] {manager.py:878} INFO - 
================================================================================
DAG File Processing Stats

File Path                            PID    Runtime      # DAGs    # Errors  Last Runtime    Last Run
-----------------------------------  -----  ---------  --------  ----------  --------------  -------------------
/opt/airflow/dags/dag_market_eod.py                           1           0  0.29s           2026-09-30T04:04:21
================================================================================
[2026-09-30T04:05:19.967+0000] {manager.py:878} INFO - 
================================================================================
DAG File Processing Stats

File Path                            PID    Runtime      # DAGs    # Errors  Last Runtime    Last Run
-----------------------------------  -----  ---------  --------  ----------  --------------  -------------------
/opt/airflow/dags/dag_market_eod.py                           1           0  0.30s           2026-09-30T04:04:52
================================================================================
[2026-09-30T04:05:50.344+0000] {manager.py:878} INFO - 
================================================================================
DAG File Processing Stats

File Path                            PID    Runtime      # DAGs    # Errors  Last Runtime    Last Run
-----------------------------------  -----  ---------  --------  ----------  --------------  -------------------
/opt/airflow/dags/dag_market_eod.py                           1           0  0.39s           2026-09-30T04:05:22
================================================================================
[2026-09-30T04:06:20.818+0000] {manager.py:878} INFO - 
================================================================================
DAG File Processing Stats

File Path                            PID    Runtime      # DAGs    # Errors  Last Runtime    Last Run
-----------------------------------  -----  ---------  --------  ----------  --------------  -------------------
/opt/airflow/dags/dag_market_eod.py                           1           0  0.42s           2026-09-30T04:05:53
================================================================================
[2026-09-30T04:06:51.334+0000] {manager.py:878} INFO - 
================================================================================
DAG File Processing Stats

File Path                            PID    Runtime      # DAGs    # Errors  Last Runtime    Last Run
-----------------------------------  -----  ---------  --------  ----------  --------------  -------------------
/opt/airflow/dags/dag_market_eod.py                           1           0  0.29s           2026-09-30T04:06:23
================================================================================
[2026-09-30T04:07:21.706+0000] {manager.py:878} INFO - 
================================================================================
DAG File Processing Stats

File Path                            PID    Runtime      # DAGs    # Errors  Last Runtime    Last Run
-----------------------------------  -----  ---------  --------  ----------  --------------  -------------------
/opt/airflow/dags/dag_market_eod.py                           1           0  0.30s           2026-09-30T04:06:53
================================================================================
[2026-09-30T04:07:30.019+0000] {manager.py:737} INFO - Searching for files in /opt/airflow/dags
[2026-09-30T04:07:30.020+0000] {manager.py:740} INFO - There are 1 files in /opt/airflow/dags
[2026-09-30T04:07:52.088+0000] {manager.py:878} INFO - 
================================================================================
DAG File Processing Stats

File Path                            PID    Runtime      # DAGs    # Errors  Last Runtime    Last Run
-----------------------------------  -----  ---------  --------  ----------  --------------  -------------------
/opt/airflow/dags/dag_market_eod.py                           1           0  0.31s           2026-09-30T04:07:24
================================================================================
[2026-09-30T04:08:22.462+0000] {manager.py:878} INFO - 
================================================================================
DAG File Processing Stats

File Path                            PID    Runtime      # DAGs    # Errors  Last Runtime    Last Run
-----------------------------------  -----  ---------  --------  ----------  --------------  -------------------
/opt/airflow/dags/dag_market_eod.py                           1           0  0.29s           2026-09-30T04:07:54
================================================================================
[2026-09-30T04:08:52.835+0000] {manager.py:878} INFO - 
================================================================================
DAG File Processing Stats

File Path                            PID    Runtime      # DAGs    # Errors  Last Runtime    Last Run
-----------------------------------  -----  ---------  --------  ----------  --------------  -------------------
/opt/airflow/dags/dag_market_eod.py                           1           0  0.39s           2026-09-30T04:08:25
================================================================================
[2026-09-30T04:09:23.312+0000] {manager.py:878} INFO - 
================================================================================
DAG File Processing Stats

File Path                            PID    Runtime      # DAGs    # Errors  Last Runtime    Last Run
-----------------------------------  -----  ---------  --------  ----------  --------------  -------------------
/opt/airflow/dags/dag_market_eod.py                           1           0  0.40s           2026-09-30T04:08:55
================================================================================
[2026-09-30T04:09:53.801+0000] {manager.py:878} INFO - 
================================================================================
DAG File Processing Stats

File Path                            PID    Runtime      # DAGs    # Errors  Last Runtime    Last Run
-----------------------------------  -----  ---------  --------  ----------  --------------  -------------------
/opt/airflow/dags/dag_market_eod.py                           1           0  0.30s           2026-09-30T04:09:26
================================================================================
[2026-09-30T04:10:24.175+0000] {manager.py:878} INFO - 
================================================================================
DAG File Processing Stats

File Path                            PID    Runtime      # DAGs    # Errors  Last Runtime    Last Run
-----------------------------------  -----  ---------  --------  ----------  --------------  -------------------
/opt/airflow/dags/dag_market_eod.py                           1           0  0.29s           2026-09-30T04:09:56
================================================================================
[2026-09-30T04:10:54.553+0000] {manager.py:878} INFO - 
================================================================================
DAG File Processing Stats

File Path                            PID    Runtime      # DAGs    # Errors  Last Runtime    Last Run
-----------------------------------  -----  ---------  --------  ----------  --------------  -------------------
/opt/airflow/dags/dag_market_eod.py                           1           0  0.28s           2026-09-30T04:10:26
================================================================================
[2026-09-30T04:11:24.897+0000] {manager.py:878} INFO - 
================================================================================
DAG File Processing Stats

File Path                            PID    Runtime      # DAGs    # Errors  Last Runtime    Last Run
-----------------------------------  -----  ---------  --------  ----------  --------------  -------------------
/opt/airflow/dags/dag_market_eod.py                           1           0  0.30s           2026-09-30T04:10:57
================================================================================
[2026-09-30T04:11:55.271+0000] {manager.py:878} INFO - 
================================================================================
DAG File Processing Stats

File Path                            PID    Runtime      # DAGs    # Errors  Last Runtime    Last Run
-----------------------------------  -----  ---------  --------  ----------  --------------  -------------------
/opt/airflow/dags/dag_market_eod.py                           1           0  0.40s           2026-09-30T04:11:27
================================================================================
[2026-09-30T04:12:25.750+0000] {manager.py:878} INFO - 
================================================================================
DAG File Processing Stats

File Path                            PID    Runtime      # DAGs    # Errors  Last Runtime    Last Run
-----------------------------------  -----  ---------  --------  ----------  --------------  -------------------
/opt/airflow/dags/dag_market_eod.py                           1           0  0.39s           2026-09-30T04:11:58
================================================================================
[2026-09-30T04:12:30.142+0000] {manager.py:737} INFO - Searching for files in /opt/airflow/dags
[2026-09-30T04:12:30.142+0000] {manager.py:740} INFO - There are 1 files in /opt/airflow/dags
[2026-09-30T04:12:56.226+0000] {manager.py:878} INFO - 
================================================================================
DAG File Processing Stats

File Path                            PID    Runtime      # DAGs    # Errors  Last Runtime    Last Run
-----------------------------------  -----  ---------  --------  ----------  --------------  -------------------
/opt/airflow/dags/dag_market_eod.py                           1           0  0.29s           2026-09-30T04:12:28
================================================================================
[2026-09-30T04:13:26.596+0000] {manager.py:878} INFO - 
================================================================================
DAG File Processing Stats

File Path                            PID    Runtime      # DAGs    # Errors  Last Runtime    Last Run
-----------------------------------  -----  ---------  --------  ----------  --------------  -------------------
/opt/airflow/dags/dag_market_eod.py                           1           0  0.30s           2026-09-30T04:12:58
================================================================================
[2026-09-30T04:13:56.962+0000] {manager.py:878} INFO - 
================================================================================
DAG File Processing Stats

File Path                            PID    Runtime      # DAGs    # Errors  Last Runtime    Last Run
-----------------------------------  -----  ---------  --------  ----------  --------------  -------------------
/opt/airflow/dags/dag_market_eod.py                           1           0  0.29s           2026-09-30T04:13:29
================================================================================
[2026-09-30T04:14:27.343+0000] {manager.py:878} INFO - 
================================================================================
DAG File Processing Stats

File Path                            PID    Runtime      # DAGs    # Errors  Last Runtime    Last Run
-----------------------------------  -----  ---------  --------  ----------  --------------  -------------------
/opt/airflow/dags/dag_market_eod.py                           1           0  0.30s           2026-09-30T04:13:59
================================================================================
[2026-09-30T04:14:57.719+0000] {manager.py:878} INFO - 
================================================================================
DAG File Processing Stats

File Path                            PID    Runtime      # DAGs    # Errors  Last Runtime    Last Run
-----------------------------------  -----  ---------  --------  ----------  --------------  -------------------
/opt/airflow/dags/dag_market_eod.py                           1           0  0.39s           2026-09-30T04:14:30
================================================================================
[2026-09-30T04:15:28.178+0000] {manager.py:878} INFO - 
================================================================================
DAG File Processing Stats

File Path                            PID    Runtime      # DAGs    # Errors  Last Runtime    Last Run
-----------------------------------  -----  ---------  --------  ----------  --------------  -------------------
/opt/airflow/dags/dag_market_eod.py                           1           0  0.38s           2026-09-30T04:15:00
================================================================================
[2026-09-30T04:15:58.639+0000] {manager.py:878} INFO - 
================================================================================
DAG File Processing Stats

File Path                            PID    Runtime      # DAGs    # Errors  Last Runtime    Last Run
-----------------------------------  -----  ---------  --------  ----------  --------------  -------------------
/opt/airflow/dags/dag_market_eod.py                           1           0  0.31s           2026-09-30T04:15:30
================================================================================
[2026-09-30T04:16:29.050+0000] {manager.py:878} INFO - 
================================================================================
DAG File Processing Stats

File Path                            PID    Runtime      # DAGs    # Errors  Last Runtime    Last Run
-----------------------------------  -----  ---------  --------  ----------  --------------  -------------------
/opt/airflow/dags/dag_market_eod.py                           1           0  0.31s           2026-09-30T04:16:01
================================================================================
[2026-09-30T04:16:59.429+0000] {manager.py:878} INFO - 
================================================================================
DAG File Processing Stats

File Path                            PID    Runtime      # DAGs    # Errors  Last Runtime    Last Run
-----------------------------------  -----  ---------  --------  ----------  --------------  -------------------
/opt/airflow/dags/dag_market_eod.py                           1           0  0.29s           2026-09-30T04:16:31
================================================================================
[2026-09-30T04:17:29.797+0000] {manager.py:878} INFO - 
================================================================================
DAG File Processing Stats

File Path                            PID    Runtime      # DAGs    # Errors  Last Runtime    Last Run
-----------------------------------  -----  ---------  --------  ----------  --------------  -------------------
/opt/airflow/dags/dag_market_eod.py                           1           0  0.31s           2026-09-30T04:17:02
================================================================================
[2026-09-30T04:17:30.800+0000] {manager.py:737} INFO - Searching for files in /opt/airflow/dags
[2026-09-30T04:17:30.801+0000] {manager.py:740} INFO - There are 1 files in /opt/airflow/dags
[2026-09-30T04:18:00.182+0000] {manager.py:878} INFO - 
================================================================================
DAG File Processing Stats

File Path                            PID    Runtime      # DAGs    # Errors  Last Runtime    Last Run
-----------------------------------  -----  ---------  --------  ----------  --------------  -------------------
/opt/airflow/dags/dag_market_eod.py                           1           0  0.38s           2026-09-30T04:17:32
================================================================================
[2026-09-30T04:18:30.635+0000] {manager.py:878} INFO - 
================================================================================
DAG File Processing Stats

File Path                            PID    Runtime      # DAGs    # Errors  Last Runtime    Last Run
-----------------------------------  -----  ---------  --------  ----------  --------------  -------------------
/opt/airflow/dags/dag_market_eod.py                           1           0  0.40s           2026-09-30T04:18:02
================================================================================
[2026-09-30T04:19:01.123+0000] {manager.py:878} INFO - 
================================================================================
DAG File Processing Stats

File Path                            PID    Runtime      # DAGs    # Errors  Last Runtime    Last Run
-----------------------------------  -----  ---------  --------  ----------  --------------  -------------------
/opt/airflow/dags/dag_market_eod.py                           1           0  0.29s           2026-09-30T04:18:33
================================================================================
[2026-09-30T04:19:31.483+0000] {manager.py:878} INFO - 
================================================================================
DAG File Processing Stats

File Path                            PID    Runtime      # DAGs    # Errors  Last Runtime    Last Run
-----------------------------------  -----  ---------  --------  ----------  --------------  -------------------
/opt/airflow/dags/dag_market_eod.py                           1           0  0.29s           2026-09-30T04:19:03
================================================================================
[2026-09-30T04:20:01.849+0000] {manager.py:878} INFO - 
================================================================================
DAG File Processing Stats

File Path                            PID    Runtime      # DAGs    # Errors  Last Runtime    Last Run
-----------------------------------  -----  ---------  --------  ----------  --------------  -------------------
/opt/airflow/dags/dag_market_eod.py                           1           0  0.38s           2026-09-30T04:19:34
================================================================================
[2026-09-30T04:20:32.319+0000] {manager.py:878} INFO - 
================================================================================
DAG File Processing Stats

File Path                            PID    Runtime      # DAGs    # Errors  Last Runtime    Last Run
-----------------------------------  -----  ---------  --------  ----------  --------------  -------------------
/opt/airflow/dags/dag_market_eod.py                           1           0  0.39s           2026-09-30T04:20:04
================================================================================
[2026-09-30T04:21:02.781+0000] {manager.py:878} INFO - 
================================================================================
DAG File Processing Stats

File Path                            PID    Runtime      # DAGs    # Errors  Last Runtime    Last Run
-----------------------------------  -----  ---------  --------  ----------  --------------  -------------------
/opt/airflow/dags/dag_market_eod.py                           1           0  0.41s           2026-09-30T04:20:35
================================================================================
[2026-09-30T04:21:33.282+0000] {manager.py:878} INFO - 
================================================================================
DAG File Processing Stats

File Path                            PID    Runtime      # DAGs    # Errors  Last Runtime    Last Run
-----------------------------------  -----  ---------  --------  ----------  --------------  -------------------
/opt/airflow/dags/dag_market_eod.py                           1           0  0.40s           2026-09-30T04:21:05
================================================================================
[2026-09-30T04:22:03.774+0000] {manager.py:878} INFO - 
================================================================================
DAG File Processing Stats

File Path                            PID    Runtime      # DAGs    # Errors  Last Runtime    Last Run
-----------------------------------  -----  ---------  --------  ----------  --------------  -------------------
/opt/airflow/dags/dag_market_eod.py                           1           0  0.29s           2026-09-30T04:21:35
================================================================================
[2026-09-30T04:22:31.128+0000] {manager.py:737} INFO - Searching for files in /opt/airflow/dags
[2026-09-30T04:22:31.129+0000] {manager.py:740} INFO - There are 1 files in /opt/airflow/dags
[2026-09-30T04:22:34.142+0000] {manager.py:878} INFO - 
================================================================================
DAG File Processing Stats

File Path                            PID    Runtime      # DAGs    # Errors  Last Runtime    Last Run
-----------------------------------  -----  ---------  --------  ----------  --------------  -------------------
/opt/airflow/dags/dag_market_eod.py                           1           0  0.30s           2026-09-30T04:22:06
================================================================================
[2026-09-30T04:23:04.520+0000] {manager.py:878} INFO - 
================================================================================
DAG File Processing Stats

File Path                            PID    Runtime      # DAGs    # Errors  Last Runtime    Last Run
-----------------------------------  -----  ---------  --------  ----------  --------------  -------------------
/opt/airflow/dags/dag_market_eod.py                           1           0  0.40s           2026-09-30T04:22:36
================================================================================
[2026-09-30T04:23:35.003+0000] {manager.py:878} INFO - 
================================================================================
DAG File Processing Stats

File Path                            PID    Runtime      # DAGs    # Errors  Last Runtime    Last Run
-----------------------------------  -----  ---------  --------  ----------  --------------  -------------------
/opt/airflow/dags/dag_market_eod.py                           1           0  0.41s           2026-09-30T04:23:07
================================================================================
[2026-09-30T04:24:05.502+0000] {manager.py:878} INFO - 
================================================================================
DAG File Processing Stats

File Path                            PID    Runtime      # DAGs    # Errors  Last Runtime    Last Run
-----------------------------------  -----  ---------  --------  ----------  --------------  -------------------
/opt/airflow/dags/dag_market_eod.py                           1           0  0.39s           2026-09-30T04:23:37
================================================================================
[2026-09-30T04:24:35.968+0000] {manager.py:878} INFO - 
================================================================================
DAG File Processing Stats

File Path                            PID    Runtime      # DAGs    # Errors  Last Runtime    Last Run
-----------------------------------  -----  ---------  --------  ----------  --------------  -------------------
/opt/airflow/dags/dag_market_eod.py                           1           0  0.39s           2026-09-30T04:24:08
================================================================================
[2026-09-30T04:25:06.460+0000] {manager.py:878} INFO - 
================================================================================
DAG File Processing Stats

File Path                            PID    Runtime      # DAGs    # Errors  Last Runtime    Last Run
-----------------------------------  -----  ---------  --------  ----------  --------------  -------------------
/opt/airflow/dags/dag_market_eod.py                           1           0  0.29s           2026-09-30T04:24:38
================================================================================
[2026-09-30T04:25:36.818+0000] {manager.py:878} INFO - 
================================================================================
DAG File Processing Stats

File Path                            PID    Runtime      # DAGs    # Errors  Last Runtime    Last Run
-----------------------------------  -----  ---------  --------  ----------  --------------  -------------------
/opt/airflow/dags/dag_market_eod.py                           1           0  0.29s           2026-09-30T04:25:09
================================================================================
[2026-09-30T04:26:07.198+0000] {manager.py:878} INFO - 
================================================================================
DAG File Processing Stats

File Path                            PID    Runtime      # DAGs    # Errors  Last Runtime    Last Run
-----------------------------------  -----  ---------  --------  ----------  --------------  -------------------
/opt/airflow/dags/dag_market_eod.py                           1           0  0.38s           2026-09-30T04:25:39
================================================================================
[2026-09-30T04:26:37.671+0000] {manager.py:878} INFO - 
================================================================================
DAG File Processing Stats

File Path                            PID    Runtime      # DAGs    # Errors  Last Runtime    Last Run
-----------------------------------  -----  ---------  --------  ----------  --------------  -------------------
/opt/airflow/dags/dag_market_eod.py                           1           0  0.39s           2026-09-30T04:26:09
================================================================================
[2026-09-30T04:27:08.148+0000] {manager.py:878} INFO - 
================================================================================
DAG File Processing Stats

File Path                            PID    Runtime      # DAGs    # Errors  Last Runtime    Last Run
-----------------------------------  -----  ---------  --------  ----------  --------------  -------------------
/opt/airflow/dags/dag_market_eod.py                           1           0  0.40s           2026-09-30T04:26:40
================================================================================
[2026-09-30T04:27:31.614+0000] {manager.py:737} INFO - Searching for files in /opt/airflow/dags
[2026-09-30T04:27:31.614+0000] {manager.py:740} INFO - There are 1 files in /opt/airflow/dags
[2026-09-30T04:27:38.638+0000] {manager.py:878} INFO - 
================================================================================
DAG File Processing Stats

File Path                            PID    Runtime      # DAGs    # Errors  Last Runtime    Last Run
-----------------------------------  -----  ---------  --------  ----------  --------------  -------------------
/opt/airflow/dags/dag_market_eod.py                           1           0  0.38s           2026-09-30T04:27:10
================================================================================
[2026-09-30T04:28:09.093+0000] {manager.py:878} INFO - 
================================================================================
DAG File Processing Stats

File Path                            PID    Runtime      # DAGs    # Errors  Last Runtime    Last Run
-----------------------------------  -----  ---------  --------  ----------  --------------  -------------------
/opt/airflow/dags/dag_market_eod.py                           1           0  0.28s           2026-09-30T04:27:41
================================================================================
[2026-09-30T04:28:39.478+0000] {manager.py:878} INFO - 
================================================================================
DAG File Processing Stats

File Path                            PID    Runtime      # DAGs    # Errors  Last Runtime    Last Run
-----------------------------------  -----  ---------  --------  ----------  --------------  -------------------
/opt/airflow/dags/dag_market_eod.py                           1           0  0.29s           2026-09-30T04:28:11
================================================================================
[2026-09-30T04:29:09.844+0000] {manager.py:878} INFO - 
================================================================================
DAG File Processing Stats

File Path                            PID    Runtime      # DAGs    # Errors  Last Runtime    Last Run
-----------------------------------  -----  ---------  --------  ----------  --------------  -------------------
/opt/airflow/dags/dag_market_eod.py                           1           0  0.38s           2026-09-30T04:28:42
================================================================================
[2026-09-30T04:29:40.303+0000] {manager.py:878} INFO - 
================================================================================
DAG File Processing Stats

File Path                            PID    Runtime      # DAGs    # Errors  Last Runtime    Last Run
-----------------------------------  -----  ---------  --------  ----------  --------------  -------------------
/opt/airflow/dags/dag_market_eod.py                           1           0  0.40s           2026-09-30T04:29:12
================================================================================
[2026-09-30T04:30:10.781+0000] {manager.py:878} INFO - 
================================================================================
DAG File Processing Stats

File Path                            PID    Runtime      # DAGs    # Errors  Last Runtime    Last Run
-----------------------------------  -----  ---------  --------  ----------  --------------  -------------------
/opt/airflow/dags/dag_market_eod.py                           1           0  0.40s           2026-09-30T04:29:43
================================================================================
[2026-09-30T04:30:41.254+0000] {manager.py:878} INFO - 
================================================================================
DAG File Processing Stats

File Path                            PID    Runtime      # DAGs    # Errors  Last Runtime    Last Run
-----------------------------------  -----  ---------  --------  ----------  --------------  -------------------
/opt/airflow/dags/dag_market_eod.py                           1           0  0.29s           2026-09-30T04:30:13
================================================================================
[2026-09-30T04:31:11.641+0000] {manager.py:878} INFO - 
================================================================================
DAG File Processing Stats

File Path                            PID    Runtime      # DAGs    # Errors  Last Runtime    Last Run
-----------------------------------  -----  ---------  --------  ----------  --------------  -------------------
/opt/airflow/dags/dag_market_eod.py                           1           0  0.29s           2026-09-30T04:30:43
================================================================================
[2026-09-30T04:31:42.007+0000] {manager.py:878} INFO - 
================================================================================
DAG File Processing Stats

File Path                            PID    Runtime      # DAGs    # Errors  Last Runtime    Last Run
-----------------------------------  -----  ---------  --------  ----------  --------------  -------------------
/opt/airflow/dags/dag_market_eod.py                           1           0  0.30s           2026-09-30T04:31:14
================================================================================
[2026-09-30T04:32:12.394+0000] {manager.py:878} INFO - 
================================================================================
DAG File Processing Stats

File Path                            PID    Runtime      # DAGs    # Errors  Last Runtime    Last Run
-----------------------------------  -----  ---------  --------  ----------  --------------  -------------------
/opt/airflow/dags/dag_market_eod.py                           1           0  0.40s           2026-09-30T04:31:44
================================================================================
[2026-09-30T04:32:31.836+0000] {manager.py:737} INFO - Searching for files in /opt/airflow/dags
[2026-09-30T04:32:31.836+0000] {manager.py:740} INFO - There are 1 files in /opt/airflow/dags
[2026-09-30T04:32:42.872+0000] {manager.py:878} INFO - 
================================================================================
DAG File Processing Stats

File Path                            PID    Runtime      # DAGs    # Errors  Last Runtime    Last Run
-----------------------------------  -----  ---------  --------  ----------  --------------  -------------------
/opt/airflow/dags/dag_market_eod.py                           1           0  0.39s           2026-09-30T04:32:15
================================================================================
[2026-09-30T04:33:13.341+0000] {manager.py:878} INFO - 
================================================================================
DAG File Processing Stats

File Path                            PID    Runtime      # DAGs    # Errors  Last Runtime    Last Run
-----------------------------------  -----  ---------  --------  ----------  --------------  -------------------
/opt/airflow/dags/dag_market_eod.py                           1           0  0.39s           2026-09-30T04:32:45
================================================================================
[2026-09-30T04:33:43.814+0000] {manager.py:878} INFO - 
================================================================================
DAG File Processing Stats

File Path                            PID    Runtime      # DAGs    # Errors  Last Runtime    Last Run
-----------------------------------  -----  ---------  --------  ----------  --------------  -------------------
/opt/airflow/dags/dag_market_eod.py                           1           0  0.29s           2026-09-30T04:33:16
================================================================================
[2026-09-30T04:34:14.186+0000] {manager.py:878} INFO - 
================================================================================
DAG File Processing Stats

File Path                            PID    Runtime      # DAGs    # Errors  Last Runtime    Last Run
-----------------------------------  -----  ---------  --------  ----------  --------------  -------------------
/opt/airflow/dags/dag_market_eod.py                           1           0  0.29s           2026-09-30T04:33:46
================================================================================
[2026-09-30T04:34:44.561+0000] {manager.py:878} INFO - 
================================================================================
DAG File Processing Stats

File Path                            PID    Runtime      # DAGs    # Errors  Last Runtime    Last Run
-----------------------------------  -----  ---------  --------  ----------  --------------  -------------------
/opt/airflow/dags/dag_market_eod.py                           1           0  0.30s           2026-09-30T04:34:16
================================================================================
[2026-09-30T04:35:14.925+0000] {manager.py:878} INFO - 
================================================================================
DAG File Processing Stats

File Path                            PID    Runtime      # DAGs    # Errors  Last Runtime    Last Run
-----------------------------------  -----  ---------  --------  ----------  --------------  -------------------
/opt/airflow/dags/dag_market_eod.py                           1           0  0.37s           2026-09-30T04:34:47
================================================================================
[2026-09-30T04:35:45.378+0000] {manager.py:878} INFO - 
================================================================================
DAG File Processing Stats

File Path                            PID    Runtime      # DAGs    # Errors  Last Runtime    Last Run
-----------------------------------  -----  ---------  --------  ----------  --------------  -------------------
/opt/airflow/dags/dag_market_eod.py                           1           0  0.41s           2026-09-30T04:35:17
================================================================================
[2026-09-30T04:36:15.869+0000] {manager.py:878} INFO - 
================================================================================
DAG File Processing Stats

File Path                            PID    Runtime      # DAGs    # Errors  Last Runtime    Last Run
-----------------------------------  -----  ---------  --------  ----------  --------------  -------------------
/opt/airflow/dags/dag_market_eod.py                           1           0  0.41s           2026-09-30T04:35:48
================================================================================
[2026-09-30T04:36:46.363+0000] {manager.py:878} INFO - 
================================================================================
DAG File Processing Stats

File Path                            PID    Runtime      # DAGs    # Errors  Last Runtime    Last Run
-----------------------------------  -----  ---------  --------  ----------  --------------  -------------------
/opt/airflow/dags/dag_market_eod.py                           1           0  0.29s           2026-09-30T04:36:18
================================================================================
[2026-09-30T04:37:16.719+0000] {manager.py:878} INFO - 
================================================================================
DAG File Processing Stats

File Path                            PID    Runtime      # DAGs    # Errors  Last Runtime    Last Run
-----------------------------------  -----  ---------  --------  ----------  --------------  -------------------
/opt/airflow/dags/dag_market_eod.py                           1           0  0.30s           2026-09-30T04:36:48
================================================================================
[2026-09-30T04:37:32.065+0000] {manager.py:737} INFO - Searching for files in /opt/airflow/dags
[2026-09-30T04:37:32.065+0000] {manager.py:740} INFO - There are 1 files in /opt/airflow/dags
[2026-09-30T04:37:47.117+0000] {manager.py:878} INFO - 
================================================================================
DAG File Processing Stats

File Path                            PID    Runtime      # DAGs    # Errors  Last Runtime    Last Run
-----------------------------------  -----  ---------  --------  ----------  --------------  -------------------
/opt/airflow/dags/dag_market_eod.py                           1           0  0.29s           2026-09-30T04:37:19
================================================================================
[2026-09-30T04:38:17.460+0000] {manager.py:878} INFO - 
================================================================================
DAG File Processing Stats

File Path                            PID    Runtime      # DAGs    # Errors  Last Runtime    Last Run
-----------------------------------  -----  ---------  --------  ----------  --------------  -------------------
/opt/airflow/dags/dag_market_eod.py                           1           0  0.39s           2026-09-30T04:37:49
================================================================================
[2026-09-30T04:38:47.938+0000] {manager.py:878} INFO - 
================================================================================
DAG File Processing Stats

File Path                            PID    Runtime      # DAGs    # Errors  Last Runtime    Last Run
-----------------------------------  -----  ---------  --------  ----------  --------------  -------------------
/opt/airflow/dags/dag_market_eod.py                           1           0  0.39s           2026-09-30T04:38:20
================================================================================
[2026-09-30T04:39:18.394+0000] {manager.py:878} INFO - 
================================================================================
DAG File Processing Stats

File Path                            PID    Runtime      # DAGs    # Errors  Last Runtime    Last Run
-----------------------------------  -----  ---------  --------  ----------  --------------  -------------------
/opt/airflow/dags/dag_market_eod.py                           1           0  0.39s           2026-09-30T04:38:50
================================================================================
[2026-09-30T04:39:48.875+0000] {manager.py:878} INFO - 
================================================================================
DAG File Processing Stats

File Path                            PID    Runtime      # DAGs    # Errors  Last Runtime    Last Run
-----------------------------------  -----  ---------  --------  ----------  --------------  -------------------
/opt/airflow/dags/dag_market_eod.py                           1           0  0.29s           2026-09-30T04:39:21
================================================================================
[2026-09-30T04:40:19.239+0000] {manager.py:878} INFO - 
================================================================================
DAG File Processing Stats

File Path                            PID    Runtime      # DAGs    # Errors  Last Runtime    Last Run
-----------------------------------  -----  ---------  --------  ----------  --------------  -------------------
/opt/airflow/dags/dag_market_eod.py                           1           0  0.29s           2026-09-30T04:39:51
================================================================================
[2026-09-30T04:40:49.601+0000] {manager.py:878} INFO - 
================================================================================
DAG File Processing Stats

File Path                            PID    Runtime      # DAGs    # Errors  Last Runtime    Last Run
-----------------------------------  -----  ---------  --------  ----------  --------------  -------------------
/opt/airflow/dags/dag_market_eod.py                           1           0  0.38s           2026-09-30T04:40:21
================================================================================
[2026-09-30T04:41:20.064+0000] {manager.py:878} INFO - 
================================================================================
DAG File Processing Stats

File Path                            PID    Runtime      # DAGs    # Errors  Last Runtime    Last Run
-----------------------------------  -----  ---------  --------  ----------  --------------  -------------------
/opt/airflow/dags/dag_market_eod.py                           1           0  0.41s           2026-09-30T04:40:52
================================================================================
[2026-09-30T04:41:50.554+0000] {manager.py:878} INFO - 
================================================================================
DAG File Processing Stats

File Path                            PID    Runtime      # DAGs    # Errors  Last Runtime    Last Run
-----------------------------------  -----  ---------  --------  ----------  --------------  -------------------
/opt/airflow/dags/dag_market_eod.py                           1           0  0.39s           2026-09-30T04:41:22
================================================================================
[2026-09-30T04:42:21.026+0000] {manager.py:878} INFO - 
================================================================================
DAG File Processing Stats

File Path                            PID    Runtime      # DAGs    # Errors  Last Runtime    Last Run
-----------------------------------  -----  ---------  --------  ----------  --------------  -------------------
/opt/airflow/dags/dag_market_eod.py                           1           0  0.39s           2026-09-30T04:41:53
================================================================================
[2026-09-30T04:42:32.434+0000] {manager.py:737} INFO - Searching for files in /opt/airflow/dags
[2026-09-30T04:42:32.434+0000] {manager.py:740} INFO - There are 1 files in /opt/airflow/dags
[2026-09-30T04:42:51.500+0000] {manager.py:878} INFO - 
================================================================================
DAG File Processing Stats

File Path                            PID    Runtime      # DAGs    # Errors  Last Runtime    Last Run
-----------------------------------  -----  ---------  --------  ----------  --------------  -------------------
/opt/airflow/dags/dag_market_eod.py                           1           0  0.29s           2026-09-30T04:42:23
================================================================================
[2026-09-30T04:43:21.848+0000] {manager.py:878} INFO - 
================================================================================
DAG File Processing Stats

File Path                            PID    Runtime      # DAGs    # Errors  Last Runtime    Last Run
-----------------------------------  -----  ---------  --------  ----------  --------------  -------------------
/opt/airflow/dags/dag_market_eod.py                           1           0  0.30s           2026-09-30T04:42:54
================================================================================
[2026-09-30T04:43:52.220+0000] {manager.py:878} INFO - 
================================================================================
DAG File Processing Stats

File Path                            PID    Runtime      # DAGs    # Errors  Last Runtime    Last Run
-----------------------------------  -----  ---------  --------  ----------  --------------  -------------------
/opt/airflow/dags/dag_market_eod.py                           1           0  0.41s           2026-09-30T04:43:24
================================================================================
[2026-09-30T04:44:22.727+0000] {manager.py:878} INFO - 
================================================================================
DAG File Processing Stats

File Path                            PID    Runtime      # DAGs    # Errors  Last Runtime    Last Run
-----------------------------------  -----  ---------  --------  ----------  --------------  -------------------
/opt/airflow/dags/dag_market_eod.py                           1           0  0.38s           2026-09-30T04:43:55
================================================================================
[2026-09-30T04:44:53.176+0000] {manager.py:878} INFO - 
================================================================================
DAG File Processing Stats

File Path                            PID    Runtime      # DAGs    # Errors  Last Runtime    Last Run
-----------------------------------  -----  ---------  --------  ----------  --------------  -------------------
/opt/airflow/dags/dag_market_eod.py                           1           0  0.38s           2026-09-30T04:44:25
================================================================================
[2026-09-30T04:45:23.638+0000] {manager.py:878} INFO - 
================================================================================
DAG File Processing Stats

File Path                            PID    Runtime      # DAGs    # Errors  Last Runtime    Last Run
-----------------------------------  -----  ---------  --------  ----------  --------------  -------------------
/opt/airflow/dags/dag_market_eod.py                           1           0  0.39s           2026-09-30T04:44:55
================================================================================
[2026-09-30T04:45:54.128+0000] {manager.py:878} INFO - 
================================================================================
DAG File Processing Stats

File Path                            PID    Runtime      # DAGs    # Errors  Last Runtime    Last Run
-----------------------------------  -----  ---------  --------  ----------  --------------  -------------------
/opt/airflow/dags/dag_market_eod.py                           1           0  0.28s           2026-09-30T04:45:26
================================================================================
[2026-09-30T04:46:24.492+0000] {manager.py:878} INFO - 
================================================================================
DAG File Processing Stats

File Path                            PID    Runtime      # DAGs    # Errors  Last Runtime    Last Run
-----------------------------------  -----  ---------  --------  ----------  --------------  -------------------
/opt/airflow/dags/dag_market_eod.py                           1           0  0.30s           2026-09-30T04:45:56
================================================================================
[2026-09-30T04:46:54.871+0000] {manager.py:878} INFO - 
================================================================================
DAG File Processing Stats

File Path                            PID    Runtime      # DAGs    # Errors  Last Runtime    Last Run
-----------------------------------  -----  ---------  --------  ----------  --------------  -------------------
/opt/airflow/dags/dag_market_eod.py                           1           0  0.38s           2026-09-30T04:46:27
================================================================================
[2026-09-30T04:47:25.327+0000] {manager.py:878} INFO - 
================================================================================
DAG File Processing Stats

File Path                            PID    Runtime      # DAGs    # Errors  Last Runtime    Last Run
-----------------------------------  -----  ---------  --------  ----------  --------------  -------------------
/opt/airflow/dags/dag_market_eod.py                           1           0  0.38s           2026-09-30T04:46:57
================================================================================
[2026-09-30T04:47:32.710+0000] {manager.py:737} INFO - Searching for files in /opt/airflow/dags
[2026-09-30T04:47:32.711+0000] {manager.py:740} INFO - There are 1 files in /opt/airflow/dags
[2026-09-30T04:47:55.788+0000] {manager.py:878} INFO - 
================================================================================
DAG File Processing Stats

File Path                            PID    Runtime      # DAGs    # Errors  Last Runtime    Last Run
-----------------------------------  -----  ---------  --------  ----------  --------------  -------------------
/opt/airflow/dags/dag_market_eod.py                           1           0  0.39s           2026-09-30T04:47:28
================================================================================
[2026-09-30T04:48:26.242+0000] {manager.py:878} INFO - 
================================================================================
DAG File Processing Stats

File Path                            PID    Runtime      # DAGs    # Errors  Last Runtime    Last Run
-----------------------------------  -----  ---------  --------  ----------  --------------  -------------------
/opt/airflow/dags/dag_market_eod.py                           1           0  0.30s           2026-09-30T04:47:58
================================================================================
[2026-09-30T04:48:56.627+0000] {manager.py:878} INFO - 
================================================================================
DAG File Processing Stats

File Path                            PID    Runtime      # DAGs    # Errors  Last Runtime    Last Run
-----------------------------------  -----  ---------  --------  ----------  --------------  -------------------
/opt/airflow/dags/dag_market_eod.py                           1           0  0.30s           2026-09-30T04:48:28
================================================================================
[2026-09-30T04:49:27.021+0000] {manager.py:878} INFO - 
================================================================================
DAG File Processing Stats

File Path                            PID    Runtime      # DAGs    # Errors  Last Runtime    Last Run
-----------------------------------  -----  ---------  --------  ----------  --------------  -------------------
/opt/airflow/dags/dag_market_eod.py                           1           0  0.29s           2026-09-30T04:48:59
================================================================================
[2026-09-30T04:49:57.383+0000] {manager.py:878} INFO - 
================================================================================
DAG File Processing Stats

File Path                            PID    Runtime      # DAGs    # Errors  Last Runtime    Last Run
-----------------------------------  -----  ---------  --------  ----------  --------------  -------------------
/opt/airflow/dags/dag_market_eod.py                           1           0  0.39s           2026-09-30T04:49:29
================================================================================
[2026-09-30T04:50:27.840+0000] {manager.py:878} INFO - 
================================================================================
DAG File Processing Stats

File Path                            PID    Runtime      # DAGs    # Errors  Last Runtime    Last Run
-----------------------------------  -----  ---------  --------  ----------  --------------  -------------------
/opt/airflow/dags/dag_market_eod.py                           1           0  0.38s           2026-09-30T04:50:00
================================================================================
[2026-09-30T04:50:58.323+0000] {manager.py:878} INFO - 
================================================================================
DAG File Processing Stats

File Path                            PID    Runtime      # DAGs    # Errors  Last Runtime    Last Run
-----------------------------------  -----  ---------  --------  ----------  --------------  -------------------
/opt/airflow/dags/dag_market_eod.py                           1           0  0.40s           2026-09-30T04:50:30
================================================================================
[2026-09-30T04:51:28.803+0000] {manager.py:878} INFO - 
================================================================================
DAG File Processing Stats

File Path                            PID    Runtime      # DAGs    # Errors  Last Runtime    Last Run
-----------------------------------  -----  ---------  --------  ----------  --------------  -------------------
/opt/airflow/dags/dag_market_eod.py                           1           0  0.29s           2026-09-30T04:51:00
================================================================================
[2026-09-30T04:51:59.171+0000] {manager.py:878} INFO - 
================================================================================
DAG File Processing Stats

File Path                            PID    Runtime      # DAGs    # Errors  Last Runtime    Last Run
-----------------------------------  -----  ---------  --------  ----------  --------------  -------------------
/opt/airflow/dags/dag_market_eod.py                           1           0  0.30s           2026-09-30T04:51:31
================================================================================
[2026-09-30T04:52:29.546+0000] {manager.py:878} INFO - 
================================================================================
DAG File Processing Stats

File Path                            PID    Runtime      # DAGs    # Errors  Last Runtime    Last Run
-----------------------------------  -----  ---------  --------  ----------  --------------  -------------------
/opt/airflow/dags/dag_market_eod.py                           1           0  0.29s           2026-09-30T04:52:01
================================================================================
[2026-09-30T04:52:32.842+0000] {manager.py:737} INFO - Searching for files in /opt/airflow/dags
[2026-09-30T04:52:32.843+0000] {manager.py:740} INFO - There are 1 files in /opt/airflow/dags
[2026-09-30T04:52:59.925+0000] {manager.py:878} INFO - 
================================================================================
DAG File Processing Stats

File Path                            PID    Runtime      # DAGs    # Errors  Last Runtime    Last Run
-----------------------------------  -----  ---------  --------  ----------  --------------  -------------------
/opt/airflow/dags/dag_market_eod.py                           1           0  0.39s           2026-09-30T04:52:32
================================================================================
[2026-09-30T04:53:30.400+0000] {manager.py:878} INFO - 
================================================================================
DAG File Processing Stats

File Path                            PID    Runtime      # DAGs    # Errors  Last Runtime    Last Run
-----------------------------------  -----  ---------  --------  ----------  --------------  -------------------
/opt/airflow/dags/dag_market_eod.py                           1           0  0.38s           2026-09-30T04:53:02
================================================================================
[2026-09-30T04:54:00.855+0000] {manager.py:878} INFO - 
================================================================================
DAG File Processing Stats

File Path                            PID    Runtime      # DAGs    # Errors  Last Runtime    Last Run
-----------------------------------  -----  ---------  --------  ----------  --------------  -------------------
/opt/airflow/dags/dag_market_eod.py                           1           0  0.38s           2026-09-30T04:53:33
================================================================================
[2026-09-30T04:54:31.327+0000] {manager.py:878} INFO - 
================================================================================
DAG File Processing Stats

File Path                            PID    Runtime      # DAGs    # Errors  Last Runtime    Last Run
-----------------------------------  -----  ---------  --------  ----------  --------------  -------------------
/opt/airflow/dags/dag_market_eod.py                           1           0  0.38s           2026-09-30T04:54:03
================================================================================
[2026-09-30T04:55:01.785+0000] {manager.py:878} INFO - 
================================================================================
DAG File Processing Stats

File Path                            PID    Runtime      # DAGs    # Errors  Last Runtime    Last Run
-----------------------------------  -----  ---------  --------  ----------  --------------  -------------------
/opt/airflow/dags/dag_market_eod.py                           1           0  0.29s           2026-09-30T04:54:33
================================================================================
[2026-09-30T04:55:32.160+0000] {manager.py:878} INFO - 
================================================================================
DAG File Processing Stats

File Path                            PID    Runtime      # DAGs    # Errors  Last Runtime    Last Run
-----------------------------------  -----  ---------  --------  ----------  --------------  -------------------
/opt/airflow/dags/dag_market_eod.py                           1           0  0.29s           2026-09-30T04:55:04
================================================================================
[2026-09-30T04:56:02.525+0000] {manager.py:878} INFO - 
================================================================================
DAG File Processing Stats

File Path                            PID    Runtime      # DAGs    # Errors  Last Runtime    Last Run
-----------------------------------  -----  ---------  --------  ----------  --------------  -------------------
/opt/airflow/dags/dag_market_eod.py                           1           0  0.37s           2026-09-30T04:55:34
================================================================================
[2026-09-30T04:56:32.996+0000] {manager.py:878} INFO - 
================================================================================
DAG File Processing Stats

File Path                            PID    Runtime      # DAGs    # Errors  Last Runtime    Last Run
-----------------------------------  -----  ---------  --------  ----------  --------------  -------------------
/opt/airflow/dags/dag_market_eod.py                           1           0  0.38s           2026-09-30T04:56:05
================================================================================
[2026-09-30T04:57:03.453+0000] {manager.py:878} INFO - 
================================================================================
DAG File Processing Stats

File Path                            PID    Runtime      # DAGs    # Errors  Last Runtime    Last Run
-----------------------------------  -----  ---------  --------  ----------  --------------  -------------------
/opt/airflow/dags/dag_market_eod.py                           1           0  0.39s           2026-09-30T04:56:35
================================================================================
[2026-09-30T04:57:32.907+0000] {manager.py:737} INFO - Searching for files in /opt/airflow/dags
[2026-09-30T04:57:32.907+0000] {manager.py:740} INFO - There are 1 files in /opt/airflow/dags
[2026-09-30T04:57:33.914+0000] {manager.py:878} INFO - 
================================================================================
DAG File Processing Stats

File Path                            PID    Runtime      # DAGs    # Errors  Last Runtime    Last Run
-----------------------------------  -----  ---------  --------  ----------  --------------  -------------------
/opt/airflow/dags/dag_market_eod.py                           1           0  0.39s           2026-09-30T04:57:06
================================================================================
[2026-09-30T04:58:04.379+0000] {manager.py:878} INFO - 
================================================================================
DAG File Processing Stats

File Path                            PID    Runtime      # DAGs    # Errors  Last Runtime    Last Run
-----------------------------------  -----  ---------  --------  ----------  --------------  -------------------
/opt/airflow/dags/dag_market_eod.py                           1           0  0.31s           2026-09-30T04:57:36
================================================================================
[2026-09-30T04:58:34.751+0000] {manager.py:878} INFO - 
================================================================================
DAG File Processing Stats

File Path                            PID    Runtime      # DAGs    # Errors  Last Runtime    Last Run
-----------------------------------  -----  ---------  --------  ----------  --------------  -------------------
/opt/airflow/dags/dag_market_eod.py                           1           0  0.40s           2026-09-30T04:58:07
================================================================================
[2026-09-30T04:59:05.226+0000] {manager.py:878} INFO - 
================================================================================
DAG File Processing Stats

File Path                            PID    Runtime      # DAGs    # Errors  Last Runtime    Last Run
-----------------------------------  -----  ---------  --------  ----------  --------------  -------------------
/opt/airflow/dags/dag_market_eod.py                           1           0  0.39s           2026-09-30T04:58:37
================================================================================
[2026-09-30T04:59:35.691+0000] {manager.py:878} INFO - 
================================================================================
DAG File Processing Stats

File Path                            PID    Runtime      # DAGs    # Errors  Last Runtime    Last Run
-----------------------------------  -----  ---------  --------  ----------  --------------  -------------------
/opt/airflow/dags/dag_market_eod.py                           1           0  0.42s           2026-09-30T04:59:08
================================================================================
[2026-09-30T05:00:06.184+0000] {manager.py:878} INFO - 
================================================================================
DAG File Processing Stats

File Path                            PID    Runtime      # DAGs    # Errors  Last Runtime    Last Run
-----------------------------------  -----  ---------  --------  ----------  --------------  -------------------
/opt/airflow/dags/dag_market_eod.py                           1           0  0.39s           2026-09-30T04:59:38
================================================================================
[2026-09-30T05:00:36.658+0000] {manager.py:878} INFO - 
================================================================================
DAG File Processing Stats

File Path                            PID    Runtime      # DAGs    # Errors  Last Runtime    Last Run
-----------------------------------  -----  ---------  --------  ----------  --------------  -------------------
/opt/airflow/dags/dag_market_eod.py                           1           0  0.30s           2026-09-30T05:00:08
================================================================================
[2026-09-30T05:01:07.021+0000] {manager.py:878} INFO - 
================================================================================
DAG File Processing Stats

File Path                            PID    Runtime      # DAGs    # Errors  Last Runtime    Last Run
-----------------------------------  -----  ---------  --------  ----------  --------------  -------------------
/opt/airflow/dags/dag_market_eod.py                           1           0  0.29s           2026-09-30T05:00:39
================================================================================
[2026-09-30T05:01:37.383+0000] {manager.py:878} INFO - 
================================================================================
DAG File Processing Stats

File Path                            PID    Runtime      # DAGs    # Errors  Last Runtime    Last Run
-----------------------------------  -----  ---------  --------  ----------  --------------  -------------------
/opt/airflow/dags/dag_market_eod.py                           1           0  0.40s           2026-09-30T05:01:09
================================================================================
[2026-09-30T05:02:07.864+0000] {manager.py:878} INFO - 
================================================================================
DAG File Processing Stats

File Path                            PID    Runtime      # DAGs    # Errors  Last Runtime    Last Run
-----------------------------------  -----  ---------  --------  ----------  --------------  -------------------
/opt/airflow/dags/dag_market_eod.py                           1           0  0.40s           2026-09-30T05:01:40
================================================================================
[2026-09-30T05:02:33.334+0000] {manager.py:737} INFO - Searching for files in /opt/airflow/dags
[2026-09-30T05:02:33.334+0000] {manager.py:740} INFO - There are 1 files in /opt/airflow/dags
[2026-09-30T05:02:38.351+0000] {manager.py:878} INFO - 
================================================================================
DAG File Processing Stats

File Path                            PID    Runtime      # DAGs    # Errors  Last Runtime    Last Run
-----------------------------------  -----  ---------  --------  ----------  --------------  -------------------
/opt/airflow/dags/dag_market_eod.py                           1           0  0.41s           2026-09-30T05:02:10
================================================================================
[2026-09-30T05:03:08.838+0000] {manager.py:878} INFO - 
================================================================================
DAG File Processing Stats

File Path                            PID    Runtime      # DAGs    # Errors  Last Runtime    Last Run
-----------------------------------  -----  ---------  --------  ----------  --------------  -------------------
/opt/airflow/dags/dag_market_eod.py                           1           0  0.42s           2026-09-30T05:02:41
================================================================================
[2026-09-30T05:03:39.333+0000] {manager.py:878} INFO - 
================================================================================
DAG File Processing Stats

File Path                            PID    Runtime      # DAGs    # Errors  Last Runtime    Last Run
-----------------------------------  -----  ---------  --------  ----------  --------------  -------------------
/opt/airflow/dags/dag_market_eod.py                           1           0  0.31s           2026-09-30T05:03:11
================================================================================
[2026-09-30T05:04:09.704+0000] {manager.py:878} INFO - 
================================================================================
DAG File Processing Stats

File Path                            PID    Runtime      # DAGs    # Errors  Last Runtime    Last Run
-----------------------------------  -----  ---------  --------  ----------  --------------  -------------------
/opt/airflow/dags/dag_market_eod.py                           1           0  0.31s           2026-09-30T05:03:41
================================================================================
[2026-09-30T05:04:40.086+0000] {manager.py:878} INFO - 
================================================================================
DAG File Processing Stats

File Path                            PID    Runtime      # DAGs    # Errors  Last Runtime    Last Run
-----------------------------------  -----  ---------  --------  ----------  --------------  -------------------
/opt/airflow/dags/dag_market_eod.py                           1           0  0.39s           2026-09-30T05:04:12
================================================================================
[2026-09-30T05:05:10.552+0000] {manager.py:878} INFO - 
================================================================================
DAG File Processing Stats

File Path                            PID    Runtime      # DAGs    # Errors  Last Runtime    Last Run
-----------------------------------  -----  ---------  --------  ----------  --------------  -------------------
/opt/airflow/dags/dag_market_eod.py                           1           0  0.40s           2026-09-30T05:04:42
================================================================================
[2026-09-30T05:05:41.028+0000] {manager.py:878} INFO - 
================================================================================
DAG File Processing Stats

File Path                            PID    Runtime      # DAGs    # Errors  Last Runtime    Last Run
-----------------------------------  -----  ---------  --------  ----------  --------------  -------------------
/opt/airflow/dags/dag_market_eod.py                           1           0  0.41s           2026-09-30T05:05:13
================================================================================
[2026-09-30T05:06:11.512+0000] {manager.py:878} INFO - 
================================================================================
DAG File Processing Stats

File Path                            PID    Runtime      # DAGs    # Errors  Last Runtime    Last Run
-----------------------------------  -----  ---------  --------  ----------  --------------  -------------------
/opt/airflow/dags/dag_market_eod.py                           1           0  0.40s           2026-09-30T05:05:43
================================================================================
[2026-09-30T05:06:42.000+0000] {manager.py:878} INFO - 
================================================================================
DAG File Processing Stats

File Path                            PID    Runtime      # DAGs    # Errors  Last Runtime    Last Run
-----------------------------------  -----  ---------  --------  ----------  --------------  -------------------
/opt/airflow/dags/dag_market_eod.py                           1           0  0.30s           2026-09-30T05:06:14
================================================================================
[2026-09-30T05:07:12.364+0000] {manager.py:878} INFO - 
================================================================================
DAG File Processing Stats

File Path                            PID    Runtime      # DAGs    # Errors  Last Runtime    Last Run
-----------------------------------  -----  ---------  --------  ----------  --------------  -------------------
/opt/airflow/dags/dag_market_eod.py                           1           0  0.31s           2026-09-30T05:06:44
================================================================================
[2026-09-30T05:07:33.727+0000] {manager.py:737} INFO - Searching for files in /opt/airflow/dags
[2026-09-30T05:07:33.727+0000] {manager.py:740} INFO - There are 1 files in /opt/airflow/dags
[2026-09-30T05:07:42.754+0000] {manager.py:878} INFO - 
================================================================================
DAG File Processing Stats

File Path                            PID    Runtime      # DAGs    # Errors  Last Runtime    Last Run
-----------------------------------  -----  ---------  --------  ----------  --------------  -------------------
/opt/airflow/dags/dag_market_eod.py                           1           0  0.41s           2026-09-30T05:07:15
================================================================================
[2026-09-30T05:08:13.237+0000] {manager.py:878} INFO - 
================================================================================
DAG File Processing Stats

File Path                            PID    Runtime      # DAGs    # Errors  Last Runtime    Last Run
-----------------------------------  -----  ---------  --------  ----------  --------------  -------------------
/opt/airflow/dags/dag_market_eod.py                           1           0  0.41s           2026-09-30T05:07:45
================================================================================
[2026-09-30T05:08:43.726+0000] {manager.py:878} INFO - 
================================================================================
DAG File Processing Stats

File Path                            PID    Runtime      # DAGs    # Errors  Last Runtime    Last Run
-----------------------------------  -----  ---------  --------  ----------  --------------  -------------------
/opt/airflow/dags/dag_market_eod.py                           1           0  0.41s           2026-09-30T05:08:16
================================================================================
[2026-09-30T05:09:14.209+0000] {manager.py:878} INFO - 
================================================================================
DAG File Processing Stats

File Path                            PID    Runtime      # DAGs    # Errors  Last Runtime    Last Run
-----------------------------------  -----  ---------  --------  ----------  --------------  -------------------
/opt/airflow/dags/dag_market_eod.py                           1           0  0.40s           2026-09-30T05:08:46
================================================================================
[2026-09-30T05:09:44.685+0000] {manager.py:878} INFO - 
================================================================================
DAG File Processing Stats

File Path                            PID    Runtime      # DAGs    # Errors  Last Runtime    Last Run
-----------------------------------  -----  ---------  --------  ----------  --------------  -------------------
/opt/airflow/dags/dag_market_eod.py                           1           0  0.30s           2026-09-30T05:09:16
================================================================================
[2026-09-30T05:10:15.061+0000] {manager.py:878} INFO - 
================================================================================
DAG File Processing Stats

File Path                            PID    Runtime      # DAGs    # Errors  Last Runtime    Last Run
-----------------------------------  -----  ---------  --------  ----------  --------------  -------------------
/opt/airflow/dags/dag_market_eod.py                           1           0  0.29s           2026-09-30T05:09:47
================================================================================
[2026-09-30T05:10:45.406+0000] {manager.py:878} INFO - 
================================================================================
DAG File Processing Stats

File Path                            PID    Runtime      # DAGs    # Errors  Last Runtime    Last Run
-----------------------------------  -----  ---------  --------  ----------  --------------  -------------------
/opt/airflow/dags/dag_market_eod.py                           1           0  0.40s           2026-09-30T05:10:17
================================================================================
[2026-09-30T05:11:15.887+0000] {manager.py:878} INFO - 
================================================================================
DAG File Processing Stats

File Path                            PID    Runtime      # DAGs    # Errors  Last Runtime    Last Run
-----------------------------------  -----  ---------  --------  ----------  --------------  -------------------
/opt/airflow/dags/dag_market_eod.py                           1           0  0.40s           2026-09-30T05:10:48
================================================================================
[2026-09-30T05:11:46.351+0000] {manager.py:878} INFO - 
================================================================================
DAG File Processing Stats

File Path                            PID    Runtime      # DAGs    # Errors  Last Runtime    Last Run
-----------------------------------  -----  ---------  --------  ----------  --------------  -------------------
/opt/airflow/dags/dag_market_eod.py                           1           0  0.40s           2026-09-30T05:11:18
================================================================================
[2026-09-30T05:12:16.821+0000] {manager.py:878} INFO - 
================================================================================
DAG File Processing Stats

File Path                            PID    Runtime      # DAGs    # Errors  Last Runtime    Last Run
-----------------------------------  -----  ---------  --------  ----------  --------------  -------------------
/opt/airflow/dags/dag_market_eod.py                           1           0  0.40s           2026-09-30T05:11:49
================================================================================
[2026-09-30T05:12:34.268+0000] {manager.py:737} INFO - Searching for files in /opt/airflow/dags
[2026-09-30T05:12:34.268+0000] {manager.py:740} INFO - There are 1 files in /opt/airflow/dags
[2026-09-30T05:12:47.306+0000] {manager.py:878} INFO - 
================================================================================
DAG File Processing Stats

File Path                            PID    Runtime      # DAGs    # Errors  Last Runtime    Last Run
-----------------------------------  -----  ---------  --------  ----------  --------------  -------------------
/opt/airflow/dags/dag_market_eod.py                           1           0  0.30s           2026-09-30T05:12:19
================================================================================
[2026-09-30T05:13:17.671+0000] {manager.py:878} INFO - 
================================================================================
DAG File Processing Stats

File Path                            PID    Runtime      # DAGs    # Errors  Last Runtime    Last Run
-----------------------------------  -----  ---------  --------  ----------  --------------  -------------------
/opt/airflow/dags/dag_market_eod.py                           1           0  0.29s           2026-09-30T05:12:49
================================================================================
[2026-09-30T05:13:48.040+0000] {manager.py:878} INFO - 
================================================================================
DAG File Processing Stats

File Path                            PID    Runtime      # DAGs    # Errors  Last Runtime    Last Run
-----------------------------------  -----  ---------  --------  ----------  --------------  -------------------
/opt/airflow/dags/dag_market_eod.py                           1           0  0.39s           2026-09-30T05:13:20
================================================================================
[2026-09-30T05:14:18.514+0000] {manager.py:878} INFO - 
================================================================================
DAG File Processing Stats

File Path                            PID    Runtime      # DAGs    # Errors  Last Runtime    Last Run
-----------------------------------  -----  ---------  --------  ----------  --------------  -------------------
/opt/airflow/dags/dag_market_eod.py                           1           0  0.39s           2026-09-30T05:13:50
================================================================================
[2026-09-30T05:14:48.990+0000] {manager.py:878} INFO - 
================================================================================
DAG File Processing Stats

File Path                            PID    Runtime      # DAGs    # Errors  Last Runtime    Last Run
-----------------------------------  -----  ---------  --------  ----------  --------------  -------------------
/opt/airflow/dags/dag_market_eod.py                           1           0  0.42s           2026-09-30T05:14:21
================================================================================
[2026-09-30T05:15:19.476+0000] {manager.py:878} INFO - 
================================================================================
DAG File Processing Stats

File Path                            PID    Runtime      # DAGs    # Errors  Last Runtime    Last Run
-----------------------------------  -----  ---------  --------  ----------  --------------  -------------------
/opt/airflow/dags/dag_market_eod.py                           1           0  0.41s           2026-09-30T05:14:51
================================================================================
[2026-09-30T05:15:49.962+0000] {manager.py:878} INFO - 
================================================================================
DAG File Processing Stats

File Path                            PID    Runtime      # DAGs    # Errors  Last Runtime    Last Run
-----------------------------------  -----  ---------  --------  ----------  --------------  -------------------
/opt/airflow/dags/dag_market_eod.py                           1           0  0.30s           2026-09-30T05:15:22
================================================================================
[2026-09-30T05:16:20.327+0000] {manager.py:878} INFO - 
================================================================================
DAG File Processing Stats

File Path                            PID    Runtime      # DAGs    # Errors  Last Runtime    Last Run
-----------------------------------  -----  ---------  --------  ----------  --------------  -------------------
/opt/airflow/dags/dag_market_eod.py                           1           0  0.30s           2026-09-30T05:15:52
================================================================================
[2026-09-30T05:16:50.691+0000] {manager.py:878} INFO - 
================================================================================
DAG File Processing Stats

File Path                            PID    Runtime      # DAGs    # Errors  Last Runtime    Last Run
-----------------------------------  -----  ---------  --------  ----------  --------------  -------------------
/opt/airflow/dags/dag_market_eod.py                           1           0  0.41s           2026-09-30T05:16:23
================================================================================
[2026-09-30T05:17:21.179+0000] {manager.py:878} INFO - 
================================================================================
DAG File Processing Stats

File Path                            PID    Runtime      # DAGs    # Errors  Last Runtime    Last Run
-----------------------------------  -----  ---------  --------  ----------  --------------  -------------------
/opt/airflow/dags/dag_market_eod.py                           1           0  0.40s           2026-09-30T05:16:53
================================================================================
[2026-09-30T05:17:34.610+0000] {manager.py:737} INFO - Searching for files in /opt/airflow/dags
[2026-09-30T05:17:34.611+0000] {manager.py:740} INFO - There are 1 files in /opt/airflow/dags
[2026-09-30T05:17:51.657+0000] {manager.py:878} INFO - 
================================================================================
DAG File Processing Stats

File Path                            PID    Runtime      # DAGs    # Errors  Last Runtime    Last Run
-----------------------------------  -----  ---------  --------  ----------  --------------  -------------------
/opt/airflow/dags/dag_market_eod.py                           1           0  0.40s           2026-09-30T05:17:23
================================================================================
[2026-09-30T05:18:22.141+0000] {manager.py:878} INFO - 
================================================================================
DAG File Processing Stats

File Path                            PID    Runtime      # DAGs    # Errors  Last Runtime    Last Run
-----------------------------------  -----  ---------  --------  ----------  --------------  -------------------
/opt/airflow/dags/dag_market_eod.py                           1           0  0.30s           2026-09-30T05:17:54
================================================================================
[2026-09-30T05:18:52.519+0000] {manager.py:878} INFO - 
================================================================================
DAG File Processing Stats

File Path                            PID    Runtime      # DAGs    # Errors  Last Runtime    Last Run
-----------------------------------  -----  ---------  --------  ----------  --------------  -------------------
/opt/airflow/dags/dag_market_eod.py                           1           0  0.30s           2026-09-30T05:18:24
================================================================================
[2026-09-30T05:19:22.892+0000] {manager.py:878} INFO - 
================================================================================
DAG File Processing Stats

File Path                            PID    Runtime      # DAGs    # Errors  Last Runtime    Last Run
-----------------------------------  -----  ---------  --------  ----------  --------------  -------------------
/opt/airflow/dags/dag_market_eod.py                           1           0  0.42s           2026-09-30T05:18:55
================================================================================
[2026-09-30T05:19:53.393+0000] {manager.py:878} INFO - 
================================================================================
DAG File Processing Stats

File Path                            PID    Runtime      # DAGs    # Errors  Last Runtime    Last Run
-----------------------------------  -----  ---------  --------  ----------  --------------  -------------------
/opt/airflow/dags/dag_market_eod.py                           1           0  0.39s           2026-09-30T05:19:25
================================================================================
[2026-09-30T05:20:23.858+0000] {manager.py:878} INFO - 
================================================================================
DAG File Processing Stats

File Path                            PID    Runtime      # DAGs    # Errors  Last Runtime    Last Run
-----------------------------------  -----  ---------  --------  ----------  --------------  -------------------
/opt/airflow/dags/dag_market_eod.py                           1           0  0.41s           2026-09-30T05:19:56
================================================================================
[2026-09-30T05:20:54.358+0000] {manager.py:878} INFO - 
================================================================================
DAG File Processing Stats

File Path                            PID    Runtime      # DAGs    # Errors  Last Runtime    Last Run
-----------------------------------  -----  ---------  --------  ----------  --------------  -------------------
/opt/airflow/dags/dag_market_eod.py                           1           0  0.40s           2026-09-30T05:20:26
================================================================================
[2026-09-30T05:21:24.836+0000] {manager.py:878} INFO - 
================================================================================
DAG File Processing Stats

File Path                            PID    Runtime      # DAGs    # Errors  Last Runtime    Last Run
-----------------------------------  -----  ---------  --------  ----------  --------------  -------------------
/opt/airflow/dags/dag_market_eod.py                           1           0  0.29s           2026-09-30T05:20:57
================================================================================
[2026-09-30T05:21:55.204+0000] {manager.py:878} INFO - 
================================================================================
DAG File Processing Stats

File Path                            PID    Runtime      # DAGs    # Errors  Last Runtime    Last Run
-----------------------------------  -----  ---------  --------  ----------  --------------  -------------------
/opt/airflow/dags/dag_market_eod.py                           1           0  0.30s           2026-09-30T05:21:27
================================================================================
[2026-09-30T05:22:25.588+0000] {manager.py:878} INFO - 
================================================================================
DAG File Processing Stats

File Path                            PID    Runtime      # DAGs    # Errors  Last Runtime    Last Run
-----------------------------------  -----  ---------  --------  ----------  --------------  -------------------
/opt/airflow/dags/dag_market_eod.py                           1           0  0.39s           2026-09-30T05:21:57
================================================================================
[2026-09-30T05:22:34.996+0000] {manager.py:737} INFO - Searching for files in /opt/airflow/dags
[2026-09-30T05:22:34.997+0000] {manager.py:740} INFO - There are 1 files in /opt/airflow/dags
[2026-09-30T05:22:56.058+0000] {manager.py:878} INFO - 
================================================================================
DAG File Processing Stats

File Path                            PID    Runtime      # DAGs    # Errors  Last Runtime    Last Run
-----------------------------------  -----  ---------  --------  ----------  --------------  -------------------
/opt/airflow/dags/dag_market_eod.py                           1           0  0.41s           2026-09-30T05:22:28
================================================================================
[2026-09-30T05:23:26.529+0000] {manager.py:878} INFO - 
================================================================================
DAG File Processing Stats

File Path                            PID    Runtime      # DAGs    # Errors  Last Runtime    Last Run
-----------------------------------  -----  ---------  --------  ----------  --------------  -------------------
/opt/airflow/dags/dag_market_eod.py                           1           0  0.41s           2026-09-30T05:22:58
================================================================================
[2026-09-30T05:23:57.014+0000] {manager.py:878} INFO - 
================================================================================
DAG File Processing Stats

File Path                            PID    Runtime      # DAGs    # Errors  Last Runtime    Last Run
-----------------------------------  -----  ---------  --------  ----------  --------------  -------------------
/opt/airflow/dags/dag_market_eod.py                           1           0  0.41s           2026-09-30T05:23:29
================================================================================
[2026-09-30T05:24:27.495+0000] {manager.py:878} INFO - 
================================================================================
DAG File Processing Stats

File Path                            PID    Runtime      # DAGs    # Errors  Last Runtime    Last Run
-----------------------------------  -----  ---------  --------  ----------  --------------  -------------------
/opt/airflow/dags/dag_market_eod.py                           1           0  0.41s           2026-09-30T05:23:59
================================================================================
[2026-09-30T05:24:57.992+0000] {manager.py:878} INFO - 
================================================================================
DAG File Processing Stats

File Path                            PID    Runtime      # DAGs    # Errors  Last Runtime    Last Run
-----------------------------------  -----  ---------  --------  ----------  --------------  -------------------
/opt/airflow/dags/dag_market_eod.py                           1           0  0.29s           2026-09-30T05:24:30
================================================================================
[2026-09-30T05:25:28.349+0000] {manager.py:878} INFO - 
================================================================================
DAG File Processing Stats

File Path                            PID    Runtime      # DAGs    # Errors  Last Runtime    Last Run
-----------------------------------  -----  ---------  --------  ----------  --------------  -------------------
/opt/airflow/dags/dag_market_eod.py                           1           0  0.39s           2026-09-30T05:25:00
================================================================================
[2026-09-30T05:25:58.816+0000] {manager.py:878} INFO - 
================================================================================
DAG File Processing Stats

File Path                            PID    Runtime      # DAGs    # Errors  Last Runtime    Last Run
-----------------------------------  -----  ---------  --------  ----------  --------------  -------------------
/opt/airflow/dags/dag_market_eod.py                           1           0  0.39s           2026-09-30T05:25:31
================================================================================
[2026-09-30T05:26:29.294+0000] {manager.py:878} INFO - 
================================================================================
DAG File Processing Stats

File Path                            PID    Runtime      # DAGs    # Errors  Last Runtime    Last Run
-----------------------------------  -----  ---------  --------  ----------  --------------  -------------------
/opt/airflow/dags/dag_market_eod.py                           1           0  0.47s           2026-09-30T05:26:01
================================================================================
[2026-09-30T05:26:59.841+0000] {manager.py:878} INFO - 
================================================================================
DAG File Processing Stats

File Path                            PID    Runtime      # DAGs    # Errors  Last Runtime    Last Run
-----------------------------------  -----  ---------  --------  ----------  --------------  -------------------
/opt/airflow/dags/dag_market_eod.py                           1           0  0.40s           2026-09-30T05:26:32
================================================================================
[2026-09-30T05:27:30.325+0000] {manager.py:878} INFO - 
================================================================================
DAG File Processing Stats

File Path                            PID    Runtime      # DAGs    # Errors  Last Runtime    Last Run
-----------------------------------  -----  ---------  --------  ----------  --------------  -------------------
/opt/airflow/dags/dag_market_eod.py                           1           0  0.40s           2026-09-30T05:27:02
================================================================================
[2026-09-30T05:27:35.031+0000] {manager.py:737} INFO - Searching for files in /opt/airflow/dags
[2026-09-30T05:27:35.032+0000] {manager.py:740} INFO - There are 1 files in /opt/airflow/dags
[2026-09-30T05:28:00.804+0000] {manager.py:878} INFO - 
================================================================================
DAG File Processing Stats

File Path                            PID    Runtime      # DAGs    # Errors  Last Runtime    Last Run
-----------------------------------  -----  ---------  --------  ----------  --------------  -------------------
/opt/airflow/dags/dag_market_eod.py                           1           0  0.30s           2026-09-30T05:27:33
================================================================================
[2026-09-30T05:28:31.174+0000] {manager.py:878} INFO - 
================================================================================
DAG File Processing Stats

File Path                            PID    Runtime      # DAGs    # Errors  Last Runtime    Last Run
-----------------------------------  -----  ---------  --------  ----------  --------------  -------------------
/opt/airflow/dags/dag_market_eod.py                           1           0  0.41s           2026-09-30T05:28:03
================================================================================
[2026-09-30T05:29:01.665+0000] {manager.py:878} INFO - 
================================================================================
DAG File Processing Stats

File Path                            PID    Runtime      # DAGs    # Errors  Last Runtime    Last Run
-----------------------------------  -----  ---------  --------  ----------  --------------  -------------------
/opt/airflow/dags/dag_market_eod.py                           1           0  0.40s           2026-09-30T05:28:33
================================================================================
[2026-09-30T05:29:32.140+0000] {manager.py:878} INFO - 
================================================================================
DAG File Processing Stats

File Path                            PID    Runtime      # DAGs    # Errors  Last Runtime    Last Run
-----------------------------------  -----  ---------  --------  ----------  --------------  -------------------
/opt/airflow/dags/dag_market_eod.py                           1           0  0.40s           2026-09-30T05:29:04
================================================================================
[2026-09-30T05:30:02.613+0000] {manager.py:878} INFO - 
================================================================================
DAG File Processing Stats

File Path                            PID    Runtime      # DAGs    # Errors  Last Runtime    Last Run
-----------------------------------  -----  ---------  --------  ----------  --------------  -------------------
/opt/airflow/dags/dag_market_eod.py                           1           0  0.40s           2026-09-30T05:29:34
================================================================================
[2026-09-30T05:30:33.095+0000] {manager.py:878} INFO - 
================================================================================
DAG File Processing Stats

File Path                            PID    Runtime      # DAGs    # Errors  Last Runtime    Last Run
-----------------------------------  -----  ---------  --------  ----------  --------------  -------------------
/opt/airflow/dags/dag_market_eod.py                           1           0  0.29s           2026-09-30T05:30:05
================================================================================
[2026-09-30T05:31:03.469+0000] {manager.py:878} INFO - 
================================================================================
DAG File Processing Stats

File Path                            PID    Runtime      # DAGs    # Errors  Last Runtime    Last Run
-----------------------------------  -----  ---------  --------  ----------  --------------  -------------------
/opt/airflow/dags/dag_market_eod.py                           1           0  0.29s           2026-09-30T05:30:35
================================================================================
[2026-09-30T05:31:33.834+0000] {manager.py:878} INFO - 
================================================================================
DAG File Processing Stats

File Path                            PID    Runtime      # DAGs    # Errors  Last Runtime    Last Run
-----------------------------------  -----  ---------  --------  ----------  --------------  -------------------
/opt/airflow/dags/dag_market_eod.py                           1           0  0.39s           2026-09-30T05:31:06
================================================================================
[2026-09-30T05:32:04.301+0000] {manager.py:878} INFO - 
================================================================================
DAG File Processing Stats

File Path                            PID    Runtime      # DAGs    # Errors  Last Runtime    Last Run
-----------------------------------  -----  ---------  --------  ----------  --------------  -------------------
/opt/airflow/dags/dag_market_eod.py                           1           0  0.40s           2026-09-30T05:31:36
================================================================================
[2026-09-30T05:32:34.768+0000] {manager.py:878} INFO - 
================================================================================
DAG File Processing Stats

File Path                            PID    Runtime      # DAGs    # Errors  Last Runtime    Last Run
-----------------------------------  -----  ---------  --------  ----------  --------------  -------------------
/opt/airflow/dags/dag_market_eod.py                           1           0  0.40s           2026-09-30T05:32:07
================================================================================
[2026-09-30T05:32:35.169+0000] {manager.py:737} INFO - Searching for files in /opt/airflow/dags
[2026-09-30T05:32:35.170+0000] {manager.py:740} INFO - There are 1 files in /opt/airflow/dags
[2026-09-30T05:33:05.262+0000] {manager.py:878} INFO - 
================================================================================
DAG File Processing Stats

File Path                            PID    Runtime      # DAGs    # Errors  Last Runtime    Last Run
-----------------------------------  -----  ---------  --------  ----------  --------------  -------------------
/opt/airflow/dags/dag_market_eod.py                           1           0  0.41s           2026-09-30T05:32:37
================================================================================
[2026-09-30T05:33:35.736+0000] {manager.py:878} INFO - 
================================================================================
DAG File Processing Stats

File Path                            PID    Runtime      # DAGs    # Errors  Last Runtime    Last Run
-----------------------------------  -----  ---------  --------  ----------  --------------  -------------------
/opt/airflow/dags/dag_market_eod.py                           1           0  0.29s           2026-09-30T05:33:07
================================================================================
[2026-09-30T05:34:06.102+0000] {manager.py:878} INFO - 
================================================================================
DAG File Processing Stats

File Path                            PID    Runtime      # DAGs    # Errors  Last Runtime    Last Run
-----------------------------------  -----  ---------  --------  ----------  --------------  -------------------
/opt/airflow/dags/dag_market_eod.py                           1           0  0.30s           2026-09-30T05:33:38
================================================================================
[2026-09-30T05:34:36.468+0000] {manager.py:878} INFO - 
================================================================================
DAG File Processing Stats

File Path                            PID    Runtime      # DAGs    # Errors  Last Runtime    Last Run
-----------------------------------  -----  ---------  --------  ----------  --------------  -------------------
/opt/airflow/dags/dag_market_eod.py                           1           0  0.39s           2026-09-30T05:34:08
================================================================================
[2026-09-30T05:35:06.938+0000] {manager.py:878} INFO - 
================================================================================
DAG File Processing Stats

File Path                            PID    Runtime      # DAGs    # Errors  Last Runtime    Last Run
-----------------------------------  -----  ---------  --------  ----------  --------------  -------------------
/opt/airflow/dags/dag_market_eod.py                           1           0  0.41s           2026-09-30T05:34:39
================================================================================
[2026-09-30T05:35:37.424+0000] {manager.py:878} INFO - 
================================================================================
DAG File Processing Stats

File Path                            PID    Runtime      # DAGs    # Errors  Last Runtime    Last Run
-----------------------------------  -----  ---------  --------  ----------  --------------  -------------------
/opt/airflow/dags/dag_market_eod.py                           1           0  0.39s           2026-09-30T05:35:09
================================================================================
[2026-09-30T05:36:07.895+0000] {manager.py:878} INFO - 
================================================================================
DAG File Processing Stats

File Path                            PID    Runtime      # DAGs    # Errors  Last Runtime    Last Run
-----------------------------------  -----  ---------  --------  ----------  --------------  -------------------
/opt/airflow/dags/dag_market_eod.py                           1           0  0.44s           2026-09-30T05:35:40
================================================================================
[2026-09-30T05:36:38.405+0000] {manager.py:878} INFO - 
================================================================================
DAG File Processing Stats

File Path                            PID    Runtime      # DAGs    # Errors  Last Runtime    Last Run
-----------------------------------  -----  ---------  --------  ----------  --------------  -------------------
/opt/airflow/dags/dag_market_eod.py                           1           0  0.32s           2026-09-30T05:36:10
================================================================================
[2026-09-30T05:37:08.796+0000] {manager.py:878} INFO - 
================================================================================
DAG File Processing Stats

File Path                            PID    Runtime      # DAGs    # Errors  Last Runtime    Last Run
-----------------------------------  -----  ---------  --------  ----------  --------------  -------------------
/opt/airflow/dags/dag_market_eod.py                           1           0  0.30s           2026-09-30T05:36:41
================================================================================
[2026-09-30T05:37:35.554+0000] {manager.py:737} INFO - Searching for files in /opt/airflow/dags
[2026-09-30T05:37:35.555+0000] {manager.py:740} INFO - There are 1 files in /opt/airflow/dags
[2026-09-30T05:37:39.166+0000] {manager.py:878} INFO - 
================================================================================
DAG File Processing Stats

File Path                            PID    Runtime      # DAGs    # Errors  Last Runtime    Last Run
-----------------------------------  -----  ---------  --------  ----------  --------------  -------------------
/opt/airflow/dags/dag_market_eod.py                           1           0  0.40s           2026-09-30T05:37:11
================================================================================
[2026-09-30T05:38:09.650+0000] {manager.py:878} INFO - 
================================================================================
DAG File Processing Stats

File Path                            PID    Runtime      # DAGs    # Errors  Last Runtime    Last Run
-----------------------------------  -----  ---------  --------  ----------  --------------  -------------------
/opt/airflow/dags/dag_market_eod.py                           1           0  0.40s           2026-09-30T05:37:41
================================================================================
[2026-09-30T05:38:40.125+0000] {manager.py:878} INFO - 
================================================================================
DAG File Processing Stats

File Path                            PID    Runtime      # DAGs    # Errors  Last Runtime    Last Run
-----------------------------------  -----  ---------  --------  ----------  --------------  -------------------
/opt/airflow/dags/dag_market_eod.py                           1           0  0.40s           2026-09-30T05:38:12
================================================================================
[2026-09-30T05:39:10.614+0000] {manager.py:878} INFO - 
================================================================================
DAG File Processing Stats

File Path                            PID    Runtime      # DAGs    # Errors  Last Runtime    Last Run
-----------------------------------  -----  ---------  --------  ----------  --------------  -------------------
/opt/airflow/dags/dag_market_eod.py                           1           0  0.40s           2026-09-30T05:38:42
================================================================================
[2026-09-30T05:39:41.090+0000] {manager.py:878} INFO - 
================================================================================
DAG File Processing Stats

File Path                            PID    Runtime      # DAGs    # Errors  Last Runtime    Last Run
-----------------------------------  -----  ---------  --------  ----------  --------------  -------------------
/opt/airflow/dags/dag_market_eod.py                           1           0  0.29s           2026-09-30T05:39:13
================================================================================
[2026-09-30T05:40:11.446+0000] {manager.py:878} INFO - 
================================================================================
DAG File Processing Stats

File Path                            PID    Runtime      # DAGs    # Errors  Last Runtime    Last Run
-----------------------------------  -----  ---------  --------  ----------  --------------  -------------------
/opt/airflow/dags/dag_market_eod.py                           1           0  0.39s           2026-09-30T05:39:43
================================================================================
[2026-09-30T05:40:41.917+0000] {manager.py:878} INFO - 
================================================================================
DAG File Processing Stats

File Path                            PID    Runtime      # DAGs    # Errors  Last Runtime    Last Run
-----------------------------------  -----  ---------  --------  ----------  --------------  -------------------
/opt/airflow/dags/dag_market_eod.py                           1           0  0.40s           2026-09-30T05:40:14
================================================================================
[2026-09-30T05:41:12.403+0000] {manager.py:878} INFO - 
================================================================================
DAG File Processing Stats

File Path                            PID    Runtime      # DAGs    # Errors  Last Runtime    Last Run
-----------------------------------  -----  ---------  --------  ----------  --------------  -------------------
/opt/airflow/dags/dag_market_eod.py                           1           0  0.40s           2026-09-30T05:40:44
================================================================================
[2026-09-30T05:41:42.887+0000] {manager.py:878} INFO - 
================================================================================
DAG File Processing Stats

File Path                            PID    Runtime      # DAGs    # Errors  Last Runtime    Last Run
-----------------------------------  -----  ---------  --------  ----------  --------------  -------------------
/opt/airflow/dags/dag_market_eod.py                           1           0  0.39s           2026-09-30T05:41:15
================================================================================
[2026-09-30T05:42:13.339+0000] {manager.py:878} INFO - 
================================================================================
DAG File Processing Stats

File Path                            PID    Runtime      # DAGs    # Errors  Last Runtime    Last Run
-----------------------------------  -----  ---------  --------  ----------  --------------  -------------------
/opt/airflow/dags/dag_market_eod.py                           1           0  0.39s           2026-09-30T05:41:45
================================================================================
[2026-09-30T05:42:35.798+0000] {manager.py:737} INFO - Searching for files in /opt/airflow/dags
[2026-09-30T05:42:35.799+0000] {manager.py:740} INFO - There are 1 files in /opt/airflow/dags
[2026-09-30T05:42:43.824+0000] {manager.py:878} INFO - 
================================================================================
DAG File Processing Stats

File Path                            PID    Runtime      # DAGs    # Errors  Last Runtime    Last Run
-----------------------------------  -----  ---------  --------  ----------  --------------  -------------------
/opt/airflow/dags/dag_market_eod.py                           1           0  0.30s           2026-09-30T05:42:16
================================================================================
[2026-09-30T05:43:14.183+0000] {manager.py:878} INFO - 
================================================================================
DAG File Processing Stats

File Path                            PID    Runtime      # DAGs    # Errors  Last Runtime    Last Run
-----------------------------------  -----  ---------  --------  ----------  --------------  -------------------
/opt/airflow/dags/dag_market_eod.py                           1           0  0.39s           2026-09-30T05:42:46
================================================================================
[2026-09-30T05:43:44.653+0000] {manager.py:878} INFO - 
================================================================================
DAG File Processing Stats

File Path                            PID    Runtime      # DAGs    # Errors  Last Runtime    Last Run
-----------------------------------  -----  ---------  --------  ----------  --------------  -------------------
/opt/airflow/dags/dag_market_eod.py                           1           0  0.48s           2026-09-30T05:43:17
================================================================================
[2026-09-30T05:44:15.208+0000] {manager.py:878} INFO - 
================================================================================
DAG File Processing Stats

File Path                            PID    Runtime      # DAGs    # Errors  Last Runtime    Last Run
-----------------------------------  -----  ---------  --------  ----------  --------------  -------------------
/opt/airflow/dags/dag_market_eod.py                           1           0  0.39s           2026-09-30T05:43:47
================================================================================
[2026-09-30T05:44:45.669+0000] {manager.py:878} INFO - 
================================================================================
DAG File Processing Stats

File Path                            PID    Runtime      # DAGs    # Errors  Last Runtime    Last Run
-----------------------------------  -----  ---------  --------  ----------  --------------  -------------------
/opt/airflow/dags/dag_market_eod.py                           1           0  0.43s           2026-09-30T05:44:18
================================================================================
[2026-09-30T05:45:16.179+0000] {manager.py:878} INFO - 
================================================================================
DAG File Processing Stats

File Path                            PID    Runtime      # DAGs    # Errors  Last Runtime    Last Run
-----------------------------------  -----  ---------  --------  ----------  --------------  -------------------
/opt/airflow/dags/dag_market_eod.py                           1           0  0.40s           2026-09-30T05:44:48
================================================================================
[2026-09-30T05:45:46.648+0000] {manager.py:878} INFO - 
================================================================================
DAG File Processing Stats

File Path                            PID    Runtime      # DAGs    # Errors  Last Runtime    Last Run
-----------------------------------  -----  ---------  --------  ----------  --------------  -------------------
/opt/airflow/dags/dag_market_eod.py                           1           0  0.30s           2026-09-30T05:45:18
================================================================================
[2026-09-30T05:46:17.035+0000] {manager.py:878} INFO - 
================================================================================
DAG File Processing Stats

File Path                            PID    Runtime      # DAGs    # Errors  Last Runtime    Last Run
-----------------------------------  -----  ---------  --------  ----------  --------------  -------------------
/opt/airflow/dags/dag_market_eod.py                           1           0  0.40s           2026-09-30T05:45:49
================================================================================
[2026-09-30T05:46:47.515+0000] {manager.py:878} INFO - 
================================================================================
DAG File Processing Stats

File Path                            PID    Runtime      # DAGs    # Errors  Last Runtime    Last Run
-----------------------------------  -----  ---------  --------  ----------  --------------  -------------------
/opt/airflow/dags/dag_market_eod.py                           1           0  0.40s           2026-09-30T05:46:19
================================================================================
[2026-09-30T05:47:17.990+0000] {manager.py:878} INFO - 
================================================================================
DAG File Processing Stats

File Path                            PID    Runtime      # DAGs    # Errors  Last Runtime    Last Run
-----------------------------------  -----  ---------  --------  ----------  --------------  -------------------
/opt/airflow/dags/dag_market_eod.py                           1           0  0.40s           2026-09-30T05:46:50
================================================================================
[2026-09-30T05:47:35.849+0000] {manager.py:737} INFO - Searching for files in /opt/airflow/dags
[2026-09-30T05:47:35.849+0000] {manager.py:740} INFO - There are 1 files in /opt/airflow/dags
[2026-09-30T05:47:48.467+0000] {manager.py:878} INFO - 
================================================================================
DAG File Processing Stats

File Path                            PID    Runtime      # DAGs    # Errors  Last Runtime    Last Run
-----------------------------------  -----  ---------  --------  ----------  --------------  -------------------
/opt/airflow/dags/dag_market_eod.py                           1           0  0.42s           2026-09-30T05:47:20
================================================================================
[2026-09-30T05:48:18.968+0000] {manager.py:878} INFO - 
================================================================================
DAG File Processing Stats

File Path                            PID    Runtime      # DAGs    # Errors  Last Runtime    Last Run
-----------------------------------  -----  ---------  --------  ----------  --------------  -------------------
/opt/airflow/dags/dag_market_eod.py                           1           0  0.30s           2026-09-30T05:47:51
================================================================================
[2026-09-30T05:48:49.325+0000] {manager.py:878} INFO - 
================================================================================
DAG File Processing Stats

File Path                            PID    Runtime      # DAGs    # Errors  Last Runtime    Last Run
-----------------------------------  -----  ---------  --------  ----------  --------------  -------------------
/opt/airflow/dags/dag_market_eod.py                           1           0  0.30s           2026-09-30T05:48:21
================================================================================
[2026-09-30T05:49:19.705+0000] {manager.py:878} INFO - 
================================================================================
DAG File Processing Stats

File Path                            PID    Runtime      # DAGs    # Errors  Last Runtime    Last Run
-----------------------------------  -----  ---------  --------  ----------  --------------  -------------------
/opt/airflow/dags/dag_market_eod.py                           1           0  0.41s           2026-09-30T05:48:52
================================================================================
[2026-09-30T05:49:50.186+0000] {manager.py:878} INFO - 
================================================================================
DAG File Processing Stats

File Path                            PID    Runtime      # DAGs    # Errors  Last Runtime    Last Run
-----------------------------------  -----  ---------  --------  ----------  --------------  -------------------
/opt/airflow/dags/dag_market_eod.py                           1           0  0.40s           2026-09-30T05:49:22
================================================================================
[2026-09-30T05:50:20.657+0000] {manager.py:878} INFO - 
================================================================================
DAG File Processing Stats

File Path                            PID    Runtime      # DAGs    # Errors  Last Runtime    Last Run
-----------------------------------  -----  ---------  --------  ----------  --------------  -------------------
/opt/airflow/dags/dag_market_eod.py                           1           0  0.39s           2026-09-30T05:49:52
================================================================================
[2026-09-30T05:50:51.125+0000] {manager.py:878} INFO - 
================================================================================
DAG File Processing Stats

File Path                            PID    Runtime      # DAGs    # Errors  Last Runtime    Last Run
-----------------------------------  -----  ---------  --------  ----------  --------------  -------------------
/opt/airflow/dags/dag_market_eod.py                           1           0  0.39s           2026-09-30T05:50:23
================================================================================
[2026-09-30T05:51:21.589+0000] {manager.py:878} INFO - 
================================================================================
DAG File Processing Stats

File Path                            PID    Runtime      # DAGs    # Errors  Last Runtime    Last Run
-----------------------------------  -----  ---------  --------  ----------  --------------  -------------------
/opt/airflow/dags/dag_market_eod.py                           1           0  0.39s           2026-09-30T05:50:53
================================================================================
[2026-09-30T05:51:52.060+0000] {manager.py:878} INFO - 
================================================================================
DAG File Processing Stats

File Path                            PID    Runtime      # DAGs    # Errors  Last Runtime    Last Run
-----------------------------------  -----  ---------  --------  ----------  --------------  -------------------
/opt/airflow/dags/dag_market_eod.py                           1           0  0.29s           2026-09-30T05:51:24
================================================================================
[2026-09-30T05:52:22.413+0000] {manager.py:878} INFO - 
================================================================================
DAG File Processing Stats

File Path                            PID    Runtime      # DAGs    # Errors  Last Runtime    Last Run
-----------------------------------  -----  ---------  --------  ----------  --------------  -------------------
/opt/airflow/dags/dag_market_eod.py                           1           0  0.38s           2026-09-30T05:51:54
================================================================================
[2026-09-30T05:52:36.229+0000] {manager.py:737} INFO - Searching for files in /opt/airflow/dags
[2026-09-30T05:52:36.229+0000] {manager.py:740} INFO - There are 1 files in /opt/airflow/dags
[2026-09-30T05:52:52.873+0000] {manager.py:878} INFO - 
================================================================================
DAG File Processing Stats

File Path                            PID    Runtime      # DAGs    # Errors  Last Runtime    Last Run
-----------------------------------  -----  ---------  --------  ----------  --------------  -------------------
/opt/airflow/dags/dag_market_eod.py                           1           0  0.40s           2026-09-30T05:52:25
================================================================================
[2026-09-30T05:53:23.361+0000] {manager.py:878} INFO - 
================================================================================
DAG File Processing Stats

File Path                            PID    Runtime      # DAGs    # Errors  Last Runtime    Last Run
-----------------------------------  -----  ---------  --------  ----------  --------------  -------------------
/opt/airflow/dags/dag_market_eod.py                           1           0  0.39s           2026-09-30T05:52:55
================================================================================
[2026-09-30T05:53:53.820+0000] {manager.py:878} INFO - 
================================================================================
DAG File Processing Stats

File Path                            PID    Runtime      # DAGs    # Errors  Last Runtime    Last Run
-----------------------------------  -----  ---------  --------  ----------  --------------  -------------------
/opt/airflow/dags/dag_market_eod.py                           1           0  0.39s           2026-09-30T05:53:26
================================================================================
[2026-09-30T05:54:24.292+0000] {manager.py:878} INFO - 
================================================================================
DAG File Processing Stats

File Path                            PID    Runtime      # DAGs    # Errors  Last Runtime    Last Run
-----------------------------------  -----  ---------  --------  ----------  --------------  -------------------
/opt/airflow/dags/dag_market_eod.py                           1           0  0.40s           2026-09-30T05:53:56
================================================================================
[2026-09-30T05:54:54.763+0000] {manager.py:878} INFO - 
================================================================================
DAG File Processing Stats

File Path                            PID    Runtime      # DAGs    # Errors  Last Runtime    Last Run
-----------------------------------  -----  ---------  --------  ----------  --------------  -------------------
/opt/airflow/dags/dag_market_eod.py                           1           0  0.29s           2026-09-30T05:54:26
================================================================================
[2026-09-30T05:55:25.138+0000] {manager.py:878} INFO - 
================================================================================
DAG File Processing Stats

File Path                            PID    Runtime      # DAGs    # Errors  Last Runtime    Last Run
-----------------------------------  -----  ---------  --------  ----------  --------------  -------------------
/opt/airflow/dags/dag_market_eod.py                           1           0  0.39s           2026-09-30T05:54:57
================================================================================
[2026-09-30T05:55:55.589+0000] {manager.py:878} INFO - 
================================================================================
DAG File Processing Stats

File Path                            PID    Runtime      # DAGs    # Errors  Last Runtime    Last Run
-----------------------------------  -----  ---------  --------  ----------  --------------  -------------------
/opt/airflow/dags/dag_market_eod.py                           1           0  0.40s           2026-09-30T05:55:27
================================================================================
[2026-09-30T05:56:26.075+0000] {manager.py:878} INFO - 
================================================================================
DAG File Processing Stats

File Path                            PID    Runtime      # DAGs    # Errors  Last Runtime    Last Run
-----------------------------------  -----  ---------  --------  ----------  --------------  -------------------
/opt/airflow/dags/dag_market_eod.py                           1           0  0.38s           2026-09-30T05:55:58
================================================================================
[2026-09-30T05:56:56.533+0000] {manager.py:878} INFO - 
================================================================================
DAG File Processing Stats

File Path                            PID    Runtime      # DAGs    # Errors  Last Runtime    Last Run
-----------------------------------  -----  ---------  --------  ----------  --------------  -------------------
/opt/airflow/dags/dag_market_eod.py                           1           0  0.39s           2026-09-30T05:56:28
================================================================================
[2026-09-30T05:57:27.004+0000] {manager.py:878} INFO - 
================================================================================
DAG File Processing Stats

File Path                            PID    Runtime      # DAGs    # Errors  Last Runtime    Last Run
-----------------------------------  -----  ---------  --------  ----------  --------------  -------------------
/opt/airflow/dags/dag_market_eod.py                           1           0  0.40s           2026-09-30T05:56:59
================================================================================
[2026-09-30T05:57:36.424+0000] {manager.py:737} INFO - Searching for files in /opt/airflow/dags
[2026-09-30T05:57:36.424+0000] {manager.py:740} INFO - There are 1 files in /opt/airflow/dags
[2026-09-30T05:57:57.482+0000] {manager.py:878} INFO - 
================================================================================
DAG File Processing Stats

File Path                            PID    Runtime      # DAGs    # Errors  Last Runtime    Last Run
-----------------------------------  -----  ---------  --------  ----------  --------------  -------------------
/opt/airflow/dags/dag_market_eod.py                           1           0  0.31s           2026-09-30T05:57:29
================================================================================
[2026-09-30T05:58:27.857+0000] {manager.py:878} INFO - 
================================================================================
DAG File Processing Stats

File Path                            PID    Runtime      # DAGs    # Errors  Last Runtime    Last Run
-----------------------------------  -----  ---------  --------  ----------  --------------  -------------------
/opt/airflow/dags/dag_market_eod.py                           1           0  0.39s           2026-09-30T05:58:00
================================================================================
[2026-09-30T05:58:58.326+0000] {manager.py:878} INFO - 
================================================================================
DAG File Processing Stats

File Path                            PID    Runtime      # DAGs    # Errors  Last Runtime    Last Run
-----------------------------------  -----  ---------  --------  ----------  --------------  -------------------
/opt/airflow/dags/dag_market_eod.py                           1           0  0.40s           2026-09-30T05:58:30
================================================================================
[2026-09-30T05:59:28.799+0000] {manager.py:878} INFO - 
================================================================================
DAG File Processing Stats

File Path                            PID    Runtime      # DAGs    # Errors  Last Runtime    Last Run
-----------------------------------  -----  ---------  --------  ----------  --------------  -------------------
/opt/airflow/dags/dag_market_eod.py                           1           0  0.40s           2026-09-30T05:59:01
================================================================================
[2026-09-30T05:59:59.281+0000] {manager.py:878} INFO - 
================================================================================
DAG File Processing Stats

File Path                            PID    Runtime      # DAGs    # Errors  Last Runtime    Last Run
-----------------------------------  -----  ---------  --------  ----------  --------------  -------------------
/opt/airflow/dags/dag_market_eod.py                           1           0  0.41s           2026-09-30T05:59:31
================================================================================
[2026-09-30T06:00:29.766+0000] {manager.py:878} INFO - 
================================================================================
DAG File Processing Stats

File Path                            PID    Runtime      # DAGs    # Errors  Last Runtime    Last Run
-----------------------------------  -----  ---------  --------  ----------  --------------  -------------------
/opt/airflow/dags/dag_market_eod.py                           1           0  0.41s           2026-09-30T06:00:02
================================================================================
[2026-09-30T06:01:00.257+0000] {manager.py:878} INFO - 
================================================================================
DAG File Processing Stats

File Path                            PID    Runtime      # DAGs    # Errors  Last Runtime    Last Run
-----------------------------------  -----  ---------  --------  ----------  --------------  -------------------
/opt/airflow/dags/dag_market_eod.py                           1           0  0.39s           2026-09-30T06:00:32
================================================================================
[2026-09-30T06:01:30.720+0000] {manager.py:878} INFO - 
================================================================================
DAG File Processing Stats

File Path                            PID    Runtime      # DAGs    # Errors  Last Runtime    Last Run
-----------------------------------  -----  ---------  --------  ----------  --------------  -------------------
/opt/airflow/dags/dag_market_eod.py                           1           0  0.41s           2026-09-30T06:01:03
================================================================================
[2026-09-30T06:02:01.203+0000] {manager.py:878} INFO - 
================================================================================
DAG File Processing Stats

File Path                            PID    Runtime      # DAGs    # Errors  Last Runtime    Last Run
-----------------------------------  -----  ---------  --------  ----------  --------------  -------------------
/opt/airflow/dags/dag_market_eod.py                           1           0  0.40s           2026-09-30T06:01:33
================================================================================
[2026-09-30T06:02:31.679+0000] {manager.py:878} INFO - 
================================================================================
DAG File Processing Stats

File Path                            PID    Runtime      # DAGs    # Errors  Last Runtime    Last Run
-----------------------------------  -----  ---------  --------  ----------  --------------  -------------------
/opt/airflow/dags/dag_market_eod.py                           1           0  0.41s           2026-09-30T06:02:04
================================================================================
[2026-09-30T06:02:36.498+0000] {manager.py:737} INFO - Searching for files in /opt/airflow/dags
[2026-09-30T06:02:36.498+0000] {manager.py:740} INFO - There are 1 files in /opt/airflow/dags
[2026-09-30T06:03:02.167+0000] {manager.py:878} INFO - 
================================================================================
DAG File Processing Stats

File Path                            PID    Runtime      # DAGs    # Errors  Last Runtime    Last Run
-----------------------------------  -----  ---------  --------  ----------  --------------  -------------------
/opt/airflow/dags/dag_market_eod.py                           1           0  0.40s           2026-09-30T06:02:34
================================================================================
[2026-09-30T06:03:32.643+0000] {manager.py:878} INFO - 
================================================================================
DAG File Processing Stats

File Path                            PID    Runtime      # DAGs    # Errors  Last Runtime    Last Run
-----------------------------------  -----  ---------  --------  ----------  --------------  -------------------
/opt/airflow/dags/dag_market_eod.py                           1           0  0.41s           2026-09-30T06:03:04
================================================================================
[2026-09-30T06:04:03.138+0000] {manager.py:878} INFO - 
================================================================================
DAG File Processing Stats

File Path                            PID    Runtime      # DAGs    # Errors  Last Runtime    Last Run
-----------------------------------  -----  ---------  --------  ----------  --------------  -------------------
/opt/airflow/dags/dag_market_eod.py                           1           0  0.39s           2026-09-30T06:03:35
================================================================================
[2026-09-30T06:04:33.603+0000] {manager.py:878} INFO - 
================================================================================
DAG File Processing Stats

File Path                            PID    Runtime      # DAGs    # Errors  Last Runtime    Last Run
-----------------------------------  -----  ---------  --------  ----------  --------------  -------------------
/opt/airflow/dags/dag_market_eod.py                           1           0  0.40s           2026-09-30T06:04:05
================================================================================
[2026-09-30T06:05:04.067+0000] {manager.py:878} INFO - 
================================================================================
DAG File Processing Stats

File Path                            PID    Runtime      # DAGs    # Errors  Last Runtime    Last Run
-----------------------------------  -----  ---------  --------  ----------  --------------  -------------------
/opt/airflow/dags/dag_market_eod.py                           1           0  0.40s           2026-09-30T06:04:36
================================================================================
[2026-09-30T06:05:34.552+0000] {manager.py:878} INFO - 
================================================================================
DAG File Processing Stats

File Path                            PID    Runtime      # DAGs    # Errors  Last Runtime    Last Run
-----------------------------------  -----  ---------  --------  ----------  --------------  -------------------
/opt/airflow/dags/dag_market_eod.py                           1           0  0.40s           2026-09-30T06:05:06
================================================================================
[2026-09-30T06:06:05.037+0000] {manager.py:878} INFO - 
================================================================================
DAG File Processing Stats

File Path                            PID    Runtime      # DAGs    # Errors  Last Runtime    Last Run
-----------------------------------  -----  ---------  --------  ----------  --------------  -------------------
/opt/airflow/dags/dag_market_eod.py                           1           0  0.39s           2026-09-30T06:05:37
================================================================================
[2026-09-30T06:06:35.498+0000] {manager.py:878} INFO - 
================================================================================
DAG File Processing Stats

File Path                            PID    Runtime      # DAGs    # Errors  Last Runtime    Last Run
-----------------------------------  -----  ---------  --------  ----------  --------------  -------------------
/opt/airflow/dags/dag_market_eod.py                           1           0  0.39s           2026-09-30T06:06:07
================================================================================
[2026-09-30T06:07:05.975+0000] {manager.py:878} INFO - 
================================================================================
DAG File Processing Stats

File Path                            PID    Runtime      # DAGs    # Errors  Last Runtime    Last Run
-----------------------------------  -----  ---------  --------  ----------  --------------  -------------------
/opt/airflow/dags/dag_market_eod.py                           1           0  0.38s           2026-09-30T06:06:38
================================================================================
[2026-09-30T06:07:36.445+0000] {manager.py:878} INFO - 
================================================================================
DAG File Processing Stats

File Path                            PID    Runtime      # DAGs    # Errors  Last Runtime    Last Run
-----------------------------------  -----  ---------  --------  ----------  --------------  -------------------
/opt/airflow/dags/dag_market_eod.py                           1           0  0.40s           2026-09-30T06:07:08
================================================================================
[2026-09-30T06:07:36.827+0000] {manager.py:737} INFO - Searching for files in /opt/airflow/dags
[2026-09-30T06:07:36.828+0000] {manager.py:740} INFO - There are 1 files in /opt/airflow/dags
[2026-09-30T06:08:06.919+0000] {manager.py:878} INFO - 
================================================================================
DAG File Processing Stats

File Path                            PID    Runtime      # DAGs    # Errors  Last Runtime    Last Run
-----------------------------------  -----  ---------  --------  ----------  --------------  -------------------
/opt/airflow/dags/dag_market_eod.py                           1           0  0.47s           2026-09-30T06:07:39
================================================================================
[2026-09-30T06:08:37.473+0000] {manager.py:878} INFO - 
================================================================================
DAG File Processing Stats

File Path                            PID    Runtime      # DAGs    # Errors  Last Runtime    Last Run
-----------------------------------  -----  ---------  --------  ----------  --------------  -------------------
/opt/airflow/dags/dag_market_eod.py                           1           0  0.42s           2026-09-30T06:08:09
================================================================================
[2026-09-30T06:09:07.965+0000] {manager.py:878} INFO - 
================================================================================
DAG File Processing Stats

File Path                            PID    Runtime      # DAGs    # Errors  Last Runtime    Last Run
-----------------------------------  -----  ---------  --------  ----------  --------------  -------------------
/opt/airflow/dags/dag_market_eod.py                           1           0  0.40s           2026-09-30T06:08:40
================================================================================
[2026-09-30T06:09:38.457+0000] {manager.py:878} INFO - 
================================================================================
DAG File Processing Stats

File Path                            PID    Runtime      # DAGs    # Errors  Last Runtime    Last Run
-----------------------------------  -----  ---------  --------  ----------  --------------  -------------------
/opt/airflow/dags/dag_market_eod.py                           1           0  0.30s           2026-09-30T06:09:10
================================================================================
[2026-09-30T06:10:08.829+0000] {manager.py:878} INFO - 
================================================================================
DAG File Processing Stats

File Path                            PID    Runtime      # DAGs    # Errors  Last Runtime    Last Run
-----------------------------------  -----  ---------  --------  ----------  --------------  -------------------
/opt/airflow/dags/dag_market_eod.py                           1           0  0.39s           2026-09-30T06:09:41
================================================================================
[2026-09-30T06:10:39.290+0000] {manager.py:878} INFO - 
================================================================================
DAG File Processing Stats

File Path                            PID    Runtime      # DAGs    # Errors  Last Runtime    Last Run
-----------------------------------  -----  ---------  --------  ----------  --------------  -------------------
/opt/airflow/dags/dag_market_eod.py                           1           0  0.39s           2026-09-30T06:10:11
================================================================================
[2026-09-30T06:11:09.753+0000] {manager.py:878} INFO - 
================================================================================
DAG File Processing Stats

File Path                            PID    Runtime      # DAGs    # Errors  Last Runtime    Last Run
-----------------------------------  -----  ---------  --------  ----------  --------------  -------------------
/opt/airflow/dags/dag_market_eod.py                           1           0  0.42s           2026-09-30T06:10:42
================================================================================
[2026-09-30T06:11:40.242+0000] {manager.py:878} INFO - 
================================================================================
DAG File Processing Stats

File Path                            PID    Runtime      # DAGs    # Errors  Last Runtime    Last Run
-----------------------------------  -----  ---------  --------  ----------  --------------  -------------------
/opt/airflow/dags/dag_market_eod.py                           1           0  0.46s           2026-09-30T06:11:12
================================================================================
[2026-09-30T06:12:10.781+0000] {manager.py:878} INFO - 
================================================================================
DAG File Processing Stats

File Path                            PID    Runtime      # DAGs    # Errors  Last Runtime    Last Run
-----------------------------------  -----  ---------  --------  ----------  --------------  -------------------
/opt/airflow/dags/dag_market_eod.py                           1           0  0.40s           2026-09-30T06:11:43
================================================================================
[2026-09-30T06:12:37.250+0000] {manager.py:737} INFO - Searching for files in /opt/airflow/dags
[2026-09-30T06:12:37.250+0000] {manager.py:740} INFO - There are 1 files in /opt/airflow/dags
[2026-09-30T06:12:41.264+0000] {manager.py:878} INFO - 
================================================================================
DAG File Processing Stats

File Path                            PID    Runtime      # DAGs    # Errors  Last Runtime    Last Run
-----------------------------------  -----  ---------  --------  ----------  --------------  -------------------
/opt/airflow/dags/dag_market_eod.py                           1           0  0.30s           2026-09-30T06:12:13
================================================================================
[2026-09-30T06:13:11.612+0000] {manager.py:878} INFO - 
================================================================================
DAG File Processing Stats

File Path                            PID    Runtime      # DAGs    # Errors  Last Runtime    Last Run
-----------------------------------  -----  ---------  --------  ----------  --------------  -------------------
/opt/airflow/dags/dag_market_eod.py                           1           0  0.40s           2026-09-30T06:12:43
================================================================================
[2026-09-30T06:13:42.097+0000] {manager.py:878} INFO - 
================================================================================
DAG File Processing Stats

File Path                            PID    Runtime      # DAGs    # Errors  Last Runtime    Last Run
-----------------------------------  -----  ---------  --------  ----------  --------------  -------------------
/opt/airflow/dags/dag_market_eod.py                           1           0  0.40s           2026-09-30T06:13:14
================================================================================
[2026-09-30T06:14:12.563+0000] {manager.py:878} INFO - 
================================================================================
DAG File Processing Stats

File Path                            PID    Runtime      # DAGs    # Errors  Last Runtime    Last Run
-----------------------------------  -----  ---------  --------  ----------  --------------  -------------------
/opt/airflow/dags/dag_market_eod.py                           1           0  0.40s           2026-09-30T06:13:44
================================================================================
[2026-09-30T06:14:43.035+0000] {manager.py:878} INFO - 
================================================================================
DAG File Processing Stats

File Path                            PID    Runtime      # DAGs    # Errors  Last Runtime    Last Run
-----------------------------------  -----  ---------  --------  ----------  --------------  -------------------
/opt/airflow/dags/dag_market_eod.py                           1           0  0.40s           2026-09-30T06:14:15
================================================================================
[2026-09-30T06:15:13.513+0000] {manager.py:878} INFO - 
================================================================================
DAG File Processing Stats

File Path                            PID    Runtime      # DAGs    # Errors  Last Runtime    Last Run
-----------------------------------  -----  ---------  --------  ----------  --------------  -------------------
/opt/airflow/dags/dag_market_eod.py                           1           0  0.40s           2026-09-30T06:14:45
================================================================================
[2026-09-30T06:15:44.006+0000] {manager.py:878} INFO - 
================================================================================
DAG File Processing Stats

File Path                            PID    Runtime      # DAGs    # Errors  Last Runtime    Last Run
-----------------------------------  -----  ---------  --------  ----------  --------------  -------------------
/opt/airflow/dags/dag_market_eod.py                           1           0  0.31s           2026-09-30T06:15:16
================================================================================
[2026-09-30T06:16:14.391+0000] {manager.py:878} INFO - 
================================================================================
DAG File Processing Stats

File Path                            PID    Runtime      # DAGs    # Errors  Last Runtime    Last Run
-----------------------------------  -----  ---------  --------  ----------  --------------  -------------------
/opt/airflow/dags/dag_market_eod.py                           1           0  0.41s           2026-09-30T06:15:46
================================================================================
[2026-09-30T06:16:44.871+0000] {manager.py:878} INFO - 
================================================================================
DAG File Processing Stats

File Path                            PID    Runtime      # DAGs    # Errors  Last Runtime    Last Run
-----------------------------------  -----  ---------  --------  ----------  --------------  -------------------
/opt/airflow/dags/dag_market_eod.py                           1           0  0.42s           2026-09-30T06:16:17
================================================================================
[2026-09-30T06:17:15.375+0000] {manager.py:878} INFO - 
================================================================================
DAG File Processing Stats

File Path                            PID    Runtime      # DAGs    # Errors  Last Runtime    Last Run
-----------------------------------  -----  ---------  --------  ----------  --------------  -------------------
/opt/airflow/dags/dag_market_eod.py                           1           0  0.39s           2026-09-30T06:16:47
================================================================================
[2026-09-30T06:17:37.827+0000] {manager.py:737} INFO - Searching for files in /opt/airflow/dags
[2026-09-30T06:17:37.827+0000] {manager.py:740} INFO - There are 1 files in /opt/airflow/dags
[2026-09-30T06:17:45.851+0000] {manager.py:878} INFO - 
================================================================================
DAG File Processing Stats

File Path                            PID    Runtime      # DAGs    # Errors  Last Runtime    Last Run
-----------------------------------  -----  ---------  --------  ----------  --------------  -------------------
/opt/airflow/dags/dag_market_eod.py                           1           0  0.39s           2026-09-30T06:17:18
================================================================================
[2026-09-30T06:18:16.312+0000] {manager.py:878} INFO - 
================================================================================
DAG File Processing Stats

File Path                            PID    Runtime      # DAGs    # Errors  Last Runtime    Last Run
-----------------------------------  -----  ---------  --------  ----------  --------------  -------------------
/opt/airflow/dags/dag_market_eod.py                           1           0  0.40s           2026-09-30T06:17:48
================================================================================
[2026-09-30T06:18:46.790+0000] {manager.py:878} INFO - 
================================================================================
DAG File Processing Stats

File Path                            PID    Runtime      # DAGs    # Errors  Last Runtime    Last Run
-----------------------------------  -----  ---------  --------  ----------  --------------  -------------------
/opt/airflow/dags/dag_market_eod.py                           1           0  0.40s           2026-09-30T06:18:19
================================================================================
[2026-09-30T06:19:17.269+0000] {manager.py:878} INFO - 
================================================================================
DAG File Processing Stats

File Path                            PID    Runtime      # DAGs    # Errors  Last Runtime    Last Run
-----------------------------------  -----  ---------  --------  ----------  --------------  -------------------
/opt/airflow/dags/dag_market_eod.py                           1           0  0.40s           2026-09-30T06:18:49
================================================================================
[2026-09-30T06:19:47.745+0000] {manager.py:878} INFO - 
================================================================================
DAG File Processing Stats

File Path                            PID    Runtime      # DAGs    # Errors  Last Runtime    Last Run
-----------------------------------  -----  ---------  --------  ----------  --------------  -------------------
/opt/airflow/dags/dag_market_eod.py                           1           0  0.40s           2026-09-30T06:19:20
================================================================================
[2026-09-30T06:20:18.221+0000] {manager.py:878} INFO - 
================================================================================
DAG File Processing Stats

File Path                            PID    Runtime      # DAGs    # Errors  Last Runtime    Last Run
-----------------------------------  -----  ---------  --------  ----------  --------------  -------------------
/opt/airflow/dags/dag_market_eod.py                           1           0  0.40s           2026-09-30T06:19:50
================================================================================
[2026-09-30T06:20:48.686+0000] {manager.py:878} INFO - 
================================================================================
DAG File Processing Stats

File Path                            PID    Runtime      # DAGs    # Errors  Last Runtime    Last Run
-----------------------------------  -----  ---------  --------  ----------  --------------  -------------------
/opt/airflow/dags/dag_market_eod.py                           1           0  0.40s           2026-09-30T06:20:21
================================================================================
[2026-09-30T06:21:19.172+0000] {manager.py:878} INFO - 
================================================================================
DAG File Processing Stats

File Path                            PID    Runtime      # DAGs    # Errors  Last Runtime    Last Run
-----------------------------------  -----  ---------  --------  ----------  --------------  -------------------
/opt/airflow/dags/dag_market_eod.py                           1           0  0.40s           2026-09-30T06:20:51
================================================================================
[2026-09-30T06:21:49.635+0000] {manager.py:878} INFO - 
================================================================================
DAG File Processing Stats

File Path                            PID    Runtime      # DAGs    # Errors  Last Runtime    Last Run
-----------------------------------  -----  ---------  --------  ----------  --------------  -------------------
/opt/airflow/dags/dag_market_eod.py                           1           0  0.41s           2026-09-30T06:21:21
================================================================================
[2026-09-30T06:22:20.123+0000] {manager.py:878} INFO - 
================================================================================
DAG File Processing Stats

File Path                            PID    Runtime      # DAGs    # Errors  Last Runtime    Last Run
-----------------------------------  -----  ---------  --------  ----------  --------------  -------------------
/opt/airflow/dags/dag_market_eod.py                           1           0  0.40s           2026-09-30T06:21:52
================================================================================
[2026-09-30T06:22:37.947+0000] {manager.py:737} INFO - Searching for files in /opt/airflow/dags
[2026-09-30T06:22:37.948+0000] {manager.py:740} INFO - There are 1 files in /opt/airflow/dags
[2026-09-30T06:22:50.595+0000] {manager.py:878} INFO - 
================================================================================
DAG File Processing Stats

File Path                            PID    Runtime      # DAGs    # Errors  Last Runtime    Last Run
-----------------------------------  -----  ---------  --------  ----------  --------------  -------------------
/opt/airflow/dags/dag_market_eod.py                           1           0  0.40s           2026-09-30T06:22:22
================================================================================
[2026-09-30T06:23:21.068+0000] {manager.py:878} INFO - 
================================================================================
DAG File Processing Stats

File Path                            PID    Runtime      # DAGs    # Errors  Last Runtime    Last Run
-----------------------------------  -----  ---------  --------  ----------  --------------  -------------------
/opt/airflow/dags/dag_market_eod.py                           1           0  0.41s           2026-09-30T06:22:53
================================================================================
[2026-09-30T06:23:51.552+0000] {manager.py:878} INFO - 
================================================================================
DAG File Processing Stats

File Path                            PID    Runtime      # DAGs    # Errors  Last Runtime    Last Run
-----------------------------------  -----  ---------  --------  ----------  --------------  -------------------
/opt/airflow/dags/dag_market_eod.py                           1           0  0.40s           2026-09-30T06:23:23
================================================================================
[2026-09-30T06:24:22.038+0000] {manager.py:878} INFO - 
================================================================================
DAG File Processing Stats

File Path                            PID    Runtime      # DAGs    # Errors  Last Runtime    Last Run
-----------------------------------  -----  ---------  --------  ----------  --------------  -------------------
/opt/airflow/dags/dag_market_eod.py                           1           0  0.40s           2026-09-30T06:23:54
================================================================================
[2026-09-30T06:24:52.508+0000] {manager.py:878} INFO - 
================================================================================
DAG File Processing Stats

File Path                            PID    Runtime      # DAGs    # Errors  Last Runtime    Last Run
-----------------------------------  -----  ---------  --------  ----------  --------------  -------------------
/opt/airflow/dags/dag_market_eod.py                           1           0  0.39s           2026-09-30T06:24:24
================================================================================
[2026-09-30T06:25:22.975+0000] {manager.py:878} INFO - 
================================================================================
DAG File Processing Stats

File Path                            PID    Runtime      # DAGs    # Errors  Last Runtime    Last Run
-----------------------------------  -----  ---------  --------  ----------  --------------  -------------------
/opt/airflow/dags/dag_market_eod.py                           1           0  0.39s           2026-09-30T06:24:55
================================================================================
[2026-09-30T06:25:53.436+0000] {manager.py:878} INFO - 
================================================================================
DAG File Processing Stats

File Path                            PID    Runtime      # DAGs    # Errors  Last Runtime    Last Run
-----------------------------------  -----  ---------  --------  ----------  --------------  -------------------
/opt/airflow/dags/dag_market_eod.py                           1           0  0.40s           2026-09-30T06:25:25
================================================================================
[2026-09-30T06:26:23.926+0000] {manager.py:878} INFO - 
================================================================================
DAG File Processing Stats

File Path                            PID    Runtime      # DAGs    # Errors  Last Runtime    Last Run
-----------------------------------  -----  ---------  --------  ----------  --------------  -------------------
/opt/airflow/dags/dag_market_eod.py                           1           0  0.42s           2026-09-30T06:25:56
================================================================================
[2026-09-30T06:26:54.427+0000] {manager.py:878} INFO - 
================================================================================
DAG File Processing Stats

File Path                            PID    Runtime      # DAGs    # Errors  Last Runtime    Last Run
-----------------------------------  -----  ---------  --------  ----------  --------------  -------------------
/opt/airflow/dags/dag_market_eod.py                           1           0  0.41s           2026-09-30T06:26:26
================================================================================
[2026-09-30T06:27:24.902+0000] {manager.py:878} INFO - 
================================================================================
DAG File Processing Stats

File Path                            PID    Runtime      # DAGs    # Errors  Last Runtime    Last Run
-----------------------------------  -----  ---------  --------  ----------  --------------  -------------------
/opt/airflow/dags/dag_market_eod.py                           1           0  0.40s           2026-09-30T06:26:57
================================================================================
[2026-09-30T06:27:38.333+0000] {manager.py:737} INFO - Searching for files in /opt/airflow/dags
[2026-09-30T06:27:38.334+0000] {manager.py:740} INFO - There are 1 files in /opt/airflow/dags
[2026-09-30T06:27:55.382+0000] {manager.py:878} INFO - 
================================================================================
DAG File Processing Stats

File Path                            PID    Runtime      # DAGs    # Errors  Last Runtime    Last Run
-----------------------------------  -----  ---------  --------  ----------  --------------  -------------------
/opt/airflow/dags/dag_market_eod.py                           1           0  0.41s           2026-09-30T06:27:27
================================================================================
[2026-09-30T06:28:25.868+0000] {manager.py:878} INFO - 
================================================================================
DAG File Processing Stats

File Path                            PID    Runtime      # DAGs    # Errors  Last Runtime    Last Run
-----------------------------------  -----  ---------  --------  ----------  --------------  -------------------
/opt/airflow/dags/dag_market_eod.py                           1           0  0.40s           2026-09-30T06:27:58
================================================================================
[2026-09-30T06:28:56.343+0000] {manager.py:878} INFO - 
================================================================================
DAG File Processing Stats

File Path                            PID    Runtime      # DAGs    # Errors  Last Runtime    Last Run
-----------------------------------  -----  ---------  --------  ----------  --------------  -------------------
/opt/airflow/dags/dag_market_eod.py                           1           0  0.38s           2026-09-30T06:28:28
================================================================================
[2026-09-30T06:29:26.792+0000] {manager.py:878} INFO - 
================================================================================
DAG File Processing Stats

File Path                            PID    Runtime      # DAGs    # Errors  Last Runtime    Last Run
-----------------------------------  -----  ---------  --------  ----------  --------------  -------------------
/opt/airflow/dags/dag_market_eod.py                           1           0  0.41s           2026-09-30T06:28:59
================================================================================
[2026-09-30T06:29:57.271+0000] {manager.py:878} INFO - 
================================================================================
DAG File Processing Stats

File Path                            PID    Runtime      # DAGs    # Errors  Last Runtime    Last Run
-----------------------------------  -----  ---------  --------  ----------  --------------  -------------------
/opt/airflow/dags/dag_market_eod.py                           1           0  0.40s           2026-09-30T06:29:29
================================================================================
[2026-09-30T06:30:27.747+0000] {manager.py:878} INFO - 
================================================================================
DAG File Processing Stats

File Path                            PID    Runtime      # DAGs    # Errors  Last Runtime    Last Run
-----------------------------------  -----  ---------  --------  ----------  --------------  -------------------
/opt/airflow/dags/dag_market_eod.py                           1           0  0.39s           2026-09-30T06:30:00
================================================================================
[2026-09-30T06:30:58.218+0000] {manager.py:878} INFO - 
================================================================================
DAG File Processing Stats

File Path                            PID    Runtime      # DAGs    # Errors  Last Runtime    Last Run
-----------------------------------  -----  ---------  --------  ----------  --------------  -------------------
/opt/airflow/dags/dag_market_eod.py                           1           0  0.41s           2026-09-30T06:30:30
================================================================================
[2026-09-30T06:31:28.704+0000] {manager.py:878} INFO - 
================================================================================
DAG File Processing Stats

File Path                            PID    Runtime      # DAGs    # Errors  Last Runtime    Last Run
-----------------------------------  -----  ---------  --------  ----------  --------------  -------------------
/opt/airflow/dags/dag_market_eod.py                           1           0  0.39s           2026-09-30T06:31:01
================================================================================
[2026-09-30T06:31:59.168+0000] {manager.py:878} INFO - 
================================================================================
DAG File Processing Stats

File Path                            PID    Runtime      # DAGs    # Errors  Last Runtime    Last Run
-----------------------------------  -----  ---------  --------  ----------  --------------  -------------------
/opt/airflow/dags/dag_market_eod.py                           1           0  0.40s           2026-09-30T06:31:31
================================================================================
[2026-09-30T06:32:29.642+0000] {manager.py:878} INFO - 
================================================================================
DAG File Processing Stats

File Path                            PID    Runtime      # DAGs    # Errors  Last Runtime    Last Run
-----------------------------------  -----  ---------  --------  ----------  --------------  -------------------
/opt/airflow/dags/dag_market_eod.py                           1           0  0.42s           2026-09-30T06:32:01
================================================================================
[2026-09-30T06:32:38.478+0000] {manager.py:737} INFO - Searching for files in /opt/airflow/dags
[2026-09-30T06:32:38.479+0000] {manager.py:740} INFO - There are 1 files in /opt/airflow/dags
[2026-09-30T06:33:00.141+0000] {manager.py:878} INFO - 
================================================================================
DAG File Processing Stats

File Path                            PID    Runtime      # DAGs    # Errors  Last Runtime    Last Run
-----------------------------------  -----  ---------  --------  ----------  --------------  -------------------
/opt/airflow/dags/dag_market_eod.py                           1           0  0.40s           2026-09-30T06:32:32
================================================================================
[2026-09-30T06:33:30.613+0000] {manager.py:878} INFO - 
================================================================================
DAG File Processing Stats

File Path                            PID    Runtime      # DAGs    # Errors  Last Runtime    Last Run
-----------------------------------  -----  ---------  --------  ----------  --------------  -------------------
/opt/airflow/dags/dag_market_eod.py                           1           0  0.41s           2026-09-30T06:33:02
================================================================================
[2026-09-30T06:34:01.103+0000] {manager.py:878} INFO - 
================================================================================
DAG File Processing Stats

File Path                            PID    Runtime      # DAGs    # Errors  Last Runtime    Last Run
-----------------------------------  -----  ---------  --------  ----------  --------------  -------------------
/opt/airflow/dags/dag_market_eod.py                           1           0  0.38s           2026-09-30T06:33:33
================================================================================
[2026-09-30T06:34:31.562+0000] {manager.py:878} INFO - 
================================================================================
DAG File Processing Stats

File Path                            PID    Runtime      # DAGs    # Errors  Last Runtime    Last Run
-----------------------------------  -----  ---------  --------  ----------  --------------  -------------------
/opt/airflow/dags/dag_market_eod.py                           1           0  0.40s           2026-09-30T06:34:03
================================================================================
[2026-09-30T06:35:02.042+0000] {manager.py:878} INFO - 
================================================================================
DAG File Processing Stats

File Path                            PID    Runtime      # DAGs    # Errors  Last Runtime    Last Run
-----------------------------------  -----  ---------  --------  ----------  --------------  -------------------
/opt/airflow/dags/dag_market_eod.py                           1           0  0.40s           2026-09-30T06:34:34
================================================================================
[2026-09-30T06:35:32.508+0000] {manager.py:878} INFO - 
================================================================================
DAG File Processing Stats

File Path                            PID    Runtime      # DAGs    # Errors  Last Runtime    Last Run
-----------------------------------  -----  ---------  --------  ----------  --------------  -------------------
/opt/airflow/dags/dag_market_eod.py                           1           0  0.40s           2026-09-30T06:35:04
================================================================================
[2026-09-30T06:36:02.987+0000] {manager.py:878} INFO - 
================================================================================
DAG File Processing Stats

File Path                            PID    Runtime      # DAGs    # Errors  Last Runtime    Last Run
-----------------------------------  -----  ---------  --------  ----------  --------------  -------------------
/opt/airflow/dags/dag_market_eod.py                           1           0  0.40s           2026-09-30T06:35:35
================================================================================
[2026-09-30T06:36:33.464+0000] {manager.py:878} INFO - 
================================================================================
DAG File Processing Stats

File Path                            PID    Runtime      # DAGs    # Errors  Last Runtime    Last Run
-----------------------------------  -----  ---------  --------  ----------  --------------  -------------------
/opt/airflow/dags/dag_market_eod.py                           1           0  0.40s           2026-09-30T06:36:05
================================================================================
[2026-09-30T06:37:03.950+0000] {manager.py:878} INFO - 
================================================================================
DAG File Processing Stats

File Path                            PID    Runtime      # DAGs    # Errors  Last Runtime    Last Run
-----------------------------------  -----  ---------  --------  ----------  --------------  -------------------
/opt/airflow/dags/dag_market_eod.py                           1           0  0.39s           2026-09-30T06:36:36
================================================================================
[2026-09-30T06:37:34.417+0000] {manager.py:878} INFO - 
================================================================================
DAG File Processing Stats

File Path                            PID    Runtime      # DAGs    # Errors  Last Runtime    Last Run
-----------------------------------  -----  ---------  --------  ----------  --------------  -------------------
/opt/airflow/dags/dag_market_eod.py                           1           0  0.39s           2026-09-30T06:37:06
================================================================================
[2026-09-30T06:37:38.817+0000] {manager.py:737} INFO - Searching for files in /opt/airflow/dags
[2026-09-30T06:37:38.818+0000] {manager.py:740} INFO - There are 1 files in /opt/airflow/dags
[2026-09-30T06:38:04.887+0000] {manager.py:878} INFO - 
================================================================================
DAG File Processing Stats

File Path                            PID    Runtime      # DAGs    # Errors  Last Runtime    Last Run
-----------------------------------  -----  ---------  --------  ----------  --------------  -------------------
/opt/airflow/dags/dag_market_eod.py                           1           0  0.39s           2026-09-30T06:37:37
================================================================================
[2026-09-30T06:38:35.351+0000] {manager.py:878} INFO - 
================================================================================
DAG File Processing Stats

File Path                            PID    Runtime      # DAGs    # Errors  Last Runtime    Last Run
-----------------------------------  -----  ---------  --------  ----------  --------------  -------------------
/opt/airflow/dags/dag_market_eod.py                           1           0  0.39s           2026-09-30T06:38:07
================================================================================
[2026-09-30T06:39:05.815+0000] {manager.py:878} INFO - 
================================================================================
DAG File Processing Stats

File Path                            PID    Runtime      # DAGs    # Errors  Last Runtime    Last Run
-----------------------------------  -----  ---------  --------  ----------  --------------  -------------------
/opt/airflow/dags/dag_market_eod.py                           1           0  0.39s           2026-09-30T06:38:38
================================================================================
[2026-09-30T06:39:36.278+0000] {manager.py:878} INFO - 
================================================================================
DAG File Processing Stats

File Path                            PID    Runtime      # DAGs    # Errors  Last Runtime    Last Run
-----------------------------------  -----  ---------  --------  ----------  --------------  -------------------
/opt/airflow/dags/dag_market_eod.py                           1           0  0.39s           2026-09-30T06:39:08
================================================================================
[2026-09-30T06:40:06.756+0000] {manager.py:878} INFO - 
================================================================================
DAG File Processing Stats

File Path                            PID    Runtime      # DAGs    # Errors  Last Runtime    Last Run
-----------------------------------  -----  ---------  --------  ----------  --------------  -------------------
/opt/airflow/dags/dag_market_eod.py                           1           0  0.41s           2026-09-30T06:39:39
================================================================================
[2026-09-30T06:40:37.239+0000] {manager.py:878} INFO - 
================================================================================
DAG File Processing Stats

File Path                            PID    Runtime      # DAGs    # Errors  Last Runtime    Last Run
-----------------------------------  -----  ---------  --------  ----------  --------------  -------------------
/opt/airflow/dags/dag_market_eod.py                           1           0  0.38s           2026-09-30T06:40:09
================================================================================
[2026-09-30T06:41:07.696+0000] {manager.py:878} INFO - 
================================================================================
DAG File Processing Stats

File Path                            PID    Runtime      # DAGs    # Errors  Last Runtime    Last Run
-----------------------------------  -----  ---------  --------  ----------  --------------  -------------------
/opt/airflow/dags/dag_market_eod.py                           1           0  0.39s           2026-09-30T06:40:40
================================================================================
[2026-09-30T06:41:38.172+0000] {manager.py:878} INFO - 
================================================================================
DAG File Processing Stats

File Path                            PID    Runtime      # DAGs    # Errors  Last Runtime    Last Run
-----------------------------------  -----  ---------  --------  ----------  --------------  -------------------
/opt/airflow/dags/dag_market_eod.py                           1           0  0.40s           2026-09-30T06:41:10
================================================================================
[2026-09-30T06:42:08.638+0000] {manager.py:878} INFO - 
================================================================================
DAG File Processing Stats

File Path                            PID    Runtime      # DAGs    # Errors  Last Runtime    Last Run
-----------------------------------  -----  ---------  --------  ----------  --------------  -------------------
/opt/airflow/dags/dag_market_eod.py                           1           0  0.40s           2026-09-30T06:41:40
================================================================================
[2026-09-30T06:42:39.116+0000] {manager.py:737} INFO - Searching for files in /opt/airflow/dags
[2026-09-30T06:42:39.117+0000] {manager.py:740} INFO - There are 1 files in /opt/airflow/dags
[2026-09-30T06:42:39.120+0000] {manager.py:878} INFO - 
================================================================================
DAG File Processing Stats

File Path                            PID    Runtime      # DAGs    # Errors  Last Runtime    Last Run
-----------------------------------  -----  ---------  --------  ----------  --------------  -------------------
/opt/airflow/dags/dag_market_eod.py                           1           0  0.39s           2026-09-30T06:42:11
================================================================================
[2026-09-30T06:43:09.579+0000] {manager.py:878} INFO - 
================================================================================
DAG File Processing Stats

File Path                            PID    Runtime      # DAGs    # Errors  Last Runtime    Last Run
-----------------------------------  -----  ---------  --------  ----------  --------------  -------------------
/opt/airflow/dags/dag_market_eod.py                           1           0  0.39s           2026-09-30T06:42:41
================================================================================
[2026-09-30T06:43:40.036+0000] {manager.py:878} INFO - 
================================================================================
DAG File Processing Stats

File Path                            PID    Runtime      # DAGs    # Errors  Last Runtime    Last Run
-----------------------------------  -----  ---------  --------  ----------  --------------  -------------------
/opt/airflow/dags/dag_market_eod.py                           1           0  0.40s           2026-09-30T06:43:12
================================================================================
[2026-09-30T06:44:10.520+0000] {manager.py:878} INFO - 
================================================================================
DAG File Processing Stats

File Path                            PID    Runtime      # DAGs    # Errors  Last Runtime    Last Run
-----------------------------------  -----  ---------  --------  ----------  --------------  -------------------
/opt/airflow/dags/dag_market_eod.py                           1           0  0.39s           2026-09-30T06:43:42
================================================================================
[2026-09-30T06:44:40.984+0000] {manager.py:878} INFO - 
================================================================================
DAG File Processing Stats

File Path                            PID    Runtime      # DAGs    # Errors  Last Runtime    Last Run
-----------------------------------  -----  ---------  --------  ----------  --------------  -------------------
/opt/airflow/dags/dag_market_eod.py                           1           0  0.40s           2026-09-30T06:44:13
================================================================================
[2026-09-30T06:45:11.455+0000] {manager.py:878} INFO - 
================================================================================
DAG File Processing Stats

File Path                            PID    Runtime      # DAGs    # Errors  Last Runtime    Last Run
-----------------------------------  -----  ---------  --------  ----------  --------------  -------------------
/opt/airflow/dags/dag_market_eod.py                           1           0  0.39s           2026-09-30T06:44:43
================================================================================
[2026-09-30T06:45:41.928+0000] {manager.py:878} INFO - 
================================================================================
DAG File Processing Stats

File Path                            PID    Runtime      # DAGs    # Errors  Last Runtime    Last Run
-----------------------------------  -----  ---------  --------  ----------  --------------  -------------------
/opt/airflow/dags/dag_market_eod.py                           1           0  0.41s           2026-09-30T06:45:14
================================================================================
[2026-09-30T06:46:12.414+0000] {manager.py:878} INFO - 
================================================================================
DAG File Processing Stats

File Path                            PID    Runtime      # DAGs    # Errors  Last Runtime    Last Run
-----------------------------------  -----  ---------  --------  ----------  --------------  -------------------
/opt/airflow/dags/dag_market_eod.py                           1           0  0.40s           2026-09-30T06:45:44
================================================================================
[2026-09-30T06:46:42.890+0000] {manager.py:878} INFO - 
================================================================================
DAG File Processing Stats

File Path                            PID    Runtime      # DAGs    # Errors  Last Runtime    Last Run
-----------------------------------  -----  ---------  --------  ----------  --------------  -------------------
/opt/airflow/dags/dag_market_eod.py                           1           0  0.39s           2026-09-30T06:46:15
================================================================================
[2026-09-30T06:47:13.366+0000] {manager.py:878} INFO - 
================================================================================
DAG File Processing Stats

File Path                            PID    Runtime      # DAGs    # Errors  Last Runtime    Last Run
-----------------------------------  -----  ---------  --------  ----------  --------------  -------------------
/opt/airflow/dags/dag_market_eod.py                           1           0  0.39s           2026-09-30T06:46:45
================================================================================
[2026-09-30T06:47:39.237+0000] {manager.py:737} INFO - Searching for files in /opt/airflow/dags
[2026-09-30T06:47:39.237+0000] {manager.py:740} INFO - There are 1 files in /opt/airflow/dags
[2026-09-30T06:47:43.836+0000] {manager.py:878} INFO - 
================================================================================
DAG File Processing Stats

File Path                            PID    Runtime      # DAGs    # Errors  Last Runtime    Last Run
-----------------------------------  -----  ---------  --------  ----------  --------------  -------------------
/opt/airflow/dags/dag_market_eod.py                           1           0  0.41s           2026-09-30T06:47:16
================================================================================
[2026-09-30T06:48:14.332+0000] {manager.py:878} INFO - 
================================================================================
DAG File Processing Stats

File Path                            PID    Runtime      # DAGs    # Errors  Last Runtime    Last Run
-----------------------------------  -----  ---------  --------  ----------  --------------  -------------------
/opt/airflow/dags/dag_market_eod.py                           1           0  0.39s           2026-09-30T06:47:46
================================================================================
[2026-09-30T06:48:44.809+0000] {manager.py:878} INFO - 
================================================================================
DAG File Processing Stats

File Path                            PID    Runtime      # DAGs    # Errors  Last Runtime    Last Run
-----------------------------------  -----  ---------  --------  ----------  --------------  -------------------
/opt/airflow/dags/dag_market_eod.py                           1           0  0.40s           2026-09-30T06:48:17
================================================================================
[2026-09-30T06:49:15.294+0000] {manager.py:878} INFO - 
================================================================================
DAG File Processing Stats

File Path                            PID    Runtime      # DAGs    # Errors  Last Runtime    Last Run
-----------------------------------  -----  ---------  --------  ----------  --------------  -------------------
/opt/airflow/dags/dag_market_eod.py                           1           0  0.39s           2026-09-30T06:48:47
================================================================================
[2026-09-30T06:49:45.748+0000] {manager.py:878} INFO - 
================================================================================
DAG File Processing Stats

File Path                            PID    Runtime      # DAGs    # Errors  Last Runtime    Last Run
-----------------------------------  -----  ---------  --------  ----------  --------------  -------------------
/opt/airflow/dags/dag_market_eod.py                           1           0  0.39s           2026-09-30T06:49:18
================================================================================
[2026-09-30T06:50:16.218+0000] {manager.py:878} INFO - 
================================================================================
DAG File Processing Stats

File Path                            PID    Runtime      # DAGs    # Errors  Last Runtime    Last Run
-----------------------------------  -----  ---------  --------  ----------  --------------  -------------------
/opt/airflow/dags/dag_market_eod.py                           1           0  0.39s           2026-09-30T06:49:48
================================================================================
[2026-09-30T06:50:46.680+0000] {manager.py:878} INFO - 
================================================================================
DAG File Processing Stats

File Path                            PID    Runtime      # DAGs    # Errors  Last Runtime    Last Run
-----------------------------------  -----  ---------  --------  ----------  --------------  -------------------
/opt/airflow/dags/dag_market_eod.py                           1           0  0.39s           2026-09-30T06:50:18
================================================================================
[2026-09-30T06:51:17.160+0000] {manager.py:878} INFO - 
================================================================================
DAG File Processing Stats

File Path                            PID    Runtime      # DAGs    # Errors  Last Runtime    Last Run
-----------------------------------  -----  ---------  --------  ----------  --------------  -------------------
/opt/airflow/dags/dag_market_eod.py                           1           0  0.39s           2026-09-30T06:50:49
================================================================================
[2026-09-30T06:51:47.612+0000] {manager.py:878} INFO - 
================================================================================
DAG File Processing Stats

File Path                            PID    Runtime      # DAGs    # Errors  Last Runtime    Last Run
-----------------------------------  -----  ---------  --------  ----------  --------------  -------------------
/opt/airflow/dags/dag_market_eod.py                           1           0  0.40s           2026-09-30T06:51:19
================================================================================
[2026-09-30T06:52:18.103+0000] {manager.py:878} INFO - 
================================================================================
DAG File Processing Stats

File Path                            PID    Runtime      # DAGs    # Errors  Last Runtime    Last Run
-----------------------------------  -----  ---------  --------  ----------  --------------  -------------------
/opt/airflow/dags/dag_market_eod.py                           1           0  0.40s           2026-09-30T06:51:50
================================================================================
[2026-09-30T06:52:39.548+0000] {manager.py:737} INFO - Searching for files in /opt/airflow/dags
[2026-09-30T06:52:39.549+0000] {manager.py:740} INFO - There are 1 files in /opt/airflow/dags
[2026-09-30T06:52:48.576+0000] {manager.py:878} INFO - 
================================================================================
DAG File Processing Stats

File Path                            PID    Runtime      # DAGs    # Errors  Last Runtime    Last Run
-----------------------------------  -----  ---------  --------  ----------  --------------  -------------------
/opt/airflow/dags/dag_market_eod.py                           1           0  0.40s           2026-09-30T06:52:20
================================================================================
[2026-09-30T06:53:19.048+0000] {manager.py:878} INFO - 
================================================================================
DAG File Processing Stats

File Path                            PID    Runtime      # DAGs    # Errors  Last Runtime    Last Run
-----------------------------------  -----  ---------  --------  ----------  --------------  -------------------
/opt/airflow/dags/dag_market_eod.py                           1           0  0.40s           2026-09-30T06:52:51
================================================================================
[2026-09-30T06:53:49.522+0000] {manager.py:878} INFO - 
================================================================================
DAG File Processing Stats

File Path                            PID    Runtime      # DAGs    # Errors  Last Runtime    Last Run
-----------------------------------  -----  ---------  --------  ----------  --------------  -------------------
/opt/airflow/dags/dag_market_eod.py                           1           0  0.40s           2026-09-30T06:53:21
================================================================================
[2026-09-30T06:54:19.996+0000] {manager.py:878} INFO - 
================================================================================
DAG File Processing Stats

File Path                            PID    Runtime      # DAGs    # Errors  Last Runtime    Last Run
-----------------------------------  -----  ---------  --------  ----------  --------------  -------------------
/opt/airflow/dags/dag_market_eod.py                           1           0  0.40s           2026-09-30T06:53:52
================================================================================
[2026-09-30T06:54:50.478+0000] {manager.py:878} INFO - 
================================================================================
DAG File Processing Stats

File Path                            PID    Runtime      # DAGs    # Errors  Last Runtime    Last Run
-----------------------------------  -----  ---------  --------  ----------  --------------  -------------------
/opt/airflow/dags/dag_market_eod.py                           1           0  0.38s           2026-09-30T06:54:22
================================================================================
[2026-09-30T06:55:20.933+0000] {manager.py:878} INFO - 
================================================================================
DAG File Processing Stats

File Path                            PID    Runtime      # DAGs    # Errors  Last Runtime    Last Run
-----------------------------------  -----  ---------  --------  ----------  --------------  -------------------
/opt/airflow/dags/dag_market_eod.py                           1           0  0.39s           2026-09-30T06:54:53
================================================================================
[2026-09-30T06:55:51.402+0000] {manager.py:878} INFO - 
================================================================================
DAG File Processing Stats

File Path                            PID    Runtime      # DAGs    # Errors  Last Runtime    Last Run
-----------------------------------  -----  ---------  --------  ----------  --------------  -------------------
/opt/airflow/dags/dag_market_eod.py                           1           0  0.39s           2026-09-30T06:55:23
================================================================================
[2026-09-30T06:56:21.874+0000] {manager.py:878} INFO - 
================================================================================
DAG File Processing Stats

File Path                            PID    Runtime      # DAGs    # Errors  Last Runtime    Last Run
-----------------------------------  -----  ---------  --------  ----------  --------------  -------------------
/opt/airflow/dags/dag_market_eod.py                           1           0  0.38s           2026-09-30T06:55:54
================================================================================
[2026-09-30T06:56:52.333+0000] {manager.py:878} INFO - 
================================================================================
DAG File Processing Stats

File Path                            PID    Runtime      # DAGs    # Errors  Last Runtime    Last Run
-----------------------------------  -----  ---------  --------  ----------  --------------  -------------------
/opt/airflow/dags/dag_market_eod.py                           1           0  0.39s           2026-09-30T06:56:24
================================================================================
[2026-09-30T06:57:22.798+0000] {manager.py:878} INFO - 
================================================================================
DAG File Processing Stats

File Path                            PID    Runtime      # DAGs    # Errors  Last Runtime    Last Run
-----------------------------------  -----  ---------  --------  ----------  --------------  -------------------
/opt/airflow/dags/dag_market_eod.py                           1           0  0.38s           2026-09-30T06:56:55
================================================================================
[2026-09-30T06:57:39.598+0000] {manager.py:737} INFO - Searching for files in /opt/airflow/dags
[2026-09-30T06:57:39.599+0000] {manager.py:740} INFO - There are 1 files in /opt/airflow/dags
[2026-09-30T06:57:53.262+0000] {manager.py:878} INFO - 
================================================================================
DAG File Processing Stats

File Path                            PID    Runtime      # DAGs    # Errors  Last Runtime    Last Run
-----------------------------------  -----  ---------  --------  ----------  --------------  -------------------
/opt/airflow/dags/dag_market_eod.py                           1           0  0.39s           2026-09-30T06:57:25
================================================================================
[2026-09-30T06:58:23.721+0000] {manager.py:878} INFO - 
================================================================================
DAG File Processing Stats

File Path                            PID    Runtime      # DAGs    # Errors  Last Runtime    Last Run
-----------------------------------  -----  ---------  --------  ----------  --------------  -------------------
/opt/airflow/dags/dag_market_eod.py                           1           0  0.39s           2026-09-30T06:57:56
================================================================================
[2026-09-30T06:58:54.191+0000] {manager.py:878} INFO - 
================================================================================
DAG File Processing Stats

File Path                            PID    Runtime      # DAGs    # Errors  Last Runtime    Last Run
-----------------------------------  -----  ---------  --------  ----------  --------------  -------------------
/opt/airflow/dags/dag_market_eod.py                           1           0  0.39s           2026-09-30T06:58:26
================================================================================
[2026-09-30T06:59:24.656+0000] {manager.py:878} INFO - 
================================================================================
DAG File Processing Stats

File Path                            PID    Runtime      # DAGs    # Errors  Last Runtime    Last Run
-----------------------------------  -----  ---------  --------  ----------  --------------  -------------------
/opt/airflow/dags/dag_market_eod.py                           1           0  0.40s           2026-09-30T06:58:56
================================================================================
[2026-09-30T06:59:55.135+0000] {manager.py:878} INFO - 
================================================================================
DAG File Processing Stats

File Path                            PID    Runtime      # DAGs    # Errors  Last Runtime    Last Run
-----------------------------------  -----  ---------  --------  ----------  --------------  -------------------
/opt/airflow/dags/dag_market_eod.py                           1           0  0.40s           2026-09-30T06:59:27
================================================================================
[2026-09-30T07:00:25.609+0000] {manager.py:878} INFO - 
================================================================================
DAG File Processing Stats

File Path                            PID    Runtime      # DAGs    # Errors  Last Runtime    Last Run
-----------------------------------  -----  ---------  --------  ----------  --------------  -------------------
/opt/airflow/dags/dag_market_eod.py                           1           0  0.40s           2026-09-30T06:59:57
================================================================================
[2026-09-30T07:00:56.079+0000] {manager.py:878} INFO - 
================================================================================
DAG File Processing Stats

File Path                            PID    Runtime      # DAGs    # Errors  Last Runtime    Last Run
-----------------------------------  -----  ---------  --------  ----------  --------------  -------------------
/opt/airflow/dags/dag_market_eod.py                           1           0  0.39s           2026-09-30T07:00:28
================================================================================
[2026-09-30T07:01:26.550+0000] {manager.py:878} INFO - 
================================================================================
DAG File Processing Stats

File Path                            PID    Runtime      # DAGs    # Errors  Last Runtime    Last Run
-----------------------------------  -----  ---------  --------  ----------  --------------  -------------------
/opt/airflow/dags/dag_market_eod.py                           1           0  0.40s           2026-09-30T07:00:58
================================================================================
[2026-09-30T07:01:57.024+0000] {manager.py:878} INFO - 
================================================================================
DAG File Processing Stats

File Path                            PID    Runtime      # DAGs    # Errors  Last Runtime    Last Run
-----------------------------------  -----  ---------  --------  ----------  --------------  -------------------
/opt/airflow/dags/dag_market_eod.py                           1           0  0.40s           2026-09-30T07:01:29
================================================================================
[2026-09-30T07:02:27.503+0000] {manager.py:878} INFO - 
================================================================================
DAG File Processing Stats

File Path                            PID    Runtime      # DAGs    # Errors  Last Runtime    Last Run
-----------------------------------  -----  ---------  --------  ----------  --------------  -------------------
/opt/airflow/dags/dag_market_eod.py                           1           0  0.40s           2026-09-30T07:01:59
================================================================================
[2026-09-30T07:02:39.940+0000] {manager.py:737} INFO - Searching for files in /opt/airflow/dags
[2026-09-30T07:02:39.941+0000] {manager.py:740} INFO - There are 1 files in /opt/airflow/dags
[2026-09-30T07:02:57.998+0000] {manager.py:878} INFO - 
================================================================================
DAG File Processing Stats

File Path                            PID    Runtime      # DAGs    # Errors  Last Runtime    Last Run
-----------------------------------  -----  ---------  --------  ----------  --------------  -------------------
/opt/airflow/dags/dag_market_eod.py                           1           0  0.39s           2026-09-30T07:02:30
================================================================================
[2026-09-30T07:03:28.451+0000] {manager.py:878} INFO - 
================================================================================
DAG File Processing Stats

File Path                            PID    Runtime      # DAGs    # Errors  Last Runtime    Last Run
-----------------------------------  -----  ---------  --------  ----------  --------------  -------------------
/opt/airflow/dags/dag_market_eod.py                           1           0  0.39s           2026-09-30T07:03:00
================================================================================
[2026-09-30T07:03:58.908+0000] {manager.py:878} INFO - 
================================================================================
DAG File Processing Stats

File Path                            PID    Runtime      # DAGs    # Errors  Last Runtime    Last Run
-----------------------------------  -----  ---------  --------  ----------  --------------  -------------------
/opt/airflow/dags/dag_market_eod.py                           1           0  0.39s           2026-09-30T07:03:31
================================================================================
[2026-09-30T07:04:29.389+0000] {manager.py:878} INFO - 
================================================================================
DAG File Processing Stats

File Path                            PID    Runtime      # DAGs    # Errors  Last Runtime    Last Run
-----------------------------------  -----  ---------  --------  ----------  --------------  -------------------
/opt/airflow/dags/dag_market_eod.py                           1           0  0.40s           2026-09-30T07:04:01
================================================================================
[2026-09-30T07:04:59.878+0000] {manager.py:878} INFO - 
================================================================================
DAG File Processing Stats

File Path                            PID    Runtime      # DAGs    # Errors  Last Runtime    Last Run
-----------------------------------  -----  ---------  --------  ----------  --------------  -------------------
/opt/airflow/dags/dag_market_eod.py                           1           0  0.39s           2026-09-30T07:04:32
================================================================================
[2026-09-30T07:05:30.340+0000] {manager.py:878} INFO - 
================================================================================
DAG File Processing Stats

File Path                            PID    Runtime      # DAGs    # Errors  Last Runtime    Last Run
-----------------------------------  -----  ---------  --------  ----------  --------------  -------------------
/opt/airflow/dags/dag_market_eod.py                           1           0  0.40s           2026-09-30T07:05:02
================================================================================
[2026-09-30T07:06:00.823+0000] {manager.py:878} INFO - 
================================================================================
DAG File Processing Stats

File Path                            PID    Runtime      # DAGs    # Errors  Last Runtime    Last Run
-----------------------------------  -----  ---------  --------  ----------  --------------  -------------------
/opt/airflow/dags/dag_market_eod.py                           1           0  0.40s           2026-09-30T07:05:33
================================================================================
[2026-09-30T07:06:31.290+0000] {manager.py:878} INFO - 
================================================================================
DAG File Processing Stats

File Path                            PID    Runtime      # DAGs    # Errors  Last Runtime    Last Run
-----------------------------------  -----  ---------  --------  ----------  --------------  -------------------
/opt/airflow/dags/dag_market_eod.py                           1           0  0.39s           2026-09-30T07:06:03
================================================================================
[2026-09-30T07:07:01.753+0000] {manager.py:878} INFO - 
================================================================================
DAG File Processing Stats

File Path                            PID    Runtime      # DAGs    # Errors  Last Runtime    Last Run
-----------------------------------  -----  ---------  --------  ----------  --------------  -------------------
/opt/airflow/dags/dag_market_eod.py                           1           0  0.40s           2026-09-30T07:06:34
================================================================================
[2026-09-30T07:07:32.243+0000] {manager.py:878} INFO - 
================================================================================
DAG File Processing Stats

File Path                            PID    Runtime      # DAGs    # Errors  Last Runtime    Last Run
-----------------------------------  -----  ---------  --------  ----------  --------------  -------------------
/opt/airflow/dags/dag_market_eod.py                           1           0  0.39s           2026-09-30T07:07:04
================================================================================
[2026-09-30T07:07:40.029+0000] {manager.py:737} INFO - Searching for files in /opt/airflow/dags
[2026-09-30T07:07:40.030+0000] {manager.py:740} INFO - There are 1 files in /opt/airflow/dags
[2026-09-30T07:08:02.703+0000] {manager.py:878} INFO - 
================================================================================
DAG File Processing Stats

File Path                            PID    Runtime      # DAGs    # Errors  Last Runtime    Last Run
-----------------------------------  -----  ---------  --------  ----------  --------------  -------------------
/opt/airflow/dags/dag_market_eod.py                           1           0  0.39s           2026-09-30T07:07:35
================================================================================
[2026-09-30T07:08:33.170+0000] {manager.py:878} INFO - 
================================================================================
DAG File Processing Stats

File Path                            PID    Runtime      # DAGs    # Errors  Last Runtime    Last Run
-----------------------------------  -----  ---------  --------  ----------  --------------  -------------------
/opt/airflow/dags/dag_market_eod.py                           1           0  0.39s           2026-09-30T07:08:05
================================================================================
[2026-09-30T07:09:03.637+0000] {manager.py:878} INFO - 
================================================================================
DAG File Processing Stats

File Path                            PID    Runtime      # DAGs    # Errors  Last Runtime    Last Run
-----------------------------------  -----  ---------  --------  ----------  --------------  -------------------
/opt/airflow/dags/dag_market_eod.py                           1           0  0.39s           2026-09-30T07:08:35
================================================================================
[2026-09-30T07:09:34.110+0000] {manager.py:878} INFO - 
================================================================================
DAG File Processing Stats

File Path                            PID    Runtime      # DAGs    # Errors  Last Runtime    Last Run
-----------------------------------  -----  ---------  --------  ----------  --------------  -------------------
/opt/airflow/dags/dag_market_eod.py                           1           0  0.40s           2026-09-30T07:09:06
================================================================================
[2026-09-30T07:10:04.589+0000] {manager.py:878} INFO - 
================================================================================
DAG File Processing Stats

File Path                            PID    Runtime      # DAGs    # Errors  Last Runtime    Last Run
-----------------------------------  -----  ---------  --------  ----------  --------------  -------------------
/opt/airflow/dags/dag_market_eod.py                           1           0  0.40s           2026-09-30T07:09:36
================================================================================
[2026-09-30T07:10:35.072+0000] {manager.py:878} INFO - 
================================================================================
DAG File Processing Stats

File Path                            PID    Runtime      # DAGs    # Errors  Last Runtime    Last Run
-----------------------------------  -----  ---------  --------  ----------  --------------  -------------------
/opt/airflow/dags/dag_market_eod.py                           1           0  0.39s           2026-09-30T07:10:07
================================================================================
[2026-09-30T07:11:05.534+0000] {manager.py:878} INFO - 
================================================================================
DAG File Processing Stats

File Path                            PID    Runtime      # DAGs    # Errors  Last Runtime    Last Run
-----------------------------------  -----  ---------  --------  ----------  --------------  -------------------
/opt/airflow/dags/dag_market_eod.py                           1           0  0.39s           2026-09-30T07:10:37
================================================================================
[2026-09-30T07:11:36.007+0000] {manager.py:878} INFO - 
================================================================================
DAG File Processing Stats

File Path                            PID    Runtime      # DAGs    # Errors  Last Runtime    Last Run
-----------------------------------  -----  ---------  --------  ----------  --------------  -------------------
/opt/airflow/dags/dag_market_eod.py                           1           0  0.40s           2026-09-30T07:11:08
================================================================================
[2026-09-30T07:12:06.483+0000] {manager.py:878} INFO - 
================================================================================
DAG File Processing Stats

File Path                            PID    Runtime      # DAGs    # Errors  Last Runtime    Last Run
-----------------------------------  -----  ---------  --------  ----------  --------------  -------------------
/opt/airflow/dags/dag_market_eod.py                           1           0  0.39s           2026-09-30T07:11:38
================================================================================
[2026-09-30T07:12:36.947+0000] {manager.py:878} INFO - 
================================================================================
DAG File Processing Stats

File Path                            PID    Runtime      # DAGs    # Errors  Last Runtime    Last Run
-----------------------------------  -----  ---------  --------  ----------  --------------  -------------------
/opt/airflow/dags/dag_market_eod.py                           1           0  0.38s           2026-09-30T07:12:09
================================================================================
[2026-09-30T07:12:40.343+0000] {manager.py:737} INFO - Searching for files in /opt/airflow/dags
[2026-09-30T07:12:40.344+0000] {manager.py:740} INFO - There are 1 files in /opt/airflow/dags
[2026-09-30T07:13:07.420+0000] {manager.py:878} INFO - 
================================================================================
DAG File Processing Stats

File Path                            PID    Runtime      # DAGs    # Errors  Last Runtime    Last Run
-----------------------------------  -----  ---------  --------  ----------  --------------  -------------------
/opt/airflow/dags/dag_market_eod.py                           1           0  0.39s           2026-09-30T07:12:39
================================================================================
[2026-09-30T07:13:37.473+0000] {manager.py:878} INFO - 
================================================================================
DAG File Processing Stats

File Path                            PID    Runtime      # DAGs    # Errors  Last Runtime    Last Run
-----------------------------------  -----  ---------  --------  ----------  --------------  -------------------
/opt/airflow/dags/dag_market_eod.py                           1           0  0.60s           2026-09-30T07:13:10
================================================================================
[2026-09-30T07:14:07.562+0000] {manager.py:878} INFO - 
================================================================================
DAG File Processing Stats

File Path                            PID    Runtime      # DAGs    # Errors  Last Runtime    Last Run
-----------------------------------  -----  ---------  --------  ----------  --------------  -------------------
/opt/airflow/dags/dag_market_eod.py                           1           0  0.39s           2026-09-30T07:13:40
================================================================================
[2026-09-30T07:14:38.033+0000] {manager.py:878} INFO - 
================================================================================
DAG File Processing Stats

File Path                            PID    Runtime      # DAGs    # Errors  Last Runtime    Last Run
-----------------------------------  -----  ---------  --------  ----------  --------------  -------------------
/opt/airflow/dags/dag_market_eod.py                           1           0  0.39s           2026-09-30T07:14:11
================================================================================
[2026-09-30T07:15:08.494+0000] {manager.py:878} INFO - 
================================================================================
DAG File Processing Stats

File Path                            PID    Runtime      # DAGs    # Errors  Last Runtime    Last Run
-----------------------------------  -----  ---------  --------  ----------  --------------  -------------------
/opt/airflow/dags/dag_market_eod.py                           1           0  0.39s           2026-09-30T07:14:41
================================================================================
[2026-09-30T07:15:38.973+0000] {manager.py:878} INFO - 
================================================================================
DAG File Processing Stats

File Path                            PID    Runtime      # DAGs    # Errors  Last Runtime    Last Run
-----------------------------------  -----  ---------  --------  ----------  --------------  -------------------
/opt/airflow/dags/dag_market_eod.py                           1           0  0.39s           2026-09-30T07:15:12
================================================================================
[2026-09-30T07:16:09.441+0000] {manager.py:878} INFO - 
================================================================================
DAG File Processing Stats

File Path                            PID    Runtime      # DAGs    # Errors  Last Runtime    Last Run
-----------------------------------  -----  ---------  --------  ----------  --------------  -------------------
/opt/airflow/dags/dag_market_eod.py                           1           0  0.40s           2026-09-30T07:15:42
================================================================================
[2026-09-30T07:16:39.921+0000] {manager.py:878} INFO - 
================================================================================
DAG File Processing Stats

File Path                            PID    Runtime      # DAGs    # Errors  Last Runtime    Last Run
-----------------------------------  -----  ---------  --------  ----------  --------------  -------------------
/opt/airflow/dags/dag_market_eod.py                           1           0  0.40s           2026-09-30T07:16:13
================================================================================
[2026-09-30T07:17:10.400+0000] {manager.py:878} INFO - 
================================================================================
DAG File Processing Stats

File Path                            PID    Runtime      # DAGs    # Errors  Last Runtime    Last Run
-----------------------------------  -----  ---------  --------  ----------  --------------  -------------------
/opt/airflow/dags/dag_market_eod.py                           1           0  0.40s           2026-09-30T07:16:43
================================================================================
[2026-09-30T07:17:40.880+0000] {manager.py:737} INFO - Searching for files in /opt/airflow/dags
[2026-09-30T07:17:40.881+0000] {manager.py:740} INFO - There are 1 files in /opt/airflow/dags
[2026-09-30T07:17:40.884+0000] {manager.py:878} INFO - 
================================================================================
DAG File Processing Stats

File Path                            PID    Runtime      # DAGs    # Errors  Last Runtime    Last Run
-----------------------------------  -----  ---------  --------  ----------  --------------  -------------------
/opt/airflow/dags/dag_market_eod.py                           1           0  0.41s           2026-09-30T07:17:14
================================================================================
[2026-09-30T07:18:11.361+0000] {manager.py:878} INFO - 
================================================================================
DAG File Processing Stats

File Path                            PID    Runtime      # DAGs    # Errors  Last Runtime    Last Run
-----------------------------------  -----  ---------  --------  ----------  --------------  -------------------
/opt/airflow/dags/dag_market_eod.py                           1           0  0.39s           2026-09-30T07:17:44
================================================================================
[2026-09-30T07:18:41.839+0000] {manager.py:878} INFO - 
================================================================================
DAG File Processing Stats

File Path                            PID    Runtime      # DAGs    # Errors  Last Runtime    Last Run
-----------------------------------  -----  ---------  --------  ----------  --------------  -------------------
/opt/airflow/dags/dag_market_eod.py                           1           0  0.39s           2026-09-30T07:18:15
================================================================================
[2026-09-30T07:19:12.304+0000] {manager.py:878} INFO - 
================================================================================
DAG File Processing Stats

File Path                            PID    Runtime      # DAGs    # Errors  Last Runtime    Last Run
-----------------------------------  -----  ---------  --------  ----------  --------------  -------------------
/opt/airflow/dags/dag_market_eod.py                           1           0  0.40s           2026-09-30T07:18:45
================================================================================
[2026-09-30T07:19:42.774+0000] {manager.py:878} INFO - 
================================================================================
DAG File Processing Stats

File Path                            PID    Runtime      # DAGs    # Errors  Last Runtime    Last Run
-----------------------------------  -----  ---------  --------  ----------  --------------  -------------------
/opt/airflow/dags/dag_market_eod.py                           1           0  0.40s           2026-09-30T07:19:16
================================================================================
[2026-09-30T07:20:13.246+0000] {manager.py:878} INFO - 
================================================================================
DAG File Processing Stats

File Path                            PID    Runtime      # DAGs    # Errors  Last Runtime    Last Run
-----------------------------------  -----  ---------  --------  ----------  --------------  -------------------
/opt/airflow/dags/dag_market_eod.py                           1           0  0.39s           2026-09-30T07:19:46
================================================================================
[2026-09-30T07:20:43.696+0000] {manager.py:878} INFO - 
================================================================================
DAG File Processing Stats

File Path                            PID    Runtime      # DAGs    # Errors  Last Runtime    Last Run
-----------------------------------  -----  ---------  --------  ----------  --------------  -------------------
/opt/airflow/dags/dag_market_eod.py                           1           0  0.42s           2026-09-30T07:20:17
================================================================================
[2026-09-30T07:21:14.201+0000] {manager.py:878} INFO - 
================================================================================
DAG File Processing Stats

File Path                            PID    Runtime      # DAGs    # Errors  Last Runtime    Last Run
-----------------------------------  -----  ---------  --------  ----------  --------------  -------------------
/opt/airflow/dags/dag_market_eod.py                           1           0  0.38s           2026-09-30T07:20:47
================================================================================
[2026-09-30T07:21:44.657+0000] {manager.py:878} INFO - 
================================================================================
DAG File Processing Stats

File Path                            PID    Runtime      # DAGs    # Errors  Last Runtime    Last Run
-----------------------------------  -----  ---------  --------  ----------  --------------  -------------------
/opt/airflow/dags/dag_market_eod.py                           1           0  0.39s           2026-09-30T07:21:17
================================================================================
[2026-09-30T07:22:15.133+0000] {manager.py:878} INFO - 
================================================================================
DAG File Processing Stats

File Path                            PID    Runtime      # DAGs    # Errors  Last Runtime    Last Run
-----------------------------------  -----  ---------  --------  ----------  --------------  -------------------
/opt/airflow/dags/dag_market_eod.py                           1           0  0.40s           2026-09-30T07:21:48
================================================================================
[2026-09-30T07:22:40.974+0000] {manager.py:737} INFO - Searching for files in /opt/airflow/dags
[2026-09-30T07:22:40.975+0000] {manager.py:740} INFO - There are 1 files in /opt/airflow/dags
[2026-09-30T07:22:45.594+0000] {manager.py:878} INFO - 
================================================================================
DAG File Processing Stats

File Path                            PID    Runtime      # DAGs    # Errors  Last Runtime    Last Run
-----------------------------------  -----  ---------  --------  ----------  --------------  -------------------
/opt/airflow/dags/dag_market_eod.py                           1           0  0.40s           2026-09-30T07:22:18
================================================================================
[2026-09-30T07:23:16.076+0000] {manager.py:878} INFO - 
================================================================================
DAG File Processing Stats

File Path                            PID    Runtime      # DAGs    # Errors  Last Runtime    Last Run
-----------------------------------  -----  ---------  --------  ----------  --------------  -------------------
/opt/airflow/dags/dag_market_eod.py                           1           0  0.40s           2026-09-30T07:22:49
================================================================================
[2026-09-30T07:23:46.561+0000] {manager.py:878} INFO - 
================================================================================
DAG File Processing Stats

File Path                            PID    Runtime      # DAGs    # Errors  Last Runtime    Last Run
-----------------------------------  -----  ---------  --------  ----------  --------------  -------------------
/opt/airflow/dags/dag_market_eod.py                           1           0  0.40s           2026-09-30T07:23:19
================================================================================
[2026-09-30T07:24:17.029+0000] {manager.py:878} INFO - 
================================================================================
DAG File Processing Stats

File Path                            PID    Runtime      # DAGs    # Errors  Last Runtime    Last Run
-----------------------------------  -----  ---------  --------  ----------  --------------  -------------------
/opt/airflow/dags/dag_market_eod.py                           1           0  0.39s           2026-09-30T07:23:50
================================================================================
[2026-09-30T07:24:47.497+0000] {manager.py:878} INFO - 
================================================================================
DAG File Processing Stats

File Path                            PID    Runtime      # DAGs    # Errors  Last Runtime    Last Run
-----------------------------------  -----  ---------  --------  ----------  --------------  -------------------
/opt/airflow/dags/dag_market_eod.py                           1           0  0.39s           2026-09-30T07:24:20
================================================================================
[2026-09-30T07:25:17.965+0000] {manager.py:878} INFO - 
================================================================================
DAG File Processing Stats

File Path                            PID    Runtime      # DAGs    # Errors  Last Runtime    Last Run
-----------------------------------  -----  ---------  --------  ----------  --------------  -------------------
/opt/airflow/dags/dag_market_eod.py                           1           0  0.39s           2026-09-30T07:24:51
================================================================================
[2026-09-30T07:25:48.440+0000] {manager.py:878} INFO - 
================================================================================
DAG File Processing Stats

File Path                            PID    Runtime      # DAGs    # Errors  Last Runtime    Last Run
-----------------------------------  -----  ---------  --------  ----------  --------------  -------------------
/opt/airflow/dags/dag_market_eod.py                           1           0  0.39s           2026-09-30T07:25:21
================================================================================
[2026-09-30T07:26:18.898+0000] {manager.py:878} INFO - 
================================================================================
DAG File Processing Stats

File Path                            PID    Runtime      # DAGs    # Errors  Last Runtime    Last Run
-----------------------------------  -----  ---------  --------  ----------  --------------  -------------------
/opt/airflow/dags/dag_market_eod.py                           1           0  0.39s           2026-09-30T07:25:52
================================================================================
[2026-09-30T07:26:49.370+0000] {manager.py:878} INFO - 
================================================================================
DAG File Processing Stats

File Path                            PID    Runtime      # DAGs    # Errors  Last Runtime    Last Run
-----------------------------------  -----  ---------  --------  ----------  --------------  -------------------
/opt/airflow/dags/dag_market_eod.py                           1           0  0.40s           2026-09-30T07:26:22
================================================================================
[2026-09-30T07:27:19.838+0000] {manager.py:878} INFO - 
================================================================================
DAG File Processing Stats

File Path                            PID    Runtime      # DAGs    # Errors  Last Runtime    Last Run
-----------------------------------  -----  ---------  --------  ----------  --------------  -------------------
/opt/airflow/dags/dag_market_eod.py                           1           0  0.39s           2026-09-30T07:26:53
================================================================================
[2026-09-30T07:27:41.278+0000] {manager.py:737} INFO - Searching for files in /opt/airflow/dags
[2026-09-30T07:27:41.279+0000] {manager.py:740} INFO - There are 1 files in /opt/airflow/dags
[2026-09-30T07:27:50.308+0000] {manager.py:878} INFO - 
================================================================================
DAG File Processing Stats

File Path                            PID    Runtime      # DAGs    # Errors  Last Runtime    Last Run
-----------------------------------  -----  ---------  --------  ----------  --------------  -------------------
/opt/airflow/dags/dag_market_eod.py                           1           0  0.39s           2026-09-30T07:27:23
================================================================================
[2026-09-30T07:28:20.765+0000] {manager.py:878} INFO - 
================================================================================
DAG File Processing Stats

File Path                            PID    Runtime      # DAGs    # Errors  Last Runtime    Last Run
-----------------------------------  -----  ---------  --------  ----------  --------------  -------------------
/opt/airflow/dags/dag_market_eod.py                           1           0  0.39s           2026-09-30T07:27:54
================================================================================
[2026-09-30T07:28:51.248+0000] {manager.py:878} INFO - 
================================================================================
DAG File Processing Stats

File Path                            PID    Runtime      # DAGs    # Errors  Last Runtime    Last Run
-----------------------------------  -----  ---------  --------  ----------  --------------  -------------------
/opt/airflow/dags/dag_market_eod.py                           1           0  0.39s           2026-09-30T07:28:24
================================================================================
[2026-09-30T07:29:21.708+0000] {manager.py:878} INFO - 
================================================================================
DAG File Processing Stats

File Path                            PID    Runtime      # DAGs    # Errors  Last Runtime    Last Run
-----------------------------------  -----  ---------  --------  ----------  --------------  -------------------
/opt/airflow/dags/dag_market_eod.py                           1           0  0.40s           2026-09-30T07:28:55
================================================================================
[2026-09-30T07:29:52.191+0000] {manager.py:878} INFO - 
================================================================================
DAG File Processing Stats

File Path                            PID    Runtime      # DAGs    # Errors  Last Runtime    Last Run
-----------------------------------  -----  ---------  --------  ----------  --------------  -------------------
/opt/airflow/dags/dag_market_eod.py                           1           0  0.39s           2026-09-30T07:29:25
================================================================================
[2026-09-30T07:30:22.658+0000] {manager.py:878} INFO - 
================================================================================
DAG File Processing Stats

File Path                            PID    Runtime      # DAGs    # Errors  Last Runtime    Last Run
-----------------------------------  -----  ---------  --------  ----------  --------------  -------------------
/opt/airflow/dags/dag_market_eod.py                           1           0  0.40s           2026-09-30T07:29:55
================================================================================
[2026-09-30T07:30:53.126+0000] {manager.py:878} INFO - 
================================================================================
DAG File Processing Stats

File Path                            PID    Runtime      # DAGs    # Errors  Last Runtime    Last Run
-----------------------------------  -----  ---------  --------  ----------  --------------  -------------------
/opt/airflow/dags/dag_market_eod.py                           1           0  0.38s           2026-09-30T07:30:26
================================================================================
[2026-09-30T07:31:23.595+0000] {manager.py:878} INFO - 
================================================================================
DAG File Processing Stats

File Path                            PID    Runtime      # DAGs    # Errors  Last Runtime    Last Run
-----------------------------------  -----  ---------  --------  ----------  --------------  -------------------
/opt/airflow/dags/dag_market_eod.py                           1           0  0.39s           2026-09-30T07:30:56
================================================================================
[2026-09-30T07:31:54.059+0000] {manager.py:878} INFO - 
================================================================================
DAG File Processing Stats

File Path                            PID    Runtime      # DAGs    # Errors  Last Runtime    Last Run
-----------------------------------  -----  ---------  --------  ----------  --------------  -------------------
/opt/airflow/dags/dag_market_eod.py                           1           0  0.40s           2026-09-30T07:31:27
================================================================================
[2026-09-30T07:32:24.537+0000] {manager.py:878} INFO - 
================================================================================
DAG File Processing Stats

File Path                            PID    Runtime      # DAGs    # Errors  Last Runtime    Last Run
-----------------------------------  -----  ---------  --------  ----------  --------------  -------------------
/opt/airflow/dags/dag_market_eod.py                           1           0  0.40s           2026-09-30T07:31:57
================================================================================
[2026-09-30T07:32:41.365+0000] {manager.py:737} INFO - Searching for files in /opt/airflow/dags
[2026-09-30T07:32:41.365+0000] {manager.py:740} INFO - There are 1 files in /opt/airflow/dags
[2026-09-30T07:32:55.009+0000] {manager.py:878} INFO - 
================================================================================
DAG File Processing Stats

File Path                            PID    Runtime      # DAGs    # Errors  Last Runtime    Last Run
-----------------------------------  -----  ---------  --------  ----------  --------------  -------------------
/opt/airflow/dags/dag_market_eod.py                           1           0  0.40s           2026-09-30T07:32:28
================================================================================
[2026-09-30T07:33:25.486+0000] {manager.py:878} INFO - 
================================================================================
DAG File Processing Stats

File Path                            PID    Runtime      # DAGs    # Errors  Last Runtime    Last Run
-----------------------------------  -----  ---------  --------  ----------  --------------  -------------------
/opt/airflow/dags/dag_market_eod.py                           1           0  0.40s           2026-09-30T07:32:58
================================================================================
[2026-09-30T07:33:55.969+0000] {manager.py:878} INFO - 
================================================================================
DAG File Processing Stats

File Path                            PID    Runtime      # DAGs    # Errors  Last Runtime    Last Run
-----------------------------------  -----  ---------  --------  ----------  --------------  -------------------
/opt/airflow/dags/dag_market_eod.py                           1           0  0.40s           2026-09-30T07:33:29
================================================================================
[2026-09-30T07:34:26.441+0000] {manager.py:878} INFO - 
================================================================================
DAG File Processing Stats

File Path                            PID    Runtime      # DAGs    # Errors  Last Runtime    Last Run
-----------------------------------  -----  ---------  --------  ----------  --------------  -------------------
/opt/airflow/dags/dag_market_eod.py                           1           0  0.39s           2026-09-30T07:33:59
================================================================================
[2026-09-30T07:34:56.906+0000] {manager.py:878} INFO - 
================================================================================
DAG File Processing Stats

File Path                            PID    Runtime      # DAGs    # Errors  Last Runtime    Last Run
-----------------------------------  -----  ---------  --------  ----------  --------------  -------------------
/opt/airflow/dags/dag_market_eod.py                           1           0  0.40s           2026-09-30T07:34:30
================================================================================
[2026-09-30T07:35:27.384+0000] {manager.py:878} INFO - 
================================================================================
DAG File Processing Stats

File Path                            PID    Runtime      # DAGs    # Errors  Last Runtime    Last Run
-----------------------------------  -----  ---------  --------  ----------  --------------  -------------------
/opt/airflow/dags/dag_market_eod.py                           1           0  0.39s           2026-09-30T07:35:00
================================================================================
[2026-09-30T07:35:57.851+0000] {manager.py:878} INFO - 
================================================================================
DAG File Processing Stats

File Path                            PID    Runtime      # DAGs    # Errors  Last Runtime    Last Run
-----------------------------------  -----  ---------  --------  ----------  --------------  -------------------
/opt/airflow/dags/dag_market_eod.py                           1           0  0.39s           2026-09-30T07:35:31
================================================================================
[2026-09-30T07:36:28.316+0000] {manager.py:878} INFO - 
================================================================================
DAG File Processing Stats

File Path                            PID    Runtime      # DAGs    # Errors  Last Runtime    Last Run
-----------------------------------  -----  ---------  --------  ----------  --------------  -------------------
/opt/airflow/dags/dag_market_eod.py                           1           0  0.40s           2026-09-30T07:36:01
================================================================================
[2026-09-30T07:36:58.791+0000] {manager.py:878} INFO - 
================================================================================
DAG File Processing Stats

File Path                            PID    Runtime      # DAGs    # Errors  Last Runtime    Last Run
-----------------------------------  -----  ---------  --------  ----------  --------------  -------------------
/opt/airflow/dags/dag_market_eod.py                           1           0  0.39s           2026-09-30T07:36:32
================================================================================
[2026-09-30T07:37:29.256+0000] {manager.py:878} INFO - 
================================================================================
DAG File Processing Stats

File Path                            PID    Runtime      # DAGs    # Errors  Last Runtime    Last Run
-----------------------------------  -----  ---------  --------  ----------  --------------  -------------------
/opt/airflow/dags/dag_market_eod.py                           1           0  0.40s           2026-09-30T07:37:02
================================================================================
[2026-09-30T07:37:41.689+0000] {manager.py:737} INFO - Searching for files in /opt/airflow/dags
[2026-09-30T07:37:41.690+0000] {manager.py:740} INFO - There are 1 files in /opt/airflow/dags
[2026-09-30T07:37:59.743+0000] {manager.py:878} INFO - 
================================================================================
DAG File Processing Stats

File Path                            PID    Runtime      # DAGs    # Errors  Last Runtime    Last Run
-----------------------------------  -----  ---------  --------  ----------  --------------  -------------------
/opt/airflow/dags/dag_market_eod.py                           1           0  0.40s           2026-09-30T07:37:33
================================================================================
[2026-09-30T07:38:30.209+0000] {manager.py:878} INFO - 
================================================================================
DAG File Processing Stats

File Path                            PID    Runtime      # DAGs    # Errors  Last Runtime    Last Run
-----------------------------------  -----  ---------  --------  ----------  --------------  -------------------
/opt/airflow/dags/dag_market_eod.py                           1           0  0.41s           2026-09-30T07:38:03
================================================================================
[2026-09-30T07:39:00.700+0000] {manager.py:878} INFO - 
================================================================================
DAG File Processing Stats

File Path                            PID    Runtime      # DAGs    # Errors  Last Runtime    Last Run
-----------------------------------  -----  ---------  --------  ----------  --------------  -------------------
/opt/airflow/dags/dag_market_eod.py                           1           0  0.40s           2026-09-30T07:38:34
================================================================================
[2026-09-30T07:39:31.181+0000] {manager.py:878} INFO - 
================================================================================
DAG File Processing Stats

File Path                            PID    Runtime      # DAGs    # Errors  Last Runtime    Last Run
-----------------------------------  -----  ---------  --------  ----------  --------------  -------------------
/opt/airflow/dags/dag_market_eod.py                           1           0  0.39s           2026-09-30T07:39:04
================================================================================
[2026-09-30T07:40:01.630+0000] {manager.py:878} INFO - 
================================================================================
DAG File Processing Stats

File Path                            PID    Runtime      # DAGs    # Errors  Last Runtime    Last Run
-----------------------------------  -----  ---------  --------  ----------  --------------  -------------------
/opt/airflow/dags/dag_market_eod.py                           1           0  0.40s           2026-09-30T07:39:34
================================================================================
[2026-09-30T07:40:32.116+0000] {manager.py:878} INFO - 
================================================================================
DAG File Processing Stats

File Path                            PID    Runtime      # DAGs    # Errors  Last Runtime    Last Run
-----------------------------------  -----  ---------  --------  ----------  --------------  -------------------
/opt/airflow/dags/dag_market_eod.py                           1           0  0.39s           2026-09-30T07:40:05
================================================================================
[2026-09-30T07:41:02.577+0000] {manager.py:878} INFO - 
================================================================================
DAG File Processing Stats

File Path                            PID    Runtime      # DAGs    # Errors  Last Runtime    Last Run
-----------------------------------  -----  ---------  --------  ----------  --------------  -------------------
/opt/airflow/dags/dag_market_eod.py                           1           0  0.39s           2026-09-30T07:40:35
================================================================================
[2026-09-30T07:41:33.059+0000] {manager.py:878} INFO - 
================================================================================
DAG File Processing Stats

File Path                            PID    Runtime      # DAGs    # Errors  Last Runtime    Last Run
-----------------------------------  -----  ---------  --------  ----------  --------------  -------------------
/opt/airflow/dags/dag_market_eod.py                           1           0  0.39s           2026-09-30T07:41:06
================================================================================
[2026-09-30T07:42:03.535+0000] {manager.py:878} INFO - 
================================================================================
DAG File Processing Stats

File Path                            PID    Runtime      # DAGs    # Errors  Last Runtime    Last Run
-----------------------------------  -----  ---------  --------  ----------  --------------  -------------------
/opt/airflow/dags/dag_market_eod.py                           1           0  0.39s           2026-09-30T07:41:36
================================================================================
[2026-09-30T07:42:34.001+0000] {manager.py:878} INFO - 
================================================================================
DAG File Processing Stats

File Path                            PID    Runtime      # DAGs    # Errors  Last Runtime    Last Run
-----------------------------------  -----  ---------  --------  ----------  --------------  -------------------
/opt/airflow/dags/dag_market_eod.py                           1           0  0.39s           2026-09-30T07:42:07
================================================================================
[2026-09-30T07:42:41.793+0000] {manager.py:737} INFO - Searching for files in /opt/airflow/dags
[2026-09-30T07:42:41.794+0000] {manager.py:740} INFO - There are 1 files in /opt/airflow/dags
[2026-09-30T07:43:04.467+0000] {manager.py:878} INFO - 
================================================================================
DAG File Processing Stats

File Path                            PID    Runtime      # DAGs    # Errors  Last Runtime    Last Run
-----------------------------------  -----  ---------  --------  ----------  --------------  -------------------
/opt/airflow/dags/dag_market_eod.py                           1           0  0.39s           2026-09-30T07:42:37
================================================================================
[2026-09-30T07:43:34.928+0000] {manager.py:878} INFO - 
================================================================================
DAG File Processing Stats

File Path                            PID    Runtime      # DAGs    # Errors  Last Runtime    Last Run
-----------------------------------  -----  ---------  --------  ----------  --------------  -------------------
/opt/airflow/dags/dag_market_eod.py                           1           0  0.38s           2026-09-30T07:43:08
================================================================================
[2026-09-30T07:44:05.407+0000] {manager.py:878} INFO - 
================================================================================
DAG File Processing Stats

File Path                            PID    Runtime      # DAGs    # Errors  Last Runtime    Last Run
-----------------------------------  -----  ---------  --------  ----------  --------------  -------------------
/opt/airflow/dags/dag_market_eod.py                           1           0  0.39s           2026-09-30T07:43:38
================================================================================
[2026-09-30T07:44:35.881+0000] {manager.py:878} INFO - 
================================================================================
DAG File Processing Stats

File Path                            PID    Runtime      # DAGs    # Errors  Last Runtime    Last Run
-----------------------------------  -----  ---------  --------  ----------  --------------  -------------------
/opt/airflow/dags/dag_market_eod.py                           1           0  0.40s           2026-09-30T07:44:09
================================================================================
[2026-09-30T07:45:06.336+0000] {manager.py:878} INFO - 
================================================================================
DAG File Processing Stats

File Path                            PID    Runtime      # DAGs    # Errors  Last Runtime    Last Run
-----------------------------------  -----  ---------  --------  ----------  --------------  -------------------
/opt/airflow/dags/dag_market_eod.py                           1           0  0.40s           2026-09-30T07:44:39
================================================================================
[2026-09-30T07:45:36.817+0000] {manager.py:878} INFO - 
================================================================================
DAG File Processing Stats

File Path                            PID    Runtime      # DAGs    # Errors  Last Runtime    Last Run
-----------------------------------  -----  ---------  --------  ----------  --------------  -------------------
/opt/airflow/dags/dag_market_eod.py                           1           0  0.40s           2026-09-30T07:45:10
================================================================================
[2026-09-30T07:46:07.293+0000] {manager.py:878} INFO - 
================================================================================
DAG File Processing Stats

File Path                            PID    Runtime      # DAGs    # Errors  Last Runtime    Last Run
-----------------------------------  -----  ---------  --------  ----------  --------------  -------------------
/opt/airflow/dags/dag_market_eod.py                           1           0  0.39s           2026-09-30T07:45:40
================================================================================
[2026-09-30T07:46:37.761+0000] {manager.py:878} INFO - 
================================================================================
DAG File Processing Stats

File Path                            PID    Runtime      # DAGs    # Errors  Last Runtime    Last Run
-----------------------------------  -----  ---------  --------  ----------  --------------  -------------------
/opt/airflow/dags/dag_market_eod.py                           1           0  0.39s           2026-09-30T07:46:11
================================================================================
[2026-09-30T07:47:08.234+0000] {manager.py:878} INFO - 
================================================================================
DAG File Processing Stats

File Path                            PID    Runtime      # DAGs    # Errors  Last Runtime    Last Run
-----------------------------------  -----  ---------  --------  ----------  --------------  -------------------
/opt/airflow/dags/dag_market_eod.py                           1           0  0.40s           2026-09-30T07:46:41
================================================================================
[2026-09-30T07:47:38.704+0000] {manager.py:878} INFO - 
================================================================================
DAG File Processing Stats

File Path                            PID    Runtime      # DAGs    # Errors  Last Runtime    Last Run
-----------------------------------  -----  ---------  --------  ----------  --------------  -------------------
/opt/airflow/dags/dag_market_eod.py                           1           0  0.40s           2026-09-30T07:47:12
================================================================================
[2026-09-30T07:47:42.107+0000] {manager.py:737} INFO - Searching for files in /opt/airflow/dags
[2026-09-30T07:47:42.107+0000] {manager.py:740} INFO - There are 1 files in /opt/airflow/dags
[2026-09-30T07:48:09.185+0000] {manager.py:878} INFO - 
================================================================================
DAG File Processing Stats

File Path                            PID    Runtime      # DAGs    # Errors  Last Runtime    Last Run
-----------------------------------  -----  ---------  --------  ----------  --------------  -------------------
/opt/airflow/dags/dag_market_eod.py                           1           0  0.39s           2026-09-30T07:47:42
================================================================================
[2026-09-30T07:48:39.663+0000] {manager.py:878} INFO - 
================================================================================
DAG File Processing Stats

File Path                            PID    Runtime      # DAGs    # Errors  Last Runtime    Last Run
-----------------------------------  -----  ---------  --------  ----------  --------------  -------------------
/opt/airflow/dags/dag_market_eod.py                           1           0  0.40s           2026-09-30T07:48:12
================================================================================
[2026-09-30T07:49:10.133+0000] {manager.py:878} INFO - 
================================================================================
DAG File Processing Stats

File Path                            PID    Runtime      # DAGs    # Errors  Last Runtime    Last Run
-----------------------------------  -----  ---------  --------  ----------  --------------  -------------------
/opt/airflow/dags/dag_market_eod.py                           1           0  0.40s           2026-09-30T07:48:43
================================================================================
[2026-09-30T07:49:40.598+0000] {manager.py:878} INFO - 
================================================================================
DAG File Processing Stats

File Path                            PID    Runtime      # DAGs    # Errors  Last Runtime    Last Run
-----------------------------------  -----  ---------  --------  ----------  --------------  -------------------
/opt/airflow/dags/dag_market_eod.py                           1           0  0.38s           2026-09-30T07:49:13
================================================================================
[2026-09-30T07:50:11.059+0000] {manager.py:878} INFO - 
================================================================================
DAG File Processing Stats

File Path                            PID    Runtime      # DAGs    # Errors  Last Runtime    Last Run
-----------------------------------  -----  ---------  --------  ----------  --------------  -------------------
/opt/airflow/dags/dag_market_eod.py                           1           0  0.39s           2026-09-30T07:49:44
================================================================================
[2026-09-30T07:50:41.523+0000] {manager.py:878} INFO - 
================================================================================
DAG File Processing Stats

File Path                            PID    Runtime      # DAGs    # Errors  Last Runtime    Last Run
-----------------------------------  -----  ---------  --------  ----------  --------------  -------------------
/opt/airflow/dags/dag_market_eod.py                           1           0  0.39s           2026-09-30T07:50:14
================================================================================
[2026-09-30T07:51:11.992+0000] {manager.py:878} INFO - 
================================================================================
DAG File Processing Stats

File Path                            PID    Runtime      # DAGs    # Errors  Last Runtime    Last Run
-----------------------------------  -----  ---------  --------  ----------  --------------  -------------------
/opt/airflow/dags/dag_market_eod.py                           1           0  0.40s           2026-09-30T07:50:45
================================================================================
[2026-09-30T07:51:42.475+0000] {manager.py:878} INFO - 
================================================================================
DAG File Processing Stats

File Path                            PID    Runtime      # DAGs    # Errors  Last Runtime    Last Run
-----------------------------------  -----  ---------  --------  ----------  --------------  -------------------
/opt/airflow/dags/dag_market_eod.py                           1           0  0.39s           2026-09-30T07:51:15
================================================================================
[2026-09-30T07:52:12.941+0000] {manager.py:878} INFO - 
================================================================================
DAG File Processing Stats

File Path                            PID    Runtime      # DAGs    # Errors  Last Runtime    Last Run
-----------------------------------  -----  ---------  --------  ----------  --------------  -------------------
/opt/airflow/dags/dag_market_eod.py                           1           0  0.39s           2026-09-30T07:51:46
================================================================================
[2026-09-30T07:52:42.404+0000] {manager.py:737} INFO - Searching for files in /opt/airflow/dags
[2026-09-30T07:52:42.404+0000] {manager.py:740} INFO - There are 1 files in /opt/airflow/dags
[2026-09-30T07:52:43.410+0000] {manager.py:878} INFO - 
================================================================================
DAG File Processing Stats

File Path                            PID    Runtime      # DAGs    # Errors  Last Runtime    Last Run
-----------------------------------  -----  ---------  --------  ----------  --------------  -------------------
/opt/airflow/dags/dag_market_eod.py                           1           0  0.40s           2026-09-30T07:52:16
================================================================================
[2026-09-30T07:53:13.874+0000] {manager.py:878} INFO - 
================================================================================
DAG File Processing Stats

File Path                            PID    Runtime      # DAGs    # Errors  Last Runtime    Last Run
-----------------------------------  -----  ---------  --------  ----------  --------------  -------------------
/opt/airflow/dags/dag_market_eod.py                           1           0  0.39s           2026-09-30T07:52:47
================================================================================
[2026-09-30T07:53:44.355+0000] {manager.py:878} INFO - 
================================================================================
DAG File Processing Stats

File Path                            PID    Runtime      # DAGs    # Errors  Last Runtime    Last Run
-----------------------------------  -----  ---------  --------  ----------  --------------  -------------------
/opt/airflow/dags/dag_market_eod.py                           1           0  0.40s           2026-09-30T07:53:17
================================================================================
[2026-09-30T07:54:14.827+0000] {manager.py:878} INFO - 
================================================================================
DAG File Processing Stats

File Path                            PID    Runtime      # DAGs    # Errors  Last Runtime    Last Run
-----------------------------------  -----  ---------  --------  ----------  --------------  -------------------
/opt/airflow/dags/dag_market_eod.py                           1           0  0.39s           2026-09-30T07:53:48
================================================================================
[2026-09-30T07:54:45.299+0000] {manager.py:878} INFO - 
================================================================================
DAG File Processing Stats

File Path                            PID    Runtime      # DAGs    # Errors  Last Runtime    Last Run
-----------------------------------  -----  ---------  --------  ----------  --------------  -------------------
/opt/airflow/dags/dag_market_eod.py                           1           0  0.39s           2026-09-30T07:54:18
================================================================================
[2026-09-30T07:55:15.762+0000] {manager.py:878} INFO - 
================================================================================
DAG File Processing Stats

File Path                            PID    Runtime      # DAGs    # Errors  Last Runtime    Last Run
-----------------------------------  -----  ---------  --------  ----------  --------------  -------------------
/opt/airflow/dags/dag_market_eod.py                           1           0  0.38s           2026-09-30T07:54:49
================================================================================
[2026-09-30T07:55:46.232+0000] {manager.py:878} INFO - 
================================================================================
DAG File Processing Stats

File Path                            PID    Runtime      # DAGs    # Errors  Last Runtime    Last Run
-----------------------------------  -----  ---------  --------  ----------  --------------  -------------------
/opt/airflow/dags/dag_market_eod.py                           1           0  0.40s           2026-09-30T07:55:19
================================================================================
[2026-09-30T07:56:16.700+0000] {manager.py:878} INFO - 
================================================================================
DAG File Processing Stats

File Path                            PID    Runtime      # DAGs    # Errors  Last Runtime    Last Run
-----------------------------------  -----  ---------  --------  ----------  --------------  -------------------
/opt/airflow/dags/dag_market_eod.py                           1           0  0.39s           2026-09-30T07:55:50
================================================================================
[2026-09-30T07:56:47.180+0000] {manager.py:878} INFO - 
================================================================================
DAG File Processing Stats

File Path                            PID    Runtime      # DAGs    # Errors  Last Runtime    Last Run
-----------------------------------  -----  ---------  --------  ----------  --------------  -------------------
/opt/airflow/dags/dag_market_eod.py                           1           0  0.39s           2026-09-30T07:56:20
================================================================================
[2026-09-30T07:57:17.644+0000] {manager.py:878} INFO - 
================================================================================
DAG File Processing Stats

File Path                            PID    Runtime      # DAGs    # Errors  Last Runtime    Last Run
-----------------------------------  -----  ---------  --------  ----------  --------------  -------------------
/opt/airflow/dags/dag_market_eod.py                           1           0  0.39s           2026-09-30T07:56:50
================================================================================
[2026-09-30T07:57:42.491+0000] {manager.py:737} INFO - Searching for files in /opt/airflow/dags
[2026-09-30T07:57:42.492+0000] {manager.py:740} INFO - There are 1 files in /opt/airflow/dags
[2026-09-30T07:57:48.109+0000] {manager.py:878} INFO - 
================================================================================
DAG File Processing Stats

File Path                            PID    Runtime      # DAGs    # Errors  Last Runtime    Last Run
-----------------------------------  -----  ---------  --------  ----------  --------------  -------------------
/opt/airflow/dags/dag_market_eod.py                           1           0  0.40s           2026-09-30T07:57:21
================================================================================
[2026-09-30T07:58:18.597+0000] {manager.py:878} INFO - 
================================================================================
DAG File Processing Stats

File Path                            PID    Runtime      # DAGs    # Errors  Last Runtime    Last Run
-----------------------------------  -----  ---------  --------  ----------  --------------  -------------------
/opt/airflow/dags/dag_market_eod.py                           1           0  0.39s           2026-09-30T07:57:51
================================================================================
[2026-09-30T07:58:49.068+0000] {manager.py:878} INFO - 
================================================================================
DAG File Processing Stats

File Path                            PID    Runtime      # DAGs    # Errors  Last Runtime    Last Run
-----------------------------------  -----  ---------  --------  ----------  --------------  -------------------
/opt/airflow/dags/dag_market_eod.py                           1           0  0.39s           2026-09-30T07:58:22
================================================================================
[2026-09-30T07:59:19.530+0000] {manager.py:878} INFO - 
================================================================================
DAG File Processing Stats

File Path                            PID    Runtime      # DAGs    # Errors  Last Runtime    Last Run
-----------------------------------  -----  ---------  --------  ----------  --------------  -------------------
/opt/airflow/dags/dag_market_eod.py                           1           0  0.39s           2026-09-30T07:58:52
================================================================================
[2026-09-30T07:59:50.007+0000] {manager.py:878} INFO - 
================================================================================
DAG File Processing Stats

File Path                            PID    Runtime      # DAGs    # Errors  Last Runtime    Last Run
-----------------------------------  -----  ---------  --------  ----------  --------------  -------------------
/opt/airflow/dags/dag_market_eod.py                           1           0  0.40s           2026-09-30T07:59:23
================================================================================
[2026-09-30T08:00:20.477+0000] {manager.py:878} INFO - 
================================================================================
DAG File Processing Stats

File Path                            PID    Runtime      # DAGs    # Errors  Last Runtime    Last Run
-----------------------------------  -----  ---------  --------  ----------  --------------  -------------------
/opt/airflow/dags/dag_market_eod.py                           1           0  0.39s           2026-09-30T07:59:53
================================================================================
[2026-09-30T08:00:50.935+0000] {manager.py:878} INFO - 
================================================================================
DAG File Processing Stats

File Path                            PID    Runtime      # DAGs    # Errors  Last Runtime    Last Run
-----------------------------------  -----  ---------  --------  ----------  --------------  -------------------
/opt/airflow/dags/dag_market_eod.py                           1           0  0.40s           2026-09-30T08:00:24
================================================================================
[2026-09-30T08:01:21.404+0000] {manager.py:878} INFO - 
================================================================================
DAG File Processing Stats

File Path                            PID    Runtime      # DAGs    # Errors  Last Runtime    Last Run
-----------------------------------  -----  ---------  --------  ----------  --------------  -------------------
/opt/airflow/dags/dag_market_eod.py                           1           0  0.40s           2026-09-30T08:00:54
================================================================================
[2026-09-30T08:01:51.883+0000] {manager.py:878} INFO - 
================================================================================
DAG File Processing Stats

File Path                            PID    Runtime      # DAGs    # Errors  Last Runtime    Last Run
-----------------------------------  -----  ---------  --------  ----------  --------------  -------------------
/opt/airflow/dags/dag_market_eod.py                           1           0  0.39s           2026-09-30T08:01:25
================================================================================
[2026-09-30T08:02:22.338+0000] {manager.py:878} INFO - 
================================================================================
DAG File Processing Stats

File Path                            PID    Runtime      # DAGs    # Errors  Last Runtime    Last Run
-----------------------------------  -----  ---------  --------  ----------  --------------  -------------------
/opt/airflow/dags/dag_market_eod.py                           1           0  0.40s           2026-09-30T08:01:55
================================================================================
[2026-09-30T08:02:42.794+0000] {manager.py:737} INFO - Searching for files in /opt/airflow/dags
[2026-09-30T08:02:42.795+0000] {manager.py:740} INFO - There are 1 files in /opt/airflow/dags
[2026-09-30T08:02:52.823+0000] {manager.py:878} INFO - 
================================================================================
DAG File Processing Stats

File Path                            PID    Runtime      # DAGs    # Errors  Last Runtime    Last Run
-----------------------------------  -----  ---------  --------  ----------  --------------  -------------------
/opt/airflow/dags/dag_market_eod.py                           1           0  0.40s           2026-09-30T08:02:26
================================================================================
[2026-09-30T08:03:23.296+0000] {manager.py:878} INFO - 
================================================================================
DAG File Processing Stats

File Path                            PID    Runtime      # DAGs    # Errors  Last Runtime    Last Run
-----------------------------------  -----  ---------  --------  ----------  --------------  -------------------
/opt/airflow/dags/dag_market_eod.py                           1           0  0.39s           2026-09-30T08:02:56
================================================================================
[2026-09-30T08:03:53.757+0000] {manager.py:878} INFO - 
================================================================================
DAG File Processing Stats

File Path                            PID    Runtime      # DAGs    # Errors  Last Runtime    Last Run
-----------------------------------  -----  ---------  --------  ----------  --------------  -------------------
/opt/airflow/dags/dag_market_eod.py                           1           0  0.39s           2026-09-30T08:03:27
================================================================================
[2026-09-30T08:04:24.228+0000] {manager.py:878} INFO - 
================================================================================
DAG File Processing Stats

File Path                            PID    Runtime      # DAGs    # Errors  Last Runtime    Last Run
-----------------------------------  -----  ---------  --------  ----------  --------------  -------------------
/opt/airflow/dags/dag_market_eod.py                           1           0  0.39s           2026-09-30T08:03:57
================================================================================
[2026-09-30T08:04:54.689+0000] {manager.py:878} INFO - 
================================================================================
DAG File Processing Stats

File Path                            PID    Runtime      # DAGs    # Errors  Last Runtime    Last Run
-----------------------------------  -----  ---------  --------  ----------  --------------  -------------------
/opt/airflow/dags/dag_market_eod.py                           1           0  0.40s           2026-09-30T08:04:28
================================================================================
[2026-09-30T08:05:25.165+0000] {manager.py:878} INFO - 
================================================================================
DAG File Processing Stats

File Path                            PID    Runtime      # DAGs    # Errors  Last Runtime    Last Run
-----------------------------------  -----  ---------  --------  ----------  --------------  -------------------
/opt/airflow/dags/dag_market_eod.py                           1           0  0.42s           2026-09-30T08:04:58
================================================================================
[2026-09-30T08:05:55.663+0000] {manager.py:878} INFO - 
================================================================================
DAG File Processing Stats

File Path                            PID    Runtime      # DAGs    # Errors  Last Runtime    Last Run
-----------------------------------  -----  ---------  --------  ----------  --------------  -------------------
/opt/airflow/dags/dag_market_eod.py                           1           0  0.42s           2026-09-30T08:05:29
================================================================================
[2026-09-30T08:06:26.153+0000] {manager.py:878} INFO - 
================================================================================
DAG File Processing Stats

File Path                            PID    Runtime      # DAGs    # Errors  Last Runtime    Last Run
-----------------------------------  -----  ---------  --------  ----------  --------------  -------------------
/opt/airflow/dags/dag_market_eod.py                           1           0  0.39s           2026-09-30T08:05:59
================================================================================
[2026-09-30T08:06:56.623+0000] {manager.py:878} INFO - 
================================================================================
DAG File Processing Stats

File Path                            PID    Runtime      # DAGs    # Errors  Last Runtime    Last Run
-----------------------------------  -----  ---------  --------  ----------  --------------  -------------------
/opt/airflow/dags/dag_market_eod.py                           1           0  0.39s           2026-09-30T08:06:29
================================================================================
[2026-09-30T08:07:27.099+0000] {manager.py:878} INFO - 
================================================================================
DAG File Processing Stats

File Path                            PID    Runtime      # DAGs    # Errors  Last Runtime    Last Run
-----------------------------------  -----  ---------  --------  ----------  --------------  -------------------
/opt/airflow/dags/dag_market_eod.py                           1           0  0.39s           2026-09-30T08:07:00
================================================================================
[2026-09-30T08:07:42.928+0000] {manager.py:737} INFO - Searching for files in /opt/airflow/dags
[2026-09-30T08:07:42.929+0000] {manager.py:740} INFO - There are 1 files in /opt/airflow/dags
[2026-09-30T08:07:57.572+0000] {manager.py:878} INFO - 
================================================================================
DAG File Processing Stats

File Path                            PID    Runtime      # DAGs    # Errors  Last Runtime    Last Run
-----------------------------------  -----  ---------  --------  ----------  --------------  -------------------
/opt/airflow/dags/dag_market_eod.py                           1           0  0.40s           2026-09-30T08:07:30
================================================================================
[2026-09-30T08:08:28.060+0000] {manager.py:878} INFO - 
================================================================================
DAG File Processing Stats

File Path                            PID    Runtime      # DAGs    # Errors  Last Runtime    Last Run
-----------------------------------  -----  ---------  --------  ----------  --------------  -------------------
/opt/airflow/dags/dag_market_eod.py                           1           0  0.39s           2026-09-30T08:08:01
================================================================================
[2026-09-30T08:08:58.522+0000] {manager.py:878} INFO - 
================================================================================
DAG File Processing Stats

File Path                            PID    Runtime      # DAGs    # Errors  Last Runtime    Last Run
-----------------------------------  -----  ---------  --------  ----------  --------------  -------------------
/opt/airflow/dags/dag_market_eod.py                           1           0  0.40s           2026-09-30T08:08:31
================================================================================
[2026-09-30T08:09:29.003+0000] {manager.py:878} INFO - 
================================================================================
DAG File Processing Stats

File Path                            PID    Runtime      # DAGs    # Errors  Last Runtime    Last Run
-----------------------------------  -----  ---------  --------  ----------  --------------  -------------------
/opt/airflow/dags/dag_market_eod.py                           1           0  0.39s           2026-09-30T08:09:02
================================================================================
[2026-09-30T08:09:59.486+0000] {manager.py:878} INFO - 
================================================================================
DAG File Processing Stats

File Path                            PID    Runtime      # DAGs    # Errors  Last Runtime    Last Run
-----------------------------------  -----  ---------  --------  ----------  --------------  -------------------
/opt/airflow/dags/dag_market_eod.py                           1           0  0.39s           2026-09-30T08:09:32
================================================================================
[2026-09-30T08:10:29.952+0000] {manager.py:878} INFO - 
================================================================================
DAG File Processing Stats

File Path                            PID    Runtime      # DAGs    # Errors  Last Runtime    Last Run
-----------------------------------  -----  ---------  --------  ----------  --------------  -------------------
/opt/airflow/dags/dag_market_eod.py                           1           0  0.39s           2026-09-30T08:10:03
================================================================================
[2026-09-30T08:11:00.420+0000] {manager.py:878} INFO - 
================================================================================
DAG File Processing Stats

File Path                            PID    Runtime      # DAGs    # Errors  Last Runtime    Last Run
-----------------------------------  -----  ---------  --------  ----------  --------------  -------------------
/opt/airflow/dags/dag_market_eod.py                           1           0  0.39s           2026-09-30T08:10:33
================================================================================
[2026-09-30T08:11:30.896+0000] {manager.py:878} INFO - 
================================================================================
DAG File Processing Stats

File Path                            PID    Runtime      # DAGs    # Errors  Last Runtime    Last Run
-----------------------------------  -----  ---------  --------  ----------  --------------  -------------------
/opt/airflow/dags/dag_market_eod.py                           1           0  0.39s           2026-09-30T08:11:04
================================================================================
[2026-09-30T08:12:01.353+0000] {manager.py:878} INFO - 
================================================================================
DAG File Processing Stats

File Path                            PID    Runtime      # DAGs    # Errors  Last Runtime    Last Run
-----------------------------------  -----  ---------  --------  ----------  --------------  -------------------
/opt/airflow/dags/dag_market_eod.py                           1           0  0.39s           2026-09-30T08:11:34
================================================================================
[2026-09-30T08:12:31.840+0000] {manager.py:878} INFO - 
================================================================================
DAG File Processing Stats

File Path                            PID    Runtime      # DAGs    # Errors  Last Runtime    Last Run
-----------------------------------  -----  ---------  --------  ----------  --------------  -------------------
/opt/airflow/dags/dag_market_eod.py                           1           0  0.40s           2026-09-30T08:12:05
================================================================================
[2026-09-30T08:12:43.269+0000] {manager.py:737} INFO - Searching for files in /opt/airflow/dags
[2026-09-30T08:12:43.269+0000] {manager.py:740} INFO - There are 1 files in /opt/airflow/dags
[2026-09-30T08:13:02.326+0000] {manager.py:878} INFO - 
================================================================================
DAG File Processing Stats

File Path                            PID    Runtime      # DAGs    # Errors  Last Runtime    Last Run
-----------------------------------  -----  ---------  --------  ----------  --------------  -------------------
/opt/airflow/dags/dag_market_eod.py                           1           0  0.39s           2026-09-30T08:12:35
================================================================================
[2026-09-30T08:13:32.780+0000] {manager.py:878} INFO - 
================================================================================
DAG File Processing Stats

File Path                            PID    Runtime      # DAGs    # Errors  Last Runtime    Last Run
-----------------------------------  -----  ---------  --------  ----------  --------------  -------------------
/opt/airflow/dags/dag_market_eod.py                           1           0  0.41s           2026-09-30T08:13:06
================================================================================
[2026-09-30T08:14:03.269+0000] {manager.py:878} INFO - 
================================================================================
DAG File Processing Stats

File Path                            PID    Runtime      # DAGs    # Errors  Last Runtime    Last Run
-----------------------------------  -----  ---------  --------  ----------  --------------  -------------------
/opt/airflow/dags/dag_market_eod.py                           1           0  0.39s           2026-09-30T08:13:36
================================================================================
[2026-09-30T08:14:33.739+0000] {manager.py:878} INFO - 
================================================================================
DAG File Processing Stats

File Path                            PID    Runtime      # DAGs    # Errors  Last Runtime    Last Run
-----------------------------------  -----  ---------  --------  ----------  --------------  -------------------
/opt/airflow/dags/dag_market_eod.py                           1           0  0.39s           2026-09-30T08:14:07
================================================================================
[2026-09-30T08:15:04.210+0000] {manager.py:878} INFO - 
================================================================================
DAG File Processing Stats

File Path                            PID    Runtime      # DAGs    # Errors  Last Runtime    Last Run
-----------------------------------  -----  ---------  --------  ----------  --------------  -------------------
/opt/airflow/dags/dag_market_eod.py                           1           0  0.39s           2026-09-30T08:14:37
================================================================================
[2026-09-30T08:15:34.668+0000] {manager.py:878} INFO - 
================================================================================
DAG File Processing Stats

File Path                            PID    Runtime      # DAGs    # Errors  Last Runtime    Last Run
-----------------------------------  -----  ---------  --------  ----------  --------------  -------------------
/opt/airflow/dags/dag_market_eod.py                           1           0  0.40s           2026-09-30T08:15:07
================================================================================
[2026-09-30T08:16:05.134+0000] {manager.py:878} INFO - 
================================================================================
DAG File Processing Stats

File Path                            PID    Runtime      # DAGs    # Errors  Last Runtime    Last Run
-----------------------------------  -----  ---------  --------  ----------  --------------  -------------------
/opt/airflow/dags/dag_market_eod.py                           1           0  0.39s           2026-09-30T08:15:38
================================================================================
[2026-09-30T08:16:35.599+0000] {manager.py:878} INFO - 
================================================================================
DAG File Processing Stats

File Path                            PID    Runtime      # DAGs    # Errors  Last Runtime    Last Run
-----------------------------------  -----  ---------  --------  ----------  --------------  -------------------
/opt/airflow/dags/dag_market_eod.py                           1           0  0.38s           2026-09-30T08:16:08
================================================================================
[2026-09-30T08:17:06.058+0000] {manager.py:878} INFO - 
================================================================================
DAG File Processing Stats

File Path                            PID    Runtime      # DAGs    # Errors  Last Runtime    Last Run
-----------------------------------  -----  ---------  --------  ----------  --------------  -------------------
/opt/airflow/dags/dag_market_eod.py                           1           0  0.40s           2026-09-30T08:16:39
================================================================================
[2026-09-30T08:17:36.530+0000] {manager.py:878} INFO - 
================================================================================
DAG File Processing Stats

File Path                            PID    Runtime      # DAGs    # Errors  Last Runtime    Last Run
-----------------------------------  -----  ---------  --------  ----------  --------------  -------------------
/opt/airflow/dags/dag_market_eod.py                           1           0  0.39s           2026-09-30T08:17:09
================================================================================
[2026-09-30T08:17:43.313+0000] {manager.py:737} INFO - Searching for files in /opt/airflow/dags
[2026-09-30T08:17:43.314+0000] {manager.py:740} INFO - There are 1 files in /opt/airflow/dags
[2026-09-30T08:18:06.997+0000] {manager.py:878} INFO - 
================================================================================
DAG File Processing Stats

File Path                            PID    Runtime      # DAGs    # Errors  Last Runtime    Last Run
-----------------------------------  -----  ---------  --------  ----------  --------------  -------------------
/opt/airflow/dags/dag_market_eod.py                           1           0  0.38s           2026-09-30T08:17:40
================================================================================
[2026-09-30T08:18:37.460+0000] {manager.py:878} INFO - 
================================================================================
DAG File Processing Stats

File Path                            PID    Runtime      # DAGs    # Errors  Last Runtime    Last Run
-----------------------------------  -----  ---------  --------  ----------  --------------  -------------------
/opt/airflow/dags/dag_market_eod.py                           1           0  0.40s           2026-09-30T08:18:10
================================================================================
[2026-09-30T08:19:07.942+0000] {manager.py:878} INFO - 
================================================================================
DAG File Processing Stats

File Path                            PID    Runtime      # DAGs    # Errors  Last Runtime    Last Run
-----------------------------------  -----  ---------  --------  ----------  --------------  -------------------
/opt/airflow/dags/dag_market_eod.py                           1           0  0.40s           2026-09-30T08:18:41
================================================================================
[2026-09-30T08:19:38.411+0000] {manager.py:878} INFO - 
================================================================================
DAG File Processing Stats

File Path                            PID    Runtime      # DAGs    # Errors  Last Runtime    Last Run
-----------------------------------  -----  ---------  --------  ----------  --------------  -------------------
/opt/airflow/dags/dag_market_eod.py                           1           0  0.39s           2026-09-30T08:19:11
================================================================================
[2026-09-30T08:20:08.883+0000] {manager.py:878} INFO - 
================================================================================
DAG File Processing Stats

File Path                            PID    Runtime      # DAGs    # Errors  Last Runtime    Last Run
-----------------------------------  -----  ---------  --------  ----------  --------------  -------------------
/opt/airflow/dags/dag_market_eod.py                           1           0  0.40s           2026-09-30T08:19:42
================================================================================
[2026-09-30T08:20:39.356+0000] {manager.py:878} INFO - 
================================================================================
DAG File Processing Stats

File Path                            PID    Runtime      # DAGs    # Errors  Last Runtime    Last Run
-----------------------------------  -----  ---------  --------  ----------  --------------  -------------------
/opt/airflow/dags/dag_market_eod.py                           1           0  0.39s           2026-09-30T08:20:12
================================================================================
[2026-09-30T08:21:09.831+0000] {manager.py:878} INFO - 
================================================================================
DAG File Processing Stats

File Path                            PID    Runtime      # DAGs    # Errors  Last Runtime    Last Run
-----------------------------------  -----  ---------  --------  ----------  --------------  -------------------
/opt/airflow/dags/dag_market_eod.py                           1           0  0.40s           2026-09-30T08:20:43
================================================================================
[2026-09-30T08:21:40.289+0000] {manager.py:878} INFO - 
================================================================================
DAG File Processing Stats

File Path                            PID    Runtime      # DAGs    # Errors  Last Runtime    Last Run
-----------------------------------  -----  ---------  --------  ----------  --------------  -------------------
/opt/airflow/dags/dag_market_eod.py                           1           0  0.40s           2026-09-30T08:21:13
================================================================================
[2026-09-30T08:22:10.778+0000] {manager.py:878} INFO - 
================================================================================
DAG File Processing Stats

File Path                            PID    Runtime      # DAGs    # Errors  Last Runtime    Last Run
-----------------------------------  -----  ---------  --------  ----------  --------------  -------------------
/opt/airflow/dags/dag_market_eod.py                           1           0  0.40s           2026-09-30T08:21:44
================================================================================
[2026-09-30T08:22:41.265+0000] {manager.py:878} INFO - 
================================================================================
DAG File Processing Stats

File Path                            PID    Runtime      # DAGs    # Errors  Last Runtime    Last Run
-----------------------------------  -----  ---------  --------  ----------  --------------  -------------------
/opt/airflow/dags/dag_market_eod.py                           1           0  0.39s           2026-09-30T08:22:14
================================================================================
[2026-09-30T08:22:43.651+0000] {manager.py:737} INFO - Searching for files in /opt/airflow/dags
[2026-09-30T08:22:43.652+0000] {manager.py:740} INFO - There are 1 files in /opt/airflow/dags
[2026-09-30T08:23:11.729+0000] {manager.py:878} INFO - 
================================================================================
DAG File Processing Stats

File Path                            PID    Runtime      # DAGs    # Errors  Last Runtime    Last Run
-----------------------------------  -----  ---------  --------  ----------  --------------  -------------------
/opt/airflow/dags/dag_market_eod.py                           1           0  0.39s           2026-09-30T08:22:45
================================================================================
[2026-09-30T08:23:42.213+0000] {manager.py:878} INFO - 
================================================================================
DAG File Processing Stats

File Path                            PID    Runtime      # DAGs    # Errors  Last Runtime    Last Run
-----------------------------------  -----  ---------  --------  ----------  --------------  -------------------
/opt/airflow/dags/dag_market_eod.py                           1           0  0.39s           2026-09-30T08:23:15
================================================================================
[2026-09-30T08:24:12.673+0000] {manager.py:878} INFO - 
================================================================================
DAG File Processing Stats

File Path                            PID    Runtime      # DAGs    # Errors  Last Runtime    Last Run
-----------------------------------  -----  ---------  --------  ----------  --------------  -------------------
/opt/airflow/dags/dag_market_eod.py                           1           0  0.40s           2026-09-30T08:23:45
================================================================================
[2026-09-30T08:24:43.145+0000] {manager.py:878} INFO - 
================================================================================
DAG File Processing Stats

File Path                            PID    Runtime      # DAGs    # Errors  Last Runtime    Last Run
-----------------------------------  -----  ---------  --------  ----------  --------------  -------------------
/opt/airflow/dags/dag_market_eod.py                           1           0  0.39s           2026-09-30T08:24:16
================================================================================
[2026-09-30T08:25:13.611+0000] {manager.py:878} INFO - 
================================================================================
DAG File Processing Stats

File Path                            PID    Runtime      # DAGs    # Errors  Last Runtime    Last Run
-----------------------------------  -----  ---------  --------  ----------  --------------  -------------------
/opt/airflow/dags/dag_market_eod.py                           1           0  0.39s           2026-09-30T08:24:46
================================================================================
[2026-09-30T08:25:44.079+0000] {manager.py:878} INFO - 
================================================================================
DAG File Processing Stats

File Path                            PID    Runtime      # DAGs    # Errors  Last Runtime    Last Run
-----------------------------------  -----  ---------  --------  ----------  --------------  -------------------
/opt/airflow/dags/dag_market_eod.py                           1           0  0.39s           2026-09-30T08:25:17
================================================================================
[2026-09-30T08:26:14.547+0000] {manager.py:878} INFO - 
================================================================================
DAG File Processing Stats

File Path                            PID    Runtime      # DAGs    # Errors  Last Runtime    Last Run
-----------------------------------  -----  ---------  --------  ----------  --------------  -------------------
/opt/airflow/dags/dag_market_eod.py                           1           0  0.38s           2026-09-30T08:25:47
================================================================================
[2026-09-30T08:26:45.003+0000] {manager.py:878} INFO - 
================================================================================
DAG File Processing Stats

File Path                            PID    Runtime      # DAGs    # Errors  Last Runtime    Last Run
-----------------------------------  -----  ---------  --------  ----------  --------------  -------------------
/opt/airflow/dags/dag_market_eod.py                           1           0  0.40s           2026-09-30T08:26:18
================================================================================
[2026-09-30T08:27:15.487+0000] {manager.py:878} INFO - 
================================================================================
DAG File Processing Stats

File Path                            PID    Runtime      # DAGs    # Errors  Last Runtime    Last Run
-----------------------------------  -----  ---------  --------  ----------  --------------  -------------------
/opt/airflow/dags/dag_market_eod.py                           1           0  0.39s           2026-09-30T08:26:48
================================================================================
[2026-09-30T08:27:43.956+0000] {manager.py:737} INFO - Searching for files in /opt/airflow/dags
[2026-09-30T08:27:43.956+0000] {manager.py:740} INFO - There are 1 files in /opt/airflow/dags
[2026-09-30T08:27:45.965+0000] {manager.py:878} INFO - 
================================================================================
DAG File Processing Stats

File Path                            PID    Runtime      # DAGs    # Errors  Last Runtime    Last Run
-----------------------------------  -----  ---------  --------  ----------  --------------  -------------------
/opt/airflow/dags/dag_market_eod.py                           1           0  0.39s           2026-09-30T08:27:19
================================================================================
[2026-09-30T08:28:16.441+0000] {manager.py:878} INFO - 
================================================================================
DAG File Processing Stats

File Path                            PID    Runtime      # DAGs    # Errors  Last Runtime    Last Run
-----------------------------------  -----  ---------  --------  ----------  --------------  -------------------
/opt/airflow/dags/dag_market_eod.py                           1           0  0.39s           2026-09-30T08:27:49
================================================================================
[2026-09-30T08:28:46.902+0000] {manager.py:878} INFO - 
================================================================================
DAG File Processing Stats

File Path                            PID    Runtime      # DAGs    # Errors  Last Runtime    Last Run
-----------------------------------  -----  ---------  --------  ----------  --------------  -------------------
/opt/airflow/dags/dag_market_eod.py                           1           0  0.41s           2026-09-30T08:28:20
================================================================================
[2026-09-30T08:29:17.383+0000] {manager.py:878} INFO - 
================================================================================
DAG File Processing Stats

File Path                            PID    Runtime      # DAGs    # Errors  Last Runtime    Last Run
-----------------------------------  -----  ---------  --------  ----------  --------------  -------------------
/opt/airflow/dags/dag_market_eod.py                           1           0  0.39s           2026-09-30T08:28:50
================================================================================
[2026-09-30T08:29:47.852+0000] {manager.py:878} INFO - 
================================================================================
DAG File Processing Stats

File Path                            PID    Runtime      # DAGs    # Errors  Last Runtime    Last Run
-----------------------------------  -----  ---------  --------  ----------  --------------  -------------------
/opt/airflow/dags/dag_market_eod.py                           1           0  0.40s           2026-09-30T08:29:21
================================================================================
[2026-09-30T08:30:18.334+0000] {manager.py:878} INFO - 
================================================================================
DAG File Processing Stats

File Path                            PID    Runtime      # DAGs    # Errors  Last Runtime    Last Run
-----------------------------------  -----  ---------  --------  ----------  --------------  -------------------
/opt/airflow/dags/dag_market_eod.py                           1           0  0.41s           2026-09-30T08:29:51
================================================================================
[2026-09-30T08:30:48.827+0000] {manager.py:878} INFO - 
================================================================================
DAG File Processing Stats

File Path                            PID    Runtime      # DAGs    # Errors  Last Runtime    Last Run
-----------------------------------  -----  ---------  --------  ----------  --------------  -------------------
/opt/airflow/dags/dag_market_eod.py                           1           0  0.39s           2026-09-30T08:30:22
================================================================================
[2026-09-30T08:31:19.298+0000] {manager.py:878} INFO - 
================================================================================
DAG File Processing Stats

File Path                            PID    Runtime      # DAGs    # Errors  Last Runtime    Last Run
-----------------------------------  -----  ---------  --------  ----------  --------------  -------------------
/opt/airflow/dags/dag_market_eod.py                           1           0  0.41s           2026-09-30T08:30:52
================================================================================
[2026-09-30T08:31:49.778+0000] {manager.py:878} INFO - 
================================================================================
DAG File Processing Stats

File Path                            PID    Runtime      # DAGs    # Errors  Last Runtime    Last Run
-----------------------------------  -----  ---------  --------  ----------  --------------  -------------------
/opt/airflow/dags/dag_market_eod.py                           1           0  0.39s           2026-09-30T08:31:23
================================================================================
[2026-09-30T08:32:20.244+0000] {manager.py:878} INFO - 
================================================================================
DAG File Processing Stats

File Path                            PID    Runtime      # DAGs    # Errors  Last Runtime    Last Run
-----------------------------------  -----  ---------  --------  ----------  --------------  -------------------
/opt/airflow/dags/dag_market_eod.py                           1           0  0.40s           2026-09-30T08:31:53
================================================================================
[2026-09-30T08:32:44.090+0000] {manager.py:737} INFO - Searching for files in /opt/airflow/dags
[2026-09-30T08:32:44.091+0000] {manager.py:740} INFO - There are 1 files in /opt/airflow/dags
[2026-09-30T08:32:50.715+0000] {manager.py:878} INFO - 
================================================================================
DAG File Processing Stats

File Path                            PID    Runtime      # DAGs    # Errors  Last Runtime    Last Run
-----------------------------------  -----  ---------  --------  ----------  --------------  -------------------
/opt/airflow/dags/dag_market_eod.py                           1           0  0.39s           2026-09-30T08:32:24
================================================================================
[2026-09-30T08:33:21.196+0000] {manager.py:878} INFO - 
================================================================================
DAG File Processing Stats

File Path                            PID    Runtime      # DAGs    # Errors  Last Runtime    Last Run
-----------------------------------  -----  ---------  --------  ----------  --------------  -------------------
/opt/airflow/dags/dag_market_eod.py                           1           0  0.39s           2026-09-30T08:32:54
================================================================================
[2026-09-30T08:33:51.658+0000] {manager.py:878} INFO - 
================================================================================
DAG File Processing Stats

File Path                            PID    Runtime      # DAGs    # Errors  Last Runtime    Last Run
-----------------------------------  -----  ---------  --------  ----------  --------------  -------------------
/opt/airflow/dags/dag_market_eod.py                           1           0  0.41s           2026-09-30T08:33:24
================================================================================
[2026-09-30T08:34:22.150+0000] {manager.py:878} INFO - 
================================================================================
DAG File Processing Stats

File Path                            PID    Runtime      # DAGs    # Errors  Last Runtime    Last Run
-----------------------------------  -----  ---------  --------  ----------  --------------  -------------------
/opt/airflow/dags/dag_market_eod.py                           1           0  0.40s           2026-09-30T08:33:55
================================================================================
[2026-09-30T08:34:52.630+0000] {manager.py:878} INFO - 
================================================================================
DAG File Processing Stats

File Path                            PID    Runtime      # DAGs    # Errors  Last Runtime    Last Run
-----------------------------------  -----  ---------  --------  ----------  --------------  -------------------
/opt/airflow/dags/dag_market_eod.py                           1           0  0.40s           2026-09-30T08:34:25
================================================================================
[2026-09-30T08:35:23.099+0000] {manager.py:878} INFO - 
================================================================================
DAG File Processing Stats

File Path                            PID    Runtime      # DAGs    # Errors  Last Runtime    Last Run
-----------------------------------  -----  ---------  --------  ----------  --------------  -------------------
/opt/airflow/dags/dag_market_eod.py                           1           0  0.40s           2026-09-30T08:34:56
================================================================================
[2026-09-30T08:35:53.578+0000] {manager.py:878} INFO - 
================================================================================
DAG File Processing Stats

File Path                            PID    Runtime      # DAGs    # Errors  Last Runtime    Last Run
-----------------------------------  -----  ---------  --------  ----------  --------------  -------------------
/opt/airflow/dags/dag_market_eod.py                           1           0  0.39s           2026-09-30T08:35:26
================================================================================
[2026-09-30T08:36:24.039+0000] {manager.py:878} INFO - 
================================================================================
DAG File Processing Stats

File Path                            PID    Runtime      # DAGs    # Errors  Last Runtime    Last Run
-----------------------------------  -----  ---------  --------  ----------  --------------  -------------------
/opt/airflow/dags/dag_market_eod.py                           1           0  0.39s           2026-09-30T08:35:57
================================================================================
[2026-09-30T08:36:54.509+0000] {manager.py:878} INFO - 
================================================================================
DAG File Processing Stats

File Path                            PID    Runtime      # DAGs    # Errors  Last Runtime    Last Run
-----------------------------------  -----  ---------  --------  ----------  --------------  -------------------
/opt/airflow/dags/dag_market_eod.py                           1           0  0.40s           2026-09-30T08:36:27
================================================================================
[2026-09-30T08:37:24.984+0000] {manager.py:878} INFO - 
================================================================================
DAG File Processing Stats

File Path                            PID    Runtime      # DAGs    # Errors  Last Runtime    Last Run
-----------------------------------  -----  ---------  --------  ----------  --------------  -------------------
/opt/airflow/dags/dag_market_eod.py                           1           0  0.40s           2026-09-30T08:36:58
================================================================================
[2026-09-30T08:37:44.425+0000] {manager.py:737} INFO - Searching for files in /opt/airflow/dags
[2026-09-30T08:37:44.425+0000] {manager.py:740} INFO - There are 1 files in /opt/airflow/dags
[2026-09-30T08:37:55.459+0000] {manager.py:878} INFO - 
================================================================================
DAG File Processing Stats

File Path                            PID    Runtime      # DAGs    # Errors  Last Runtime    Last Run
-----------------------------------  -----  ---------  --------  ----------  --------------  -------------------
/opt/airflow/dags/dag_market_eod.py                           1           0  0.41s           2026-09-30T08:37:28
================================================================================
[2026-09-30T08:38:25.949+0000] {manager.py:878} INFO - 
================================================================================
DAG File Processing Stats

File Path                            PID    Runtime      # DAGs    # Errors  Last Runtime    Last Run
-----------------------------------  -----  ---------  --------  ----------  --------------  -------------------
/opt/airflow/dags/dag_market_eod.py                           1           0  0.38s           2026-09-30T08:37:59
================================================================================
[2026-09-30T08:38:56.423+0000] {manager.py:878} INFO - 
================================================================================
DAG File Processing Stats

File Path                            PID    Runtime      # DAGs    # Errors  Last Runtime    Last Run
-----------------------------------  -----  ---------  --------  ----------  --------------  -------------------
/opt/airflow/dags/dag_market_eod.py                           1           0  0.39s           2026-09-30T08:38:29
================================================================================
[2026-09-30T08:39:26.886+0000] {manager.py:878} INFO - 
================================================================================
DAG File Processing Stats

File Path                            PID    Runtime      # DAGs    # Errors  Last Runtime    Last Run
-----------------------------------  -----  ---------  --------  ----------  --------------  -------------------
/opt/airflow/dags/dag_market_eod.py                           1           0  0.39s           2026-09-30T08:39:00
================================================================================
[2026-09-30T08:39:57.357+0000] {manager.py:878} INFO - 
================================================================================
DAG File Processing Stats

File Path                            PID    Runtime      # DAGs    # Errors  Last Runtime    Last Run
-----------------------------------  -----  ---------  --------  ----------  --------------  -------------------
/opt/airflow/dags/dag_market_eod.py                           1           0  0.39s           2026-09-30T08:39:30
================================================================================
[2026-09-30T08:40:27.815+0000] {manager.py:878} INFO - 
================================================================================
DAG File Processing Stats

File Path                            PID    Runtime      # DAGs    # Errors  Last Runtime    Last Run
-----------------------------------  -----  ---------  --------  ----------  --------------  -------------------
/opt/airflow/dags/dag_market_eod.py                           1           0  0.39s           2026-09-30T08:40:01
================================================================================
[2026-09-30T08:40:58.295+0000] {manager.py:878} INFO - 
================================================================================
DAG File Processing Stats

File Path                            PID    Runtime      # DAGs    # Errors  Last Runtime    Last Run
-----------------------------------  -----  ---------  --------  ----------  --------------  -------------------
/opt/airflow/dags/dag_market_eod.py                           1           0  0.39s           2026-09-30T08:40:31
================================================================================
[2026-09-30T08:41:28.758+0000] {manager.py:878} INFO - 
================================================================================
DAG File Processing Stats

File Path                            PID    Runtime      # DAGs    # Errors  Last Runtime    Last Run
-----------------------------------  -----  ---------  --------  ----------  --------------  -------------------
/opt/airflow/dags/dag_market_eod.py                           1           0  0.40s           2026-09-30T08:41:02
================================================================================
[2026-09-30T08:41:59.242+0000] {manager.py:878} INFO - 
================================================================================
DAG File Processing Stats

File Path                            PID    Runtime      # DAGs    # Errors  Last Runtime    Last Run
-----------------------------------  -----  ---------  --------  ----------  --------------  -------------------
/opt/airflow/dags/dag_market_eod.py                           1           0  0.40s           2026-09-30T08:41:32
================================================================================
[2026-09-30T08:42:29.729+0000] {manager.py:878} INFO - 
================================================================================
DAG File Processing Stats

File Path                            PID    Runtime      # DAGs    # Errors  Last Runtime    Last Run
-----------------------------------  -----  ---------  --------  ----------  --------------  -------------------
/opt/airflow/dags/dag_market_eod.py                           1           0  0.39s           2026-09-30T08:42:03
================================================================================
[2026-09-30T08:42:44.543+0000] {manager.py:737} INFO - Searching for files in /opt/airflow/dags
[2026-09-30T08:42:44.544+0000] {manager.py:740} INFO - There are 1 files in /opt/airflow/dags
[2026-09-30T08:43:00.197+0000] {manager.py:878} INFO - 
================================================================================
DAG File Processing Stats

File Path                            PID    Runtime      # DAGs    # Errors  Last Runtime    Last Run
-----------------------------------  -----  ---------  --------  ----------  --------------  -------------------
/opt/airflow/dags/dag_market_eod.py                           1           0  0.39s           2026-09-30T08:42:33
================================================================================
[2026-09-30T08:43:30.680+0000] {manager.py:878} INFO - 
================================================================================
DAG File Processing Stats

File Path                            PID    Runtime      # DAGs    # Errors  Last Runtime    Last Run
-----------------------------------  -----  ---------  --------  ----------  --------------  -------------------
/opt/airflow/dags/dag_market_eod.py                           1           0  0.39s           2026-09-30T08:43:03
================================================================================
[2026-09-30T08:44:01.152+0000] {manager.py:878} INFO - 
================================================================================
DAG File Processing Stats

File Path                            PID    Runtime      # DAGs    # Errors  Last Runtime    Last Run
-----------------------------------  -----  ---------  --------  ----------  --------------  -------------------
/opt/airflow/dags/dag_market_eod.py                           1           0  0.39s           2026-09-30T08:43:34
================================================================================
[2026-09-30T08:44:31.623+0000] {manager.py:878} INFO - 
================================================================================
DAG File Processing Stats

File Path                            PID    Runtime      # DAGs    # Errors  Last Runtime    Last Run
-----------------------------------  -----  ---------  --------  ----------  --------------  -------------------
/opt/airflow/dags/dag_market_eod.py                           1           0  0.38s           2026-09-30T08:44:04
================================================================================
[2026-09-30T08:45:02.073+0000] {manager.py:878} INFO - 
================================================================================
DAG File Processing Stats

File Path                            PID    Runtime      # DAGs    # Errors  Last Runtime    Last Run
-----------------------------------  -----  ---------  --------  ----------  --------------  -------------------
/opt/airflow/dags/dag_market_eod.py                           1           0  0.42s           2026-09-30T08:44:35
================================================================================
[2026-09-30T08:45:32.554+0000] {manager.py:878} INFO - 
================================================================================
DAG File Processing Stats

File Path                            PID    Runtime      # DAGs    # Errors  Last Runtime    Last Run
-----------------------------------  -----  ---------  --------  ----------  --------------  -------------------
/opt/airflow/dags/dag_market_eod.py                           1           0  0.40s           2026-09-30T08:45:05
================================================================================
[2026-09-30T08:46:03.040+0000] {manager.py:878} INFO - 
================================================================================
DAG File Processing Stats

File Path                            PID    Runtime      # DAGs    # Errors  Last Runtime    Last Run
-----------------------------------  -----  ---------  --------  ----------  --------------  -------------------
/opt/airflow/dags/dag_market_eod.py                           1           0  0.39s           2026-09-30T08:45:36
================================================================================
[2026-09-30T08:46:33.503+0000] {manager.py:878} INFO - 
================================================================================
DAG File Processing Stats

File Path                            PID    Runtime      # DAGs    # Errors  Last Runtime    Last Run
-----------------------------------  -----  ---------  --------  ----------  --------------  -------------------
/opt/airflow/dags/dag_market_eod.py                           1           0  0.40s           2026-09-30T08:46:06
================================================================================
[2026-09-30T08:47:03.971+0000] {manager.py:878} INFO - 
================================================================================
DAG File Processing Stats

File Path                            PID    Runtime      # DAGs    # Errors  Last Runtime    Last Run
-----------------------------------  -----  ---------  --------  ----------  --------------  -------------------
/opt/airflow/dags/dag_market_eod.py                           1           0  0.41s           2026-09-30T08:46:37
================================================================================
[2026-09-30T08:47:34.457+0000] {manager.py:878} INFO - 
================================================================================
DAG File Processing Stats

File Path                            PID    Runtime      # DAGs    # Errors  Last Runtime    Last Run
-----------------------------------  -----  ---------  --------  ----------  --------------  -------------------
/opt/airflow/dags/dag_market_eod.py                           1           0  0.40s           2026-09-30T08:47:07
================================================================================
[2026-09-30T08:47:44.877+0000] {manager.py:737} INFO - Searching for files in /opt/airflow/dags
[2026-09-30T08:47:44.878+0000] {manager.py:740} INFO - There are 1 files in /opt/airflow/dags
[2026-09-30T08:48:04.936+0000] {manager.py:878} INFO - 
================================================================================
DAG File Processing Stats

File Path                            PID    Runtime      # DAGs    # Errors  Last Runtime    Last Run
-----------------------------------  -----  ---------  --------  ----------  --------------  -------------------
/opt/airflow/dags/dag_market_eod.py                           1           0  0.42s           2026-09-30T08:47:38
================================================================================
[2026-09-30T08:48:35.427+0000] {manager.py:878} INFO - 
================================================================================
DAG File Processing Stats

File Path                            PID    Runtime      # DAGs    # Errors  Last Runtime    Last Run
-----------------------------------  -----  ---------  --------  ----------  --------------  -------------------
/opt/airflow/dags/dag_market_eod.py                           1           0  0.38s           2026-09-30T08:48:08
================================================================================
[2026-09-30T08:49:05.888+0000] {manager.py:878} INFO - 
================================================================================
DAG File Processing Stats

File Path                            PID    Runtime      # DAGs    # Errors  Last Runtime    Last Run
-----------------------------------  -----  ---------  --------  ----------  --------------  -------------------
/opt/airflow/dags/dag_market_eod.py                           1           0  0.39s           2026-09-30T08:48:39
================================================================================
[2026-09-30T08:49:36.348+0000] {manager.py:878} INFO - 
================================================================================
DAG File Processing Stats

File Path                            PID    Runtime      # DAGs    # Errors  Last Runtime    Last Run
-----------------------------------  -----  ---------  --------  ----------  --------------  -------------------
/opt/airflow/dags/dag_market_eod.py                           1           0  0.38s           2026-09-30T08:49:09
================================================================================
[2026-09-30T08:50:06.804+0000] {manager.py:878} INFO - 
================================================================================
DAG File Processing Stats

File Path                            PID    Runtime      # DAGs    # Errors  Last Runtime    Last Run
-----------------------------------  -----  ---------  --------  ----------  --------------  -------------------
/opt/airflow/dags/dag_market_eod.py                           1           0  0.39s           2026-09-30T08:49:40
================================================================================
[2026-09-30T08:50:37.271+0000] {manager.py:878} INFO - 
================================================================================
DAG File Processing Stats

File Path                            PID    Runtime      # DAGs    # Errors  Last Runtime    Last Run
-----------------------------------  -----  ---------  --------  ----------  --------------  -------------------
/opt/airflow/dags/dag_market_eod.py                           1           0  0.40s           2026-09-30T08:50:10
================================================================================
[2026-09-30T08:51:07.757+0000] {manager.py:878} INFO - 
================================================================================
DAG File Processing Stats

File Path                            PID    Runtime      # DAGs    # Errors  Last Runtime    Last Run
-----------------------------------  -----  ---------  --------  ----------  --------------  -------------------
/opt/airflow/dags/dag_market_eod.py                           1           0  0.49s           2026-09-30T08:50:41
================================================================================
[2026-09-30T08:51:38.312+0000] {manager.py:878} INFO - 
================================================================================
DAG File Processing Stats

File Path                            PID    Runtime      # DAGs    # Errors  Last Runtime    Last Run
-----------------------------------  -----  ---------  --------  ----------  --------------  -------------------
/opt/airflow/dags/dag_market_eod.py                           1           0  0.41s           2026-09-30T08:51:11
================================================================================
[2026-09-30T08:52:08.808+0000] {manager.py:878} INFO - 
================================================================================
DAG File Processing Stats

File Path                            PID    Runtime      # DAGs    # Errors  Last Runtime    Last Run
-----------------------------------  -----  ---------  --------  ----------  --------------  -------------------
/opt/airflow/dags/dag_market_eod.py                           1           0  0.40s           2026-09-30T08:51:42
================================================================================
[2026-09-30T08:52:39.287+0000] {manager.py:878} INFO - 
================================================================================
DAG File Processing Stats

File Path                            PID    Runtime      # DAGs    # Errors  Last Runtime    Last Run
-----------------------------------  -----  ---------  --------  ----------  --------------  -------------------
/opt/airflow/dags/dag_market_eod.py                           1           0  0.39s           2026-09-30T08:52:12
================================================================================
[2026-09-30T08:52:45.077+0000] {manager.py:737} INFO - Searching for files in /opt/airflow/dags
[2026-09-30T08:52:45.078+0000] {manager.py:740} INFO - There are 1 files in /opt/airflow/dags
[2026-09-30T08:53:09.757+0000] {manager.py:878} INFO - 
================================================================================
DAG File Processing Stats

File Path                            PID    Runtime      # DAGs    # Errors  Last Runtime    Last Run
-----------------------------------  -----  ---------  --------  ----------  --------------  -------------------
/opt/airflow/dags/dag_market_eod.py                           1           0  0.39s           2026-09-30T08:52:43
================================================================================
[2026-09-30T08:53:40.224+0000] {manager.py:878} INFO - 
================================================================================
DAG File Processing Stats

File Path                            PID    Runtime      # DAGs    # Errors  Last Runtime    Last Run
-----------------------------------  -----  ---------  --------  ----------  --------------  -------------------
/opt/airflow/dags/dag_market_eod.py                           1           0  0.40s           2026-09-30T08:53:13
================================================================================
[2026-09-30T08:54:10.716+0000] {manager.py:878} INFO - 
================================================================================
DAG File Processing Stats

File Path                            PID    Runtime      # DAGs    # Errors  Last Runtime    Last Run
-----------------------------------  -----  ---------  --------  ----------  --------------  -------------------
/opt/airflow/dags/dag_market_eod.py                           1           0  0.43s           2026-09-30T08:53:44
================================================================================
[2026-09-30T08:54:41.224+0000] {manager.py:878} INFO - 
================================================================================
DAG File Processing Stats

File Path                            PID    Runtime      # DAGs    # Errors  Last Runtime    Last Run
-----------------------------------  -----  ---------  --------  ----------  --------------  -------------------
/opt/airflow/dags/dag_market_eod.py                           1           0  0.41s           2026-09-30T08:54:14
================================================================================
[2026-09-30T08:55:11.713+0000] {manager.py:878} INFO - 
================================================================================
DAG File Processing Stats

File Path                            PID    Runtime      # DAGs    # Errors  Last Runtime    Last Run
-----------------------------------  -----  ---------  --------  ----------  --------------  -------------------
/opt/airflow/dags/dag_market_eod.py                           1           0  0.40s           2026-09-30T08:54:45
================================================================================
[2026-09-30T08:55:42.193+0000] {manager.py:878} INFO - 
================================================================================
DAG File Processing Stats

File Path                            PID    Runtime      # DAGs    # Errors  Last Runtime    Last Run
-----------------------------------  -----  ---------  --------  ----------  --------------  -------------------
/opt/airflow/dags/dag_market_eod.py                           1           0  0.40s           2026-09-30T08:55:15
================================================================================
[2026-09-30T08:56:12.664+0000] {manager.py:878} INFO - 
================================================================================
DAG File Processing Stats

File Path                            PID    Runtime      # DAGs    # Errors  Last Runtime    Last Run
-----------------------------------  -----  ---------  --------  ----------  --------------  -------------------
/opt/airflow/dags/dag_market_eod.py                           1           0  0.40s           2026-09-30T08:55:45
================================================================================
[2026-09-30T08:56:43.152+0000] {manager.py:878} INFO - 
================================================================================
DAG File Processing Stats

File Path                            PID    Runtime      # DAGs    # Errors  Last Runtime    Last Run
-----------------------------------  -----  ---------  --------  ----------  --------------  -------------------
/opt/airflow/dags/dag_market_eod.py                           1           0  0.39s           2026-09-30T08:56:16
================================================================================
[2026-09-30T08:57:13.610+0000] {manager.py:878} INFO - 
================================================================================
DAG File Processing Stats

File Path                            PID    Runtime      # DAGs    # Errors  Last Runtime    Last Run
-----------------------------------  -----  ---------  --------  ----------  --------------  -------------------
/opt/airflow/dags/dag_market_eod.py                           1           0  0.40s           2026-09-30T08:56:46
================================================================================
[2026-09-30T08:57:44.098+0000] {manager.py:878} INFO - 
================================================================================
DAG File Processing Stats

File Path                            PID    Runtime      # DAGs    # Errors  Last Runtime    Last Run
-----------------------------------  -----  ---------  --------  ----------  --------------  -------------------
/opt/airflow/dags/dag_market_eod.py                           1           0  0.41s           2026-09-30T08:57:17
================================================================================
[2026-09-30T08:57:45.100+0000] {manager.py:737} INFO - Searching for files in /opt/airflow/dags
[2026-09-30T08:57:45.101+0000] {manager.py:740} INFO - There are 1 files in /opt/airflow/dags
[2026-09-30T08:58:14.581+0000] {manager.py:878} INFO - 
================================================================================
DAG File Processing Stats

File Path                            PID    Runtime      # DAGs    # Errors  Last Runtime    Last Run
-----------------------------------  -----  ---------  --------  ----------  --------------  -------------------
/opt/airflow/dags/dag_market_eod.py                           1           0  0.40s           2026-09-30T08:57:47
================================================================================
[2026-09-30T08:58:45.066+0000] {manager.py:878} INFO - 
================================================================================
DAG File Processing Stats

File Path                            PID    Runtime      # DAGs    # Errors  Last Runtime    Last Run
-----------------------------------  -----  ---------  --------  ----------  --------------  -------------------
/opt/airflow/dags/dag_market_eod.py                           1           0  0.39s           2026-09-30T08:58:18
================================================================================
[2026-09-30T08:59:15.538+0000] {manager.py:878} INFO - 
================================================================================
DAG File Processing Stats

File Path                            PID    Runtime      # DAGs    # Errors  Last Runtime    Last Run
-----------------------------------  -----  ---------  --------  ----------  --------------  -------------------
/opt/airflow/dags/dag_market_eod.py                           1           0  0.40s           2026-09-30T08:58:48
================================================================================
[2026-09-30T08:59:46.022+0000] {manager.py:878} INFO - 
================================================================================
DAG File Processing Stats

File Path                            PID    Runtime      # DAGs    # Errors  Last Runtime    Last Run
-----------------------------------  -----  ---------  --------  ----------  --------------  -------------------
/opt/airflow/dags/dag_market_eod.py                           1           0  0.39s           2026-09-30T08:59:19
================================================================================
[2026-09-30T09:00:16.490+0000] {manager.py:878} INFO - 
================================================================================
DAG File Processing Stats

File Path                            PID    Runtime      # DAGs    # Errors  Last Runtime    Last Run
-----------------------------------  -----  ---------  --------  ----------  --------------  -------------------
/opt/airflow/dags/dag_market_eod.py                           1           0  0.39s           2026-09-30T08:59:49
================================================================================
[2026-09-30T09:00:46.945+0000] {manager.py:878} INFO - 
================================================================================
DAG File Processing Stats

File Path                            PID    Runtime      # DAGs    # Errors  Last Runtime    Last Run
-----------------------------------  -----  ---------  --------  ----------  --------------  -------------------
/opt/airflow/dags/dag_market_eod.py                           1           0  0.39s           2026-09-30T09:00:20
================================================================================
[2026-09-30T09:01:17.420+0000] {manager.py:878} INFO - 
================================================================================
DAG File Processing Stats

File Path                            PID    Runtime      # DAGs    # Errors  Last Runtime    Last Run
-----------------------------------  -----  ---------  --------  ----------  --------------  -------------------
/opt/airflow/dags/dag_market_eod.py                           1           0  0.39s           2026-09-30T09:00:50
================================================================================
[2026-09-30T09:01:47.894+0000] {manager.py:878} INFO - 
================================================================================
DAG File Processing Stats

File Path                            PID    Runtime      # DAGs    # Errors  Last Runtime    Last Run
-----------------------------------  -----  ---------  --------  ----------  --------------  -------------------
/opt/airflow/dags/dag_market_eod.py                           1           0  0.41s           2026-09-30T09:01:21
================================================================================
[2026-09-30T09:02:18.389+0000] {manager.py:878} INFO - 
================================================================================
DAG File Processing Stats

File Path                            PID    Runtime      # DAGs    # Errors  Last Runtime    Last Run
-----------------------------------  -----  ---------  --------  ----------  --------------  -------------------
/opt/airflow/dags/dag_market_eod.py                           1           0  0.39s           2026-09-30T09:01:51
================================================================================
[2026-09-30T09:02:45.234+0000] {manager.py:737} INFO - Searching for files in /opt/airflow/dags
[2026-09-30T09:02:45.234+0000] {manager.py:740} INFO - There are 1 files in /opt/airflow/dags
[2026-09-30T09:02:48.843+0000] {manager.py:878} INFO - 
================================================================================
DAG File Processing Stats

File Path                            PID    Runtime      # DAGs    # Errors  Last Runtime    Last Run
-----------------------------------  -----  ---------  --------  ----------  --------------  -------------------
/opt/airflow/dags/dag_market_eod.py                           1           0  0.40s           2026-09-30T09:02:22
================================================================================
[2026-09-30T09:03:19.328+0000] {manager.py:878} INFO - 
================================================================================
DAG File Processing Stats

File Path                            PID    Runtime      # DAGs    # Errors  Last Runtime    Last Run
-----------------------------------  -----  ---------  --------  ----------  --------------  -------------------
/opt/airflow/dags/dag_market_eod.py                           1           0  0.38s           2026-09-30T09:02:52
================================================================================
[2026-09-30T09:03:49.802+0000] {manager.py:878} INFO - 
================================================================================
DAG File Processing Stats

File Path                            PID    Runtime      # DAGs    # Errors  Last Runtime    Last Run
-----------------------------------  -----  ---------  --------  ----------  --------------  -------------------
/opt/airflow/dags/dag_market_eod.py                           1           0  0.45s           2026-09-30T09:03:23
================================================================================
[2026-09-30T09:04:20.312+0000] {manager.py:878} INFO - 
================================================================================
DAG File Processing Stats

File Path                            PID    Runtime      # DAGs    # Errors  Last Runtime    Last Run
-----------------------------------  -----  ---------  --------  ----------  --------------  -------------------
/opt/airflow/dags/dag_market_eod.py                           1           0  0.39s           2026-09-30T09:03:53
================================================================================
[2026-09-30T09:04:50.777+0000] {manager.py:878} INFO - 
================================================================================
DAG File Processing Stats

File Path                            PID    Runtime      # DAGs    # Errors  Last Runtime    Last Run
-----------------------------------  -----  ---------  --------  ----------  --------------  -------------------
/opt/airflow/dags/dag_market_eod.py                           1           0  0.43s           2026-09-30T09:04:24
================================================================================
[2026-09-30T09:05:21.287+0000] {manager.py:878} INFO - 
================================================================================
DAG File Processing Stats

File Path                            PID    Runtime      # DAGs    # Errors  Last Runtime    Last Run
-----------------------------------  -----  ---------  --------  ----------  --------------  -------------------
/opt/airflow/dags/dag_market_eod.py                           1           0  0.41s           2026-09-30T09:04:54
================================================================================
[2026-09-30T09:05:51.773+0000] {manager.py:878} INFO - 
================================================================================
DAG File Processing Stats

File Path                            PID    Runtime      # DAGs    # Errors  Last Runtime    Last Run
-----------------------------------  -----  ---------  --------  ----------  --------------  -------------------
/opt/airflow/dags/dag_market_eod.py                           1           0  0.42s           2026-09-30T09:05:25
================================================================================
[2026-09-30T09:06:22.266+0000] {manager.py:878} INFO - 
================================================================================
DAG File Processing Stats

File Path                            PID    Runtime      # DAGs    # Errors  Last Runtime    Last Run
-----------------------------------  -----  ---------  --------  ----------  --------------  -------------------
/opt/airflow/dags/dag_market_eod.py                           1           0  0.39s           2026-09-30T09:05:55
================================================================================
[2026-09-30T09:06:52.732+0000] {manager.py:878} INFO - 
================================================================================
DAG File Processing Stats

File Path                            PID    Runtime      # DAGs    # Errors  Last Runtime    Last Run
-----------------------------------  -----  ---------  --------  ----------  --------------  -------------------
/opt/airflow/dags/dag_market_eod.py                           1           0  0.41s           2026-09-30T09:06:26
================================================================================
[2026-09-30T09:07:23.222+0000] {manager.py:878} INFO - 
================================================================================
DAG File Processing Stats

File Path                            PID    Runtime      # DAGs    # Errors  Last Runtime    Last Run
-----------------------------------  -----  ---------  --------  ----------  --------------  -------------------
/opt/airflow/dags/dag_market_eod.py                           1           0  0.40s           2026-09-30T09:06:56
================================================================================
[2026-09-30T09:07:45.676+0000] {manager.py:737} INFO - Searching for files in /opt/airflow/dags
[2026-09-30T09:07:45.676+0000] {manager.py:740} INFO - There are 1 files in /opt/airflow/dags
[2026-09-30T09:07:53.704+0000] {manager.py:878} INFO - 
================================================================================
DAG File Processing Stats

File Path                            PID    Runtime      # DAGs    # Errors  Last Runtime    Last Run
-----------------------------------  -----  ---------  --------  ----------  --------------  -------------------
/opt/airflow/dags/dag_market_eod.py                           1           0  0.40s           2026-09-30T09:07:27
================================================================================
[2026-09-30T09:08:24.178+0000] {manager.py:878} INFO - 
================================================================================
DAG File Processing Stats

File Path                            PID    Runtime      # DAGs    # Errors  Last Runtime    Last Run
-----------------------------------  -----  ---------  --------  ----------  --------------  -------------------
/opt/airflow/dags/dag_market_eod.py                           1           0  0.40s           2026-09-30T09:07:57
================================================================================
[2026-09-30T09:08:54.656+0000] {manager.py:878} INFO - 
================================================================================
DAG File Processing Stats

File Path                            PID    Runtime      # DAGs    # Errors  Last Runtime    Last Run
-----------------------------------  -----  ---------  --------  ----------  --------------  -------------------
/opt/airflow/dags/dag_market_eod.py                           1           0  0.40s           2026-09-30T09:08:27
================================================================================
[2026-09-30T09:09:25.134+0000] {manager.py:878} INFO - 
================================================================================
DAG File Processing Stats

File Path                            PID    Runtime      # DAGs    # Errors  Last Runtime    Last Run
-----------------------------------  -----  ---------  --------  ----------  --------------  -------------------
/opt/airflow/dags/dag_market_eod.py                           1           0  0.39s           2026-09-30T09:08:58
================================================================================
[2026-09-30T09:09:55.599+0000] {manager.py:878} INFO - 
================================================================================
DAG File Processing Stats

File Path                            PID    Runtime      # DAGs    # Errors  Last Runtime    Last Run
-----------------------------------  -----  ---------  --------  ----------  --------------  -------------------
/opt/airflow/dags/dag_market_eod.py                           1           0  0.40s           2026-09-30T09:09:28
================================================================================
[2026-09-30T09:10:26.067+0000] {manager.py:878} INFO - 
================================================================================
DAG File Processing Stats

File Path                            PID    Runtime      # DAGs    # Errors  Last Runtime    Last Run
-----------------------------------  -----  ---------  --------  ----------  --------------  -------------------
/opt/airflow/dags/dag_market_eod.py                           1           0  0.39s           2026-09-30T09:09:59
================================================================================
[2026-09-30T09:10:56.536+0000] {manager.py:878} INFO - 
================================================================================
DAG File Processing Stats

File Path                            PID    Runtime      # DAGs    # Errors  Last Runtime    Last Run
-----------------------------------  -----  ---------  --------  ----------  --------------  -------------------
/opt/airflow/dags/dag_market_eod.py                           1           0  0.38s           2026-09-30T09:10:29
================================================================================
[2026-09-30T09:11:26.994+0000] {manager.py:878} INFO - 
================================================================================
DAG File Processing Stats

File Path                            PID    Runtime      # DAGs    # Errors  Last Runtime    Last Run
-----------------------------------  -----  ---------  --------  ----------  --------------  -------------------
/opt/airflow/dags/dag_market_eod.py                           1           0  0.40s           2026-09-30T09:11:00
================================================================================
[2026-09-30T09:11:57.479+0000] {manager.py:878} INFO - 
================================================================================
DAG File Processing Stats

File Path                            PID    Runtime      # DAGs    # Errors  Last Runtime    Last Run
-----------------------------------  -----  ---------  --------  ----------  --------------  -------------------
/opt/airflow/dags/dag_market_eod.py                           1           0  0.39s           2026-09-30T09:11:30
================================================================================
[2026-09-30T09:12:27.947+0000] {manager.py:878} INFO - 
================================================================================
DAG File Processing Stats

File Path                            PID    Runtime      # DAGs    # Errors  Last Runtime    Last Run
-----------------------------------  -----  ---------  --------  ----------  --------------  -------------------
/opt/airflow/dags/dag_market_eod.py                           1           0  0.40s           2026-09-30T09:12:01
================================================================================
[2026-09-30T09:12:45.793+0000] {manager.py:737} INFO - Searching for files in /opt/airflow/dags
[2026-09-30T09:12:45.793+0000] {manager.py:740} INFO - There are 1 files in /opt/airflow/dags
[2026-09-30T09:12:58.421+0000] {manager.py:878} INFO - 
================================================================================
DAG File Processing Stats

File Path                            PID    Runtime      # DAGs    # Errors  Last Runtime    Last Run
-----------------------------------  -----  ---------  --------  ----------  --------------  -------------------
/opt/airflow/dags/dag_market_eod.py                           1           0  0.40s           2026-09-30T09:12:31
================================================================================
[2026-09-30T09:13:28.914+0000] {manager.py:878} INFO - 
================================================================================
DAG File Processing Stats

File Path                            PID    Runtime      # DAGs    # Errors  Last Runtime    Last Run
-----------------------------------  -----  ---------  --------  ----------  --------------  -------------------
/opt/airflow/dags/dag_market_eod.py                           1           0  0.44s           2026-09-30T09:13:02
================================================================================
[2026-09-30T09:13:59.439+0000] {manager.py:878} INFO - 
================================================================================
DAG File Processing Stats

File Path                            PID    Runtime      # DAGs    # Errors  Last Runtime    Last Run
-----------------------------------  -----  ---------  --------  ----------  --------------  -------------------
/opt/airflow/dags/dag_market_eod.py                           1           0  0.40s           2026-09-30T09:13:32
================================================================================
[2026-09-30T09:14:29.914+0000] {manager.py:878} INFO - 
================================================================================
DAG File Processing Stats

File Path                            PID    Runtime      # DAGs    # Errors  Last Runtime    Last Run
-----------------------------------  -----  ---------  --------  ----------  --------------  -------------------
/opt/airflow/dags/dag_market_eod.py                           1           0  0.40s           2026-09-30T09:14:03
================================================================================
[2026-09-30T09:15:00.390+0000] {manager.py:878} INFO - 
================================================================================
DAG File Processing Stats

File Path                            PID    Runtime      # DAGs    # Errors  Last Runtime    Last Run
-----------------------------------  -----  ---------  --------  ----------  --------------  -------------------
/opt/airflow/dags/dag_market_eod.py                           1           0  0.39s           2026-09-30T09:14:33
================================================================================
[2026-09-30T09:15:30.858+0000] {manager.py:878} INFO - 
================================================================================
DAG File Processing Stats

File Path                            PID    Runtime      # DAGs    # Errors  Last Runtime    Last Run
-----------------------------------  -----  ---------  --------  ----------  --------------  -------------------
/opt/airflow/dags/dag_market_eod.py                           1           0  0.39s           2026-09-30T09:15:04
================================================================================
[2026-09-30T09:16:01.318+0000] {manager.py:878} INFO - 
================================================================================
DAG File Processing Stats

File Path                            PID    Runtime      # DAGs    # Errors  Last Runtime    Last Run
-----------------------------------  -----  ---------  --------  ----------  --------------  -------------------
/opt/airflow/dags/dag_market_eod.py                           1           0  0.39s           2026-09-30T09:15:34
================================================================================
[2026-09-30T09:16:31.788+0000] {manager.py:878} INFO - 
================================================================================
DAG File Processing Stats

File Path                            PID    Runtime      # DAGs    # Errors  Last Runtime    Last Run
-----------------------------------  -----  ---------  --------  ----------  --------------  -------------------
/opt/airflow/dags/dag_market_eod.py                           1           0  0.42s           2026-09-30T09:16:05
================================================================================
[2026-09-30T09:17:02.293+0000] {manager.py:878} INFO - 
================================================================================
DAG File Processing Stats

File Path                            PID    Runtime      # DAGs    # Errors  Last Runtime    Last Run
-----------------------------------  -----  ---------  --------  ----------  --------------  -------------------
/opt/airflow/dags/dag_market_eod.py                           1           0  0.40s           2026-09-30T09:16:35
================================================================================
[2026-09-30T09:17:32.767+0000] {manager.py:878} INFO - 
================================================================================
DAG File Processing Stats

File Path                            PID    Runtime      # DAGs    # Errors  Last Runtime    Last Run
-----------------------------------  -----  ---------  --------  ----------  --------------  -------------------
/opt/airflow/dags/dag_market_eod.py                           1           0  0.39s           2026-09-30T09:17:06
================================================================================
[2026-09-30T09:17:46.185+0000] {manager.py:737} INFO - Searching for files in /opt/airflow/dags
[2026-09-30T09:17:46.185+0000] {manager.py:740} INFO - There are 1 files in /opt/airflow/dags
[2026-09-30T09:18:03.234+0000] {manager.py:878} INFO - 
================================================================================
DAG File Processing Stats

File Path                            PID    Runtime      # DAGs    # Errors  Last Runtime    Last Run
-----------------------------------  -----  ---------  --------  ----------  --------------  -------------------
/opt/airflow/dags/dag_market_eod.py                           1           0  0.40s           2026-09-30T09:17:36
================================================================================
[2026-09-30T09:18:33.701+0000] {manager.py:878} INFO - 
================================================================================
DAG File Processing Stats

File Path                            PID    Runtime      # DAGs    # Errors  Last Runtime    Last Run
-----------------------------------  -----  ---------  --------  ----------  --------------  -------------------
/opt/airflow/dags/dag_market_eod.py                           1           0  0.43s           2026-09-30T09:18:07
================================================================================
[2026-09-30T09:19:04.213+0000] {manager.py:878} INFO - 
================================================================================
DAG File Processing Stats

File Path                            PID    Runtime      # DAGs    # Errors  Last Runtime    Last Run
-----------------------------------  -----  ---------  --------  ----------  --------------  -------------------
/opt/airflow/dags/dag_market_eod.py                           1           0  0.39s           2026-09-30T09:18:37
================================================================================
[2026-09-30T09:19:34.674+0000] {manager.py:878} INFO - 
================================================================================
DAG File Processing Stats

File Path                            PID    Runtime      # DAGs    # Errors  Last Runtime    Last Run
-----------------------------------  -----  ---------  --------  ----------  --------------  -------------------
/opt/airflow/dags/dag_market_eod.py                           1           0  0.39s           2026-09-30T09:19:07
================================================================================
[2026-09-30T09:20:05.142+0000] {manager.py:878} INFO - 
================================================================================
DAG File Processing Stats

File Path                            PID    Runtime      # DAGs    # Errors  Last Runtime    Last Run
-----------------------------------  -----  ---------  --------  ----------  --------------  -------------------
/opt/airflow/dags/dag_market_eod.py                           1           0  0.42s           2026-09-30T09:19:38
================================================================================
[2026-09-30T09:20:35.627+0000] {manager.py:878} INFO - 
================================================================================
DAG File Processing Stats

File Path                            PID    Runtime      # DAGs    # Errors  Last Runtime    Last Run
-----------------------------------  -----  ---------  --------  ----------  --------------  -------------------
/opt/airflow/dags/dag_market_eod.py                           1           0  0.39s           2026-09-30T09:20:08
================================================================================
[2026-09-30T09:21:06.096+0000] {manager.py:878} INFO - 
================================================================================
DAG File Processing Stats

File Path                            PID    Runtime      # DAGs    # Errors  Last Runtime    Last Run
-----------------------------------  -----  ---------  --------  ----------  --------------  -------------------
/opt/airflow/dags/dag_market_eod.py                           1           0  0.39s           2026-09-30T09:20:39
================================================================================
[2026-09-30T09:21:36.546+0000] {manager.py:878} INFO - 
================================================================================
DAG File Processing Stats

File Path                            PID    Runtime      # DAGs    # Errors  Last Runtime    Last Run
-----------------------------------  -----  ---------  --------  ----------  --------------  -------------------
/opt/airflow/dags/dag_market_eod.py                           1           0  0.38s           2026-09-30T09:21:09
================================================================================
[2026-09-30T09:22:07.009+0000] {manager.py:878} INFO - 
================================================================================
DAG File Processing Stats

File Path                            PID    Runtime      # DAGs    # Errors  Last Runtime    Last Run
-----------------------------------  -----  ---------  --------  ----------  --------------  -------------------
/opt/airflow/dags/dag_market_eod.py                           1           0  0.39s           2026-09-30T09:21:40
================================================================================
[2026-09-30T09:22:37.471+0000] {manager.py:878} INFO - 
================================================================================
DAG File Processing Stats

File Path                            PID    Runtime      # DAGs    # Errors  Last Runtime    Last Run
-----------------------------------  -----  ---------  --------  ----------  --------------  -------------------
/opt/airflow/dags/dag_market_eod.py                           1           0  0.38s           2026-09-30T09:22:10
================================================================================
[2026-09-30T09:22:46.270+0000] {manager.py:737} INFO - Searching for files in /opt/airflow/dags
[2026-09-30T09:22:46.271+0000] {manager.py:740} INFO - There are 1 files in /opt/airflow/dags
[2026-09-30T09:23:07.931+0000] {manager.py:878} INFO - 
================================================================================
DAG File Processing Stats

File Path                            PID    Runtime      # DAGs    # Errors  Last Runtime    Last Run
-----------------------------------  -----  ---------  --------  ----------  --------------  -------------------
/opt/airflow/dags/dag_market_eod.py                           1           0  0.40s           2026-09-30T09:22:41
================================================================================
[2026-09-30T09:23:38.409+0000] {manager.py:878} INFO - 
================================================================================
DAG File Processing Stats

File Path                            PID    Runtime      # DAGs    # Errors  Last Runtime    Last Run
-----------------------------------  -----  ---------  --------  ----------  --------------  -------------------
/opt/airflow/dags/dag_market_eod.py                           1           0  0.38s           2026-09-30T09:23:11
================================================================================
[2026-09-30T09:24:08.864+0000] {manager.py:878} INFO - 
================================================================================
DAG File Processing Stats

File Path                            PID    Runtime      # DAGs    # Errors  Last Runtime    Last Run
-----------------------------------  -----  ---------  --------  ----------  --------------  -------------------
/opt/airflow/dags/dag_market_eod.py                           1           0  0.40s           2026-09-30T09:23:42
================================================================================
[2026-09-30T09:24:39.352+0000] {manager.py:878} INFO - 
================================================================================
DAG File Processing Stats

File Path                            PID    Runtime      # DAGs    # Errors  Last Runtime    Last Run
-----------------------------------  -----  ---------  --------  ----------  --------------  -------------------
/opt/airflow/dags/dag_market_eod.py                           1           0  0.39s           2026-09-30T09:24:12
================================================================================
[2026-09-30T09:25:09.822+0000] {manager.py:878} INFO - 
================================================================================
DAG File Processing Stats

File Path                            PID    Runtime      # DAGs    # Errors  Last Runtime    Last Run
-----------------------------------  -----  ---------  --------  ----------  --------------  -------------------
/opt/airflow/dags/dag_market_eod.py                           1           0  0.40s           2026-09-30T09:24:43
================================================================================
[2026-09-30T09:25:40.299+0000] {manager.py:878} INFO - 
================================================================================
DAG File Processing Stats

File Path                            PID    Runtime      # DAGs    # Errors  Last Runtime    Last Run
-----------------------------------  -----  ---------  --------  ----------  --------------  -------------------
/opt/airflow/dags/dag_market_eod.py                           1           0  0.41s           2026-09-30T09:25:13
================================================================================
[2026-09-30T09:26:10.778+0000] {manager.py:878} INFO - 
================================================================================
DAG File Processing Stats

File Path                            PID    Runtime      # DAGs    # Errors  Last Runtime    Last Run
-----------------------------------  -----  ---------  --------  ----------  --------------  -------------------
/opt/airflow/dags/dag_market_eod.py                           1           0  0.37s           2026-09-30T09:25:44
================================================================================
[2026-09-30T09:26:41.227+0000] {manager.py:878} INFO - 
================================================================================
DAG File Processing Stats

File Path                            PID    Runtime      # DAGs    # Errors  Last Runtime    Last Run
-----------------------------------  -----  ---------  --------  ----------  --------------  -------------------
/opt/airflow/dags/dag_market_eod.py                           1           0  0.40s           2026-09-30T09:26:14
================================================================================
[2026-09-30T09:27:11.711+0000] {manager.py:878} INFO - 
================================================================================
DAG File Processing Stats

File Path                            PID    Runtime      # DAGs    # Errors  Last Runtime    Last Run
-----------------------------------  -----  ---------  --------  ----------  --------------  -------------------
/opt/airflow/dags/dag_market_eod.py                           1           0  0.39s           2026-09-30T09:26:45
================================================================================
[2026-09-30T09:27:42.171+0000] {manager.py:878} INFO - 
================================================================================
DAG File Processing Stats

File Path                            PID    Runtime      # DAGs    # Errors  Last Runtime    Last Run
-----------------------------------  -----  ---------  --------  ----------  --------------  -------------------
/opt/airflow/dags/dag_market_eod.py                           1           0  0.40s           2026-09-30T09:27:15
================================================================================
[2026-09-30T09:27:46.579+0000] {manager.py:737} INFO - Searching for files in /opt/airflow/dags
[2026-09-30T09:27:46.580+0000] {manager.py:740} INFO - There are 1 files in /opt/airflow/dags
[2026-09-30T09:28:12.650+0000] {manager.py:878} INFO - 
================================================================================
DAG File Processing Stats

File Path                            PID    Runtime      # DAGs    # Errors  Last Runtime    Last Run
-----------------------------------  -----  ---------  --------  ----------  --------------  -------------------
/opt/airflow/dags/dag_market_eod.py                           1           0  0.39s           2026-09-30T09:27:45
================================================================================
[2026-09-30T09:28:43.116+0000] {manager.py:878} INFO - 
================================================================================
DAG File Processing Stats

File Path                            PID    Runtime      # DAGs    # Errors  Last Runtime    Last Run
-----------------------------------  -----  ---------  --------  ----------  --------------  -------------------
/opt/airflow/dags/dag_market_eod.py                           1           0  0.40s           2026-09-30T09:28:16
================================================================================
[2026-09-30T09:29:13.583+0000] {manager.py:878} INFO - 
================================================================================
DAG File Processing Stats

File Path                            PID    Runtime      # DAGs    # Errors  Last Runtime    Last Run
-----------------------------------  -----  ---------  --------  ----------  --------------  -------------------
/opt/airflow/dags/dag_market_eod.py                           1           0  0.40s           2026-09-30T09:28:46
================================================================================
[2026-09-30T09:29:44.063+0000] {manager.py:878} INFO - 
================================================================================
DAG File Processing Stats

File Path                            PID    Runtime      # DAGs    # Errors  Last Runtime    Last Run
-----------------------------------  -----  ---------  --------  ----------  --------------  -------------------
/opt/airflow/dags/dag_market_eod.py                           1           0  0.40s           2026-09-30T09:29:17
================================================================================
[2026-09-30T09:30:14.545+0000] {manager.py:878} INFO - 
================================================================================
DAG File Processing Stats

File Path                            PID    Runtime      # DAGs    # Errors  Last Runtime    Last Run
-----------------------------------  -----  ---------  --------  ----------  --------------  -------------------
/opt/airflow/dags/dag_market_eod.py                           1           0  0.40s           2026-09-30T09:29:47
================================================================================
[2026-09-30T09:30:45.019+0000] {manager.py:878} INFO - 
================================================================================
DAG File Processing Stats

File Path                            PID    Runtime      # DAGs    # Errors  Last Runtime    Last Run
-----------------------------------  -----  ---------  --------  ----------  --------------  -------------------
/opt/airflow/dags/dag_market_eod.py                           1           0  0.40s           2026-09-30T09:30:18
================================================================================
[2026-09-30T09:31:15.489+0000] {manager.py:878} INFO - 
================================================================================
DAG File Processing Stats

File Path                            PID    Runtime      # DAGs    # Errors  Last Runtime    Last Run
-----------------------------------  -----  ---------  --------  ----------  --------------  -------------------
/opt/airflow/dags/dag_market_eod.py                           1           0  0.40s           2026-09-30T09:30:48
================================================================================
[2026-09-30T09:31:45.958+0000] {manager.py:878} INFO - 
================================================================================
DAG File Processing Stats

File Path                            PID    Runtime      # DAGs    # Errors  Last Runtime    Last Run
-----------------------------------  -----  ---------  --------  ----------  --------------  -------------------
/opt/airflow/dags/dag_market_eod.py                           1           0  0.39s           2026-09-30T09:31:19
================================================================================
[2026-09-30T09:32:16.438+0000] {manager.py:878} INFO - 
================================================================================
DAG File Processing Stats

File Path                            PID    Runtime      # DAGs    # Errors  Last Runtime    Last Run
-----------------------------------  -----  ---------  --------  ----------  --------------  -------------------
/opt/airflow/dags/dag_market_eod.py                           1           0  0.40s           2026-09-30T09:31:49
================================================================================
[2026-09-30T09:32:46.903+0000] {manager.py:737} INFO - Searching for files in /opt/airflow/dags
[2026-09-30T09:32:46.904+0000] {manager.py:740} INFO - There are 1 files in /opt/airflow/dags
[2026-09-30T09:32:46.908+0000] {manager.py:878} INFO - 
================================================================================
DAG File Processing Stats

File Path                            PID    Runtime      # DAGs    # Errors  Last Runtime    Last Run
-----------------------------------  -----  ---------  --------  ----------  --------------  -------------------
/opt/airflow/dags/dag_market_eod.py                           1           0  0.39s           2026-09-30T09:32:20
================================================================================
[2026-09-30T09:33:17.381+0000] {manager.py:878} INFO - 
================================================================================
DAG File Processing Stats

File Path                            PID    Runtime      # DAGs    # Errors  Last Runtime    Last Run
-----------------------------------  -----  ---------  --------  ----------  --------------  -------------------
/opt/airflow/dags/dag_market_eod.py                           1           0  0.40s           2026-09-30T09:32:50
================================================================================
[2026-09-30T09:33:47.857+0000] {manager.py:878} INFO - 
================================================================================
DAG File Processing Stats

File Path                            PID    Runtime      # DAGs    # Errors  Last Runtime    Last Run
-----------------------------------  -----  ---------  --------  ----------  --------------  -------------------
/opt/airflow/dags/dag_market_eod.py                           1           0  0.40s           2026-09-30T09:33:21
================================================================================
[2026-09-30T09:34:18.325+0000] {manager.py:878} INFO - 
================================================================================
DAG File Processing Stats

File Path                            PID    Runtime      # DAGs    # Errors  Last Runtime    Last Run
-----------------------------------  -----  ---------  --------  ----------  --------------  -------------------
/opt/airflow/dags/dag_market_eod.py                           1           0  0.39s           2026-09-30T09:33:51
================================================================================
[2026-09-30T09:34:48.802+0000] {manager.py:878} INFO - 
================================================================================
DAG File Processing Stats

File Path                            PID    Runtime      # DAGs    # Errors  Last Runtime    Last Run
-----------------------------------  -----  ---------  --------  ----------  --------------  -------------------
/opt/airflow/dags/dag_market_eod.py                           1           0  0.40s           2026-09-30T09:34:22
================================================================================
